image_path,true_label,pred_label,prob_0,prob_1,prob_2,prob_3,prob_4,prob_5,prob_6
data/raf_db/test/0/test_0349_aligned.jpg,0,0,0.980985,0.01423,0.000578,0.004064,8.4e-05,5.3e-05,7e-06
data/raf_db/test/0/test_1691_aligned.jpg,0,0,0.999469,2.1e-05,0.000413,4.5e-05,2.8e-05,1.1e-05,1.3e-05
data/raf_db/test/0/test_1803_aligned.jpg,0,0,0.999354,0.000536,2.6e-05,1e-05,2.2e-05,1.9e-05,3.3e-05
data/raf_db/test/0/test_1911_aligned.jpg,0,0,0.861038,0.135151,7.1e-05,5.9e-05,0.000398,6.2e-05,0.003221
data/raf_db/test/0/test_1783_aligned.jpg,0,0,0.965596,3.9e-05,0.034171,8.3e-05,2.8e-05,6e-05,2.3e-05
data/raf_db/test/0/test_2228_aligned.jpg,0,0,0.999458,2.1e-05,0.000385,2.7e-05,6e-06,9.3e-05,1e-05
data/raf_db/test/0/test_1200_aligned.jpg,0,4,0.028305,0.00694,0.00234,0.000147,0.962019,0.000242,6e-06
data/raf_db/test/0/test_1838_aligned.jpg,0,0,0.998897,3e-05,0.001002,2.1e-05,9e-06,3.8e-05,4e-06
data/raf_db/test/0/test_1684_aligned.jpg,0,0,0.500016,0.007648,0.057524,0.024571,0.00886,0.399298,0.002083
data/raf_db/test/0/test_0793_aligned.jpg,0,0,0.999818,8.7e-05,2.3e-05,2.2e-05,1.3e-05,2.7e-05,1.1e-05
data/raf_db/test/0/test_1040_aligned.jpg,0,0,0.999735,2.4e-05,7.3e-05,2.9e-05,0.000109,1.6e-05,1.4e-05
data/raf_db/test/0/test_1946_aligned.jpg,0,0,0.999396,0.000469,7.7e-05,7e-06,3.3e-05,1.1e-05,7e-06
data/raf_db/test/0/test_1863_aligned.jpg,0,0,0.725221,0.004181,0.002237,0.003665,0.001235,0.001178,0.262283
data/raf_db/test/0/test_1115_aligned.jpg,0,0,0.999452,5.2e-05,0.000311,5e-06,1.2e-05,0.000161,7e-06
data/raf_db/test/0/test_1445_aligned.jpg,0,0,0.998479,2.2e-05,0.001264,1.8e-05,1e-05,0.000201,6e-06
data/raf_db/test/0/test_1901_aligned.jpg,0,0,0.999803,5.7e-05,6.8e-05,1.7e-05,1.6e-05,1.9e-05,1.9e-05
data/raf_db/test/0/test_1007_aligned.jpg,0,0,0.993469,0.000451,9.6e-05,1.4e-05,2.6e-05,0.005734,0.000211
data/raf_db/test/0/test_1681_aligned.jpg,0,0,0.995941,2.3e-05,0.000127,0.003773,1.1e-05,4.9e-05,7.6e-05
data/raf_db/test/0/test_1059_aligned.jpg,0,0,0.999791,7.4e-05,3.3e-05,1.9e-05,6e-06,6.4e-05,1.2e-05
data/raf_db/test/0/test_1496_aligned.jpg,0,0,0.998922,0.000243,0.000278,6e-06,3.2e-05,0.000515,5e-06
data/raf_db/test/0/test_1281_aligned.jpg,0,0,0.999685,0.000185,3.2e-05,4.3e-05,4e-06,4.3e-05,8e-06
data/raf_db/test/0/test_0215_aligned.jpg,0,0,0.999667,8.5e-05,5.2e-05,1.6e-05,0.00014,7e-06,3.2e-05
data/raf_db/test/0/test_1127_aligned.jpg,0,1,0.003555,0.994422,4.5e-05,5.3e-05,0.001892,6e-06,2.7e-05
data/raf_db/test/0/test_1330_aligned.jpg,0,0,0.589494,0.000888,0.000153,0.001143,0.002848,7.8e-05,0.405396
data/raf_db/test/0/test_1109_aligned.jpg,0,0,0.993638,5.4e-05,7.8e-05,0.00615,1.9e-05,5e-05,1.2e-05
data/raf_db/test/0/test_2056_aligned.jpg,0,6,0.000432,0.004734,1.4e-05,1.3e-05,0.004655,4.6e-05,0.990105
data/raf_db/test/0/test_0017_aligned.jpg,0,0,0.999615,0.00019,6.2e-05,5.9e-05,9e-06,1.1e-05,5.3e-05
data/raf_db/test/0/test_1294_aligned.jpg,0,0,0.999564,0.00027,3.6e-05,6e-06,7.9e-05,3.5e-05,1e-05
data/raf_db/test/0/test_1739_aligned.jpg,0,0,0.999793,3.4e-05,8.5e-05,1.5e-05,1.8e-05,3.7e-05,2e-05
data/raf_db/test/0/test_1132_aligned.jpg,0,0,0.999484,0.00021,0.00025,6e-06,6e-06,3.9e-05,5e-06
data/raf_db/test/0/test_1462_aligned.jpg,0,0,0.999662,0.000166,1.7e-05,9.2e-05,8e-06,2e-05,3.6e-05
data/raf_db/test/0/test_1050_aligned.jpg,0,0,0.848623,0.001007,0.001169,0.001725,3.8e-05,0.147411,2.7e-05
data/raf_db/test/0/test_0953_aligned.jpg,0,0,0.997769,0.000766,0.001036,0.000246,0.000176,4e-06,3e-06
data/raf_db/test/0/test_1858_aligned.jpg,0,1,0.123187,0.856695,0.000495,7e-06,0.003255,0.003387,0.012973
data/raf_db/test/0/test_2099_aligned.jpg,0,0,0.951965,0.047133,0.0004,2.8e-05,1.9e-05,0.000386,7e-05
data/raf_db/test/0/test_1828_aligned.jpg,0,0,0.999572,0.000285,3.2e-05,1.6e-05,1.6e-05,4.9e-05,3e-05
data/raf_db/test/0/test_1914_aligned.jpg,0,0,0.525463,0.006021,0.00014,0.41346,2.1e-05,0.005777,0.049118
data/raf_db/test/0/test_1669_aligned.jpg,0,0,0.999442,0.00019,0.000117,3e-06,0.000138,2.8e-05,8.1e-05
data/raf_db/test/0/test_1420_aligned.jpg,0,3,0.065127,0.168265,0.000118,0.71469,0.051212,5.6e-05,0.000532
data/raf_db/test/0/test_1964_aligned.jpg,0,0,0.999671,0.000102,4.9e-05,6e-06,1.4e-05,0.000145,1.2e-05
data/raf_db/test/0/test_0983_aligned.jpg,0,1,0.033362,0.874931,0.000614,4.6e-05,0.09094,3.8e-05,6.8e-05
data/raf_db/test/0/test_1061_aligned.jpg,0,0,0.999392,8.8e-05,3.8e-05,0.000426,5e-06,4.3e-05,8e-06
data/raf_db/test/0/test_1785_aligned.jpg,0,0,0.980516,3.6e-05,0.019267,0.000109,3.5e-05,2.5e-05,1.2e-05
data/raf_db/test/0/test_0603_aligned.jpg,0,0,0.999707,0.00017,2e-05,5.6e-05,6e-06,2.4e-05,1.6e-05
data/raf_db/test/0/test_1805_aligned.jpg,0,0,0.999691,3.2e-05,0.000218,2e-05,7e-06,2.4e-05,7e-06
data/raf_db/test/0/test_1939_aligned.jpg,0,0,0.999638,2e-05,0.000159,5.9e-05,4.7e-05,9e-06,6.9e-05
data/raf_db/test/0/test_1756_aligned.jpg,0,0,0.999366,0.000137,9.2e-05,0.000194,1e-05,1.2e-05,0.000189
data/raf_db/test/0/test_1314_aligned.jpg,0,0,0.735872,0.251393,0.000167,0.012292,0.000181,4.6e-05,4.8e-05
data/raf_db/test/0/test_1385_aligned.jpg,0,0,0.996393,0.003463,4.7e-05,2.2e-05,1.1e-05,4.2e-05,2.2e-05
data/raf_db/test/0/test_0870_aligned.jpg,0,0,0.999142,4.7e-05,0.000173,0.000608,1e-05,1.2e-05,7e-06
data/raf_db/test/0/test_1192_aligned.jpg,0,0,0.964055,0.03202,5.2e-05,6.9e-05,2.5e-05,0.003623,0.000156
data/raf_db/test/0/test_1234_aligned.jpg,0,0,0.999791,9.1e-05,5.9e-05,7e-06,2.3e-05,2.1e-05,9e-06
data/raf_db/test/0/test_0551_aligned.jpg,0,0,0.999708,5.2e-05,3.5e-05,3.7e-05,4e-06,0.00014,2.3e-05
data/raf_db/test/0/test_1404_aligned.jpg,0,0,0.999658,0.00023,4.6e-05,6e-06,8e-06,3.6e-05,1.5e-05
data/raf_db/test/0/test_0216_aligned.jpg,0,0,0.999716,5.5e-05,0.000127,6e-06,2.3e-05,6.7e-05,7e-06
data/raf_db/test/0/test_1371_aligned.jpg,0,0,0.998857,0.000945,5.4e-05,7e-06,8.6e-05,3.8e-05,1.2e-05
data/raf_db/test/0/test_1301_aligned.jpg,0,0,0.998099,2.3e-05,0.001789,1.5e-05,4.6e-05,2.2e-05,5e-06
data/raf_db/test/0/test_0395_aligned.jpg,0,0,0.999076,6e-05,0.000108,0.000245,0.000193,0.00031,8e-06
data/raf_db/test/0/test_1263_aligned.jpg,0,0,0.941455,0.053696,7.6e-05,0.004283,0.000352,1e-05,0.000128
data/raf_db/test/0/test_1471_aligned.jpg,0,0,0.999651,8.4e-05,0.000159,7e-06,9e-06,8.2e-05,8e-06
data/raf_db/test/0/test_1513_aligned.jpg,0,0,0.999199,1.7e-05,0.00026,0.000476,7e-06,3.2e-05,8e-06
data/raf_db/test/0/test_0301_aligned.jpg,0,0,0.99848,0.000206,0.00052,0.00022,0.000565,3e-06,6e-06
data/raf_db/test/0/test_2109_aligned.jpg,0,0,0.9268,0.000156,0.000573,3.6e-05,6.9e-05,0.071597,0.000769
data/raf_db/test/0/test_1879_aligned.jpg,0,0,0.99681,1.9e-05,0.000852,0.000246,0.002035,1.8e-05,2e-05
data/raf_db/test/0/test_1336_aligned.jpg,0,0,0.977165,0.000208,0.01815,0.003536,0.000612,1.9e-05,0.00031
data/raf_db/test/0/test_0902_aligned.jpg,0,0,0.950572,0.046957,0.000142,1.9e-05,0.002165,2.6e-05,0.000119
data/raf_db/test/0/test_1815_aligned.jpg,0,0,0.936481,0.005697,0.000123,0.053078,7e-06,0.004553,6.1e-05
data/raf_db/test/0/test_1768_aligned.jpg,0,0,0.998362,0.001262,0.000126,0.000206,3.1e-05,1e-05,3e-06
data/raf_db/test/0/test_1746_aligned.jpg,0,0,0.999429,0.000361,3.3e-05,9e-06,0.000108,4.7e-05,1.4e-05
data/raf_db/test/0/test_2062_aligned.jpg,0,0,0.999622,0.00017,2.8e-05,0.000149,1.1e-05,1.2e-05,7e-06
data/raf_db/test/0/test_2170_aligned.jpg,0,0,0.999121,0.000628,4.2e-05,2.3e-05,0.00017,6e-06,1e-05
data/raf_db/test/0/test_0244_aligned.jpg,0,0,0.792759,0.003077,0.000181,0.199975,0.00264,0.000918,0.00045
data/raf_db/test/0/test_1534_aligned.jpg,0,0,0.99886,0.000939,6e-05,3e-06,2.9e-05,6.6e-05,4.3e-05
data/raf_db/test/0/test_0986_aligned.jpg,0,0,0.999702,0.000114,7.8e-05,5.6e-05,3.5e-05,8e-06,8e-06
data/raf_db/test/0/test_0228_aligned.jpg,0,0,0.999447,0.000457,2e-05,2.5e-05,1e-05,1.8e-05,2.4e-05
data/raf_db/test/0/test_1289_aligned.jpg,0,0,0.999629,0.0002,4e-05,2.1e-05,7.4e-05,1.9e-05,1.7e-05
data/raf_db/test/0/test_0136_aligned.jpg,0,0,0.999488,3.9e-05,0.000188,8e-06,5e-06,0.000246,2.5e-05
data/raf_db/test/0/test_1013_aligned.jpg,0,0,0.935744,0.063953,5.4e-05,4.2e-05,4.6e-05,0.000102,6e-05
data/raf_db/test/0/test_0321_aligned.jpg,0,0,0.999597,0.000167,1.9e-05,3.4e-05,6e-06,8e-05,9.8e-05
data/raf_db/test/0/test_0424_aligned.jpg,0,0,0.999674,7.9e-05,0.000173,9e-06,6e-06,5.6e-05,4e-06
data/raf_db/test/0/test_2057_aligned.jpg,0,0,0.99849,0.0011,3.7e-05,5e-06,0.000223,3e-05,0.000116
data/raf_db/test/0/test_1190_aligned.jpg,0,1,0.001072,0.994862,5e-06,2.2e-05,0.000694,0.000491,0.002854
data/raf_db/test/0/test_1689_aligned.jpg,0,0,0.96652,0.032185,0.000365,1.6e-05,0.000832,7.4e-05,8e-06
data/raf_db/test/0/test_1957_aligned.jpg,0,0,0.99639,2.3e-05,0.000337,0.003172,1.4e-05,5.5e-05,8e-06
data/raf_db/test/0/test_1413_aligned.jpg,0,0,0.374836,0.358413,0.001135,2.3e-05,0.004377,0.03141,0.229805
data/raf_db/test/0/test_0201_aligned.jpg,0,0,0.99973,0.000115,9.6e-05,8e-06,1.1e-05,3.4e-05,6e-06
data/raf_db/test/0/test_0656_aligned.jpg,0,0,0.985205,0.011819,2.8e-05,7.9e-05,1.5e-05,0.000326,0.002526
data/raf_db/test/0/test_0678_aligned.jpg,0,0,0.999585,0.0001,0.000227,4e-06,5.8e-05,1.7e-05,8e-06
data/raf_db/test/0/test_1178_aligned.jpg,0,0,0.999332,0.000453,1.7e-05,0.000102,1.5e-05,7.6e-05,5e-06
data/raf_db/test/0/test_0358_aligned.jpg,0,0,0.999459,5e-05,6.7e-05,0.000393,9e-06,1.5e-05,7e-06
data/raf_db/test/0/test_1585_aligned.jpg,0,0,0.999104,8e-05,0.000554,0.000219,2.3e-05,1.7e-05,3e-06
data/raf_db/test/0/test_1623_aligned.jpg,0,0,0.986132,2.3e-05,0.013525,4.4e-05,2.7e-05,0.000193,5.6e-05
data/raf_db/test/0/test_1373_aligned.jpg,0,0,0.998353,0.001491,2e-05,8.3e-05,1.3e-05,1.7e-05,2.3e-05
data/raf_db/test/0/test_2000_aligned.jpg,0,0,0.996115,0.001103,0.000143,3.1e-05,4e-06,0.002589,1.5e-05
data/raf_db/test/0/test_1058_aligned.jpg,0,1,0.00124,0.998546,2.3e-05,2e-05,9.9e-05,2.2e-05,5e-05
data/raf_db/test/0/test_1741_aligned.jpg,0,0,0.990695,0.000662,0.000819,0.007663,0.000132,2.6e-05,3e-06
data/raf_db/test/0/test_1886_aligned.jpg,0,0,0.996159,0.000135,7.4e-05,0.000111,1e-05,0.003291,0.00022
data/raf_db/test/0/test_0585_aligned.jpg,0,6,0.001217,0.039043,0.000424,0.000129,0.009913,0.00047,0.948804
data/raf_db/test/0/test_0820_aligned.jpg,0,0,0.998914,0.000981,3.5e-05,1e-05,2.6e-05,2.4e-05,1e-05
data/raf_db/test/0/test_1626_aligned.jpg,0,0,0.999543,4.6e-05,5.1e-05,0.000299,8e-06,4.5e-05,7e-06
data/raf_db/test/0/test_1839_aligned.jpg,0,0,0.99973,3.6e-05,0.000101,7.4e-05,3e-06,5e-05,5e-06
data/raf_db/test/0/test_2075_aligned.jpg,0,0,0.999671,4.3e-05,0.000162,7.1e-05,4.1e-05,4e-06,9e-06
data/raf_db/test/0/test_1867_aligned.jpg,0,0,0.998994,0.000624,3e-05,9e-06,1.1e-05,0.0003,3.2e-05
data/raf_db/test/0/test_0185_aligned.jpg,0,0,0.978265,0.014505,9.8e-05,0.000102,0.000105,0.006679,0.000246
data/raf_db/test/0/test_1685_aligned.jpg,0,0,0.999731,4.5e-05,0.000135,8e-06,7e-06,6.5e-05,9e-06
data/raf_db/test/0/test_1553_aligned.jpg,0,3,0.001998,0.000101,5.1e-05,0.997339,0.00048,1.6e-05,1.4e-05
data/raf_db/test/0/test_1782_aligned.jpg,0,0,0.999018,1.2e-05,0.000555,0.000326,6e-06,7.4e-05,9e-06
data/raf_db/test/0/test_0190_aligned.jpg,0,0,0.998868,0.001023,2.6e-05,1.7e-05,3e-05,2.7e-05,9e-06
data/raf_db/test/0/test_0909_aligned.jpg,0,0,0.99863,0.001161,0.000118,5e-06,2.4e-05,5.4e-05,8e-06
data/raf_db/test/0/test_2172_aligned.jpg,0,0,0.983201,0.00131,0.012753,0.000109,0.002437,0.00017,1.8e-05
data/raf_db/test/0/test_0295_aligned.jpg,0,6,0.060641,0.003307,0.00041,0.000535,0.000541,0.168182,0.766384
data/raf_db/test/0/test_1487_aligned.jpg,0,0,0.988724,0.001591,5.3e-05,0.00884,1e-05,0.00077,1.2e-05
data/raf_db/test/0/test_1751_aligned.jpg,0,0,0.999803,6.6e-05,5.3e-05,1.2e-05,7e-06,4.5e-05,1.4e-05
data/raf_db/test/0/test_1568_aligned.jpg,0,0,0.999785,8.5e-05,8.3e-05,8e-06,1.3e-05,1.8e-05,7e-06
data/raf_db/test/0/test_1643_aligned.jpg,0,0,0.993034,7.7e-05,0.006396,0.000312,4e-06,0.000171,4e-06
data/raf_db/test/0/test_0748_aligned.jpg,0,0,0.696796,0.008791,0.007679,6.4e-05,0.000648,0.285866,0.000155
data/raf_db/test/0/test_1830_aligned.jpg,0,0,0.999834,2.9e-05,3.8e-05,3.7e-05,1.3e-05,3e-05,1.9e-05
data/raf_db/test/0/test_1601_aligned.jpg,0,0,0.987613,0.009927,3.1e-05,6.7e-05,3e-05,5.2e-05,0.002281
data/raf_db/test/0/test_0779_aligned.jpg,0,0,0.99624,1.8e-05,0.000303,0.003326,4.2e-05,6.3e-05,7e-06
data/raf_db/test/0/test_0452_aligned.jpg,0,0,0.999767,0.000137,3.2e-05,1.6e-05,6e-06,2.9e-05,1.2e-05
data/raf_db/test/0/test_1602_aligned.jpg,0,1,0.359936,0.635373,0.000101,0.004065,7.4e-05,3.4e-05,0.000417
data/raf_db/test/0/test_1760_aligned.jpg,0,0,0.99402,9.8e-05,0.000209,0.003542,0.002106,9e-06,1.5e-05
data/raf_db/test/0/test_0296_aligned.jpg,0,0,0.99966,8.6e-05,3.2e-05,0.000143,4e-06,2.1e-05,5.3e-05
data/raf_db/test/0/test_2101_aligned.jpg,0,0,0.998279,0.000726,9e-05,0.000864,2.4e-05,8e-06,9e-06
data/raf_db/test/0/test_0327_aligned.jpg,0,0,0.999482,1.1e-05,0.000211,4.3e-05,0.000178,3e-05,4.6e-05
data/raf_db/test/0/test_1801_aligned.jpg,0,0,0.530358,4.9e-05,0.465084,0.004243,0.000106,9.8e-05,6.1e-05
data/raf_db/test/0/test_1427_aligned.jpg,0,1,0.007233,0.936713,0.00784,0.000723,0.000193,0.047285,1.4e-05
data/raf_db/test/0/test_0186_aligned.jpg,0,0,0.997602,2.6e-05,0.002285,4e-05,2.4e-05,1.1e-05,1.2e-05
data/raf_db/test/0/test_1976_aligned.jpg,0,0,0.999754,7.9e-05,5.1e-05,7e-06,1.5e-05,8.1e-05,1.3e-05
data/raf_db/test/0/test_2058_aligned.jpg,0,0,0.999804,2.6e-05,4.4e-05,3.2e-05,1.6e-05,6e-05,1.9e-05
data/raf_db/test/0/test_1625_aligned.jpg,0,5,0.179749,0.004069,0.001169,0.000181,1.7e-05,0.814787,2.8e-05
data/raf_db/test/0/test_0037_aligned.jpg,0,0,0.999798,3.7e-05,9.8e-05,1.5e-05,6e-06,3.4e-05,1.2e-05
data/raf_db/test/0/test_1217_aligned.jpg,0,0,0.534999,0.000676,0.000251,0.000165,0.000195,0.002504,0.46121
data/raf_db/test/0/test_1305_aligned.jpg,0,0,0.995728,0.003404,0.00071,6e-06,6e-06,0.000134,1.1e-05
data/raf_db/test/0/test_0853_aligned.jpg,0,0,0.929804,3.1e-05,0.038219,0.000611,1.7e-05,0.03129,2.9e-05
data/raf_db/test/0/test_1944_aligned.jpg,0,0,0.999254,0.000402,3.9e-05,0.000242,7e-06,2.7e-05,2.9e-05
data/raf_db/test/0/test_1649_aligned.jpg,0,0,0.999742,0.000131,5.5e-05,1e-05,1e-05,4.7e-05,4e-06
data/raf_db/test/0/test_1997_aligned.jpg,0,0,0.99236,9e-06,0.007229,0.000213,0.000128,3e-05,3e-05
data/raf_db/test/0/test_2073_aligned.jpg,0,0,0.984236,0.013177,6.6e-05,0.001021,0.000183,5.3e-05,0.001264
data/raf_db/test/0/test_1650_aligned.jpg,0,1,0.030492,0.850082,8.3e-05,0.000347,4.8e-05,0.000207,0.118742
data/raf_db/test/0/test_0042_aligned.jpg,0,0,0.998749,2e-05,3.9e-05,0.000991,0.000128,3.4e-05,3.9e-05
data/raf_db/test/0/test_0286_aligned.jpg,0,0,0.926777,0.000121,0.000171,0.072736,1.6e-05,0.000117,6.1e-05
data/raf_db/test/0/test_1620_aligned.jpg,0,0,0.999598,0.000183,2e-05,8.5e-05,4e-06,9.5e-05,1.5e-05
data/raf_db/test/0/test_0225_aligned.jpg,0,0,0.99801,0.000322,0.00065,0.000965,3.5e-05,1.7e-05,1e-06
data/raf_db/test/0/test_1437_aligned.jpg,0,1,0.109057,0.876651,0.000368,3.4e-05,0.000277,0.013562,5.1e-05
data/raf_db/test/0/test_0347_aligned.jpg,0,0,0.910678,0.000286,0.033787,0.001686,0.053482,7.4e-05,8e-06
data/raf_db/test/0/test_1683_aligned.jpg,0,0,0.99946,0.000122,8.9e-05,6e-06,3.2e-05,0.000286,5e-06
data/raf_db/test/0/test_0091_aligned.jpg,0,6,0.000357,0.218254,0.000141,0.000502,8.5e-05,8.8e-05,0.780573
data/raf_db/test/0/test_1791_aligned.jpg,0,0,0.9647,0.028526,0.004439,0.00022,0.001986,7.5e-05,5.3e-05
data/raf_db/test/0/test_1880_aligned.jpg,0,0,0.997708,0.001252,1.5e-05,0.000945,1.2e-05,3.8e-05,3e-05
data/raf_db/test/0/test_1539_aligned.jpg,0,0,0.999798,7.2e-05,5.2e-05,1.1e-05,9e-06,4.3e-05,1.4e-05
data/raf_db/test/0/test_1391_aligned.jpg,0,0,0.724492,0.000318,0.003113,0.188633,0.00024,0.083099,0.000105
data/raf_db/test/0/test_1309_aligned.jpg,0,0,0.977636,0.001148,0.009726,0.010447,3e-06,0.001029,1.1e-05
data/raf_db/test/0/test_1836_aligned.jpg,0,0,0.999714,3.7e-05,5.5e-05,5.4e-05,7e-06,0.000128,5e-06
data/raf_db/test/0/test_1572_aligned.jpg,0,0,0.99969,5.8e-05,9.6e-05,7e-06,5.7e-05,1.5e-05,7.7e-05
data/raf_db/test/0/test_2024_aligned.jpg,0,0,0.999756,0.00014,3.3e-05,2.5e-05,2.5e-05,8e-06,1.2e-05
data/raf_db/test/0/test_1868_aligned.jpg,0,0,0.999789,4e-05,6.4e-05,5.2e-05,4e-06,3.9e-05,1.1e-05
data/raf_db/test/0/test_1948_aligned.jpg,0,0,0.999722,8.3e-05,4.2e-05,1.6e-05,5e-06,8.3e-05,4.9e-05
data/raf_db/test/0/test_0057_aligned.jpg,0,0,0.886948,0.060682,0.005052,3.4e-05,3e-05,0.047188,6.6e-05
data/raf_db/test/0/test_2174_aligned.jpg,0,6,0.011863,6.6e-05,0.000404,0.000511,0.000141,0.000633,0.986382
data/raf_db/test/0/test_2016_aligned.jpg,0,0,0.999697,6.3e-05,0.000123,5e-06,1.1e-05,9.4e-05,8e-06
data/raf_db/test/0/test_0027_aligned.jpg,0,0,0.999781,6e-05,3.6e-05,6.5e-05,7e-06,4.5e-05,7e-06
data/raf_db/test/1/test_2326_aligned.jpg,1,4,1.2e-05,0.003086,1.4e-05,2.9e-05,0.992555,0.000189,0.004115
data/raf_db/test/1/test_2356_aligned.jpg,1,5,0.174831,0.000497,0.000747,0.002898,7e-05,0.808853,0.012104
data/raf_db/test/1/test_2308_aligned.jpg,1,1,0.000104,0.999208,2e-05,3.2e-05,1.4e-05,0.000106,0.000517
data/raf_db/test/1/test_0420_aligned.jpg,1,1,0.001263,0.993816,8.8e-05,6e-06,0.000984,0.000126,0.003718
data/raf_db/test/1/test_0914_aligned.jpg,1,1,0.000266,0.919602,0.000326,0.000125,0.035577,0.000338,0.043765
data/raf_db/test/1/test_2385_aligned.jpg,1,1,0.000117,0.997863,3e-05,1e-05,0.000125,2.1e-05,0.001834
data/raf_db/test/1/test_2378_aligned.jpg,1,6,0.001211,0.446291,0.000388,0.000271,0.002753,0.000179,0.548907
data/raf_db/test/1/test_2364_aligned.jpg,1,1,0.000151,0.869784,5.2e-05,0.000142,0.021458,9.7e-05,0.108315
data/raf_db/test/1/test_2314_aligned.jpg,1,1,6.4e-05,0.99955,2.9e-05,7e-06,0.000211,2.2e-05,0.000117
data/raf_db/test/1/test_1270_aligned.jpg,1,3,0.000346,0.000213,1e-06,0.99892,3.5e-05,3e-05,0.000455
data/raf_db/test/1/test_1039_aligned.jpg,1,1,0.004564,0.947659,0.000804,7.9e-05,0.019082,0.000195,0.027616
data/raf_db/test/1/test_1627_aligned.jpg,1,3,0.000318,0.027937,0.01065,0.83832,0.122721,3.7e-05,1.7e-05
data/raf_db/test/1/test_0281_aligned.jpg,1,1,0.00143,0.908995,0.000162,0.000365,0.001886,0.000339,0.086824
data/raf_db/test/1/test_2371_aligned.jpg,1,1,0.003491,0.99113,0.000294,6e-06,0.000672,0.003496,0.000911
data/raf_db/test/1/test_2213_aligned.jpg,1,6,0.000151,0.048195,1.6e-05,0.000593,7.2e-05,2.3e-05,0.95095
data/raf_db/test/1/test_1866_aligned.jpg,1,1,0.000884,0.829789,5e-05,3.3e-05,0.16819,3e-05,0.001023
data/raf_db/test/1/test_1110_aligned.jpg,1,1,8.6e-05,0.999291,3.6e-05,6e-06,0.000446,2e-05,0.000116
data/raf_db/test/1/test_0007_aligned.jpg,1,1,0.016195,0.983131,9.6e-05,5.7e-05,9e-06,0.00041,0.000103
data/raf_db/test/1/test_2154_aligned.jpg,1,0,0.992646,0.000209,0.006845,0.000165,0.000125,5e-06,6e-06
data/raf_db/test/1/test_2333_aligned.jpg,1,1,2e-05,0.998211,2.8e-05,0.000113,0.000293,6e-06,0.001329
data/raf_db/test/1/test_2343_aligned.jpg,1,1,0.000813,0.997283,9.6e-05,5e-06,0.000134,0.001315,0.000356
data/raf_db/test/1/test_2304_aligned.jpg,1,1,0.000309,0.999504,5.6e-05,8e-06,2.7e-05,5.8e-05,3.8e-05
data/raf_db/test/1/test_1813_aligned.jpg,1,1,0.000256,0.988884,0.000281,8.6e-05,7.1e-05,4.6e-05,0.010377
data/raf_db/test/1/test_2374_aligned.jpg,1,1,0.263495,0.731283,4.6e-05,0.000802,4.2e-05,0.000323,0.004009
data/raf_db/test/1/test_1035_aligned.jpg,1,0,0.992297,0.00012,0.007237,0.000286,1.3e-05,4.4e-05,2e-06
data/raf_db/test/1/test_2346_aligned.jpg,1,1,0.000109,0.746185,6.2e-05,0.236128,0.000111,5.5e-05,0.017349
data/raf_db/test/1/test_2336_aligned.jpg,1,1,0.00012,0.92658,0.000444,0.000111,0.000392,0.071132,0.001221
data/raf_db/test/1/test_2368_aligned.jpg,1,4,3.3e-05,0.010098,0.000869,6.7e-05,0.986058,0.002579,0.000297
data/raf_db/test/1/test_1990_aligned.jpg,1,4,1.4e-05,0.005682,3.6e-05,6.8e-05,0.983453,2.6e-05,0.01072
data/raf_db/test/1/test_2318_aligned.jpg,1,0,0.778325,0.199837,0.002442,0.009717,0.000624,0.008506,0.00055
data/raf_db/test/1/test_2380_aligned.jpg,1,6,0.000109,0.066396,0.000555,0.001171,0.019564,0.120474,0.79173
data/raf_db/test/1/test_1237_aligned.jpg,1,1,0.000289,0.95307,0.000485,0.000116,0.001568,0.000347,0.044124
data/raf_db/test/1/test_2353_aligned.jpg,1,1,0.000187,0.966289,9.7e-05,0.001129,0.001899,3.1e-05,0.030366
data/raf_db/test/1/test_2323_aligned.jpg,1,3,0.003334,0.080428,0.002182,0.761545,0.042085,0.000139,0.110287
data/raf_db/test/1/test_2311_aligned.jpg,1,1,0.001337,0.634962,0.001501,0.35452,0.000189,0.004815,0.002676
data/raf_db/test/1/test_2361_aligned.jpg,1,1,0.053466,0.931676,5.2e-05,1.4e-05,0.012862,0.000181,0.00175
data/raf_db/test/1/test_2312_aligned.jpg,1,1,8.4e-05,0.997726,4.1e-05,2.4e-05,0.002083,1.8e-05,2.4e-05
data/raf_db/test/1/test_2362_aligned.jpg,1,1,8.7e-05,0.719327,8.6e-05,0.083231,0.19553,2.4e-05,0.001715
data/raf_db/test/1/test_2350_aligned.jpg,1,4,0.000142,0.154093,9.1e-05,4.1e-05,0.84529,3.3e-05,0.000311
data/raf_db/test/1/test_1955_aligned.jpg,1,1,0.001081,0.997721,2e-05,2.4e-05,0.001109,2.9e-05,1.6e-05
data/raf_db/test/1/test_2320_aligned.jpg,1,1,4.5e-05,0.995434,1.2e-05,0.003066,2.1e-05,5.6e-05,0.001365
data/raf_db/test/1/test_2383_aligned.jpg,1,1,2.8e-05,0.957235,0.000109,7.7e-05,0.042159,2.5e-05,0.000368
data/raf_db/test/1/test_1993_aligned.jpg,1,1,3.3e-05,0.997321,2e-05,0.000376,1.6e-05,0.000112,0.002122
data/raf_db/test/1/test_1018_aligned.jpg,1,3,5.1e-05,0.007526,0.001024,0.866141,0.125107,9e-06,0.000141
data/raf_db/test/1/test_2345_aligned.jpg,1,1,3.7e-05,0.999626,1.4e-05,0.000104,0.000147,6e-06,6.6e-05
data/raf_db/test/1/test_1390_aligned.jpg,1,1,0.000111,0.999678,6.9e-05,2.5e-05,5e-05,5.4e-05,1.3e-05
data/raf_db/test/1/test_2335_aligned.jpg,1,1,3.7e-05,0.950439,5e-05,0.006405,0.038044,3.3e-05,0.004991
data/raf_db/test/1/test_1852_aligned.jpg,1,1,2.5e-05,0.997959,2.3e-05,2.5e-05,0.000163,2.2e-05,0.001784
data/raf_db/test/1/test_2329_aligned.jpg,1,1,0.00044,0.95002,4.1e-05,0.015106,1.9e-05,9.9e-05,0.034276
data/raf_db/test/1/test_0935_aligned.jpg,1,1,0.000989,0.92757,0.001083,1.6e-05,0.070192,0.000105,4.5e-05
data/raf_db/test/1/test_2359_aligned.jpg,1,2,3.6e-05,0.00477,0.978409,0.002746,0.004755,0.009274,9e-06
data/raf_db/test/1/test_2307_aligned.jpg,1,6,2.9e-05,0.000868,9e-06,0.000237,7.1e-05,0.000646,0.998139
data/raf_db/test/1/test_2377_aligned.jpg,1,1,6.6e-05,0.99974,1.8e-05,8.4e-05,2.1e-05,1.2e-05,5.9e-05
data/raf_db/test/1/test_0774_aligned.jpg,1,1,0.000227,0.99945,7.8e-05,4.6e-05,2.1e-05,0.000162,1.4e-05
data/raf_db/test/1/test_0263_aligned.jpg,1,0,0.946916,0.052319,0.0003,6e-06,0.000187,0.000241,3.2e-05
data/raf_db/test/1/test_0148_aligned.jpg,1,0,0.946821,0.012927,0.003477,0.011597,0.002102,0.002321,0.020756
data/raf_db/test/1/test_2330_aligned.jpg,1,3,2.4e-05,0.392028,0.00885,0.403255,0.195086,0.000436,0.00032
data/raf_db/test/1/test_1935_aligned.jpg,1,1,4.8e-05,0.999171,9.4e-05,9e-06,0.000552,6.7e-05,5.9e-05
data/raf_db/test/1/test_2340_aligned.jpg,1,1,9.2e-05,0.83752,0.002379,0.156243,0.003594,7.5e-05,9.7e-05
data/raf_db/test/1/test_1884_aligned.jpg,1,1,0.000629,0.89367,0.000327,7.5e-05,0.000257,0.000172,0.104871
data/raf_db/test/1/test_2372_aligned.jpg,1,1,0.0001,0.992336,2.1e-05,0.00179,0.005626,7e-06,0.000121
data/raf_db/test/1/test_0343_aligned.jpg,1,1,0.001755,0.94135,0.000344,0.000298,0.00067,0.006737,0.048846
data/raf_db/test/1/test_0018_aligned.jpg,1,1,0.000271,0.999572,1.9e-05,1.2e-05,6.6e-05,3.4e-05,2.7e-05
data/raf_db/test/1/test_1238_aligned.jpg,1,1,2.6e-05,0.999466,9e-06,0.000241,0.000136,1e-05,0.000113
data/raf_db/test/1/test_1304_aligned.jpg,1,1,4.9e-05,0.985862,0.005435,0.007715,9.2e-05,0.000684,0.000164
data/raf_db/test/1/test_1389_aligned.jpg,1,1,0.000172,0.987446,0.002596,0.009512,8.1e-05,0.00018,1.2e-05
data/raf_db/test/1/test_1624_aligned.jpg,1,1,7.8e-05,0.999731,3.6e-05,2.4e-05,9.8e-05,1e-05,2.3e-05
data/raf_db/test/1/test_0940_aligned.jpg,1,1,3.8e-05,0.999603,8.5e-05,3.6e-05,0.000129,3.6e-05,7.3e-05
data/raf_db/test/1/test_2349_aligned.jpg,1,1,0.000318,0.786012,0.001962,8.6e-05,0.211464,0.000114,4.4e-05
data/raf_db/test/1/test_2339_aligned.jpg,1,5,2e-05,0.000303,0.0001,0.000528,0.00021,0.998827,1.2e-05
data/raf_db/test/1/test_2367_aligned.jpg,1,1,0.000136,0.999697,1.3e-05,5.8e-05,2.3e-05,3.5e-05,3.9e-05
data/raf_db/test/1/test_1099_aligned.jpg,1,1,4.8e-05,0.699363,8.1e-05,0.000928,0.000736,3.2e-05,0.298812
data/raf_db/test/1/test_1912_aligned.jpg,1,0,0.73666,0.038484,0.138202,7.7e-05,0.000307,0.086116,0.000154
data/raf_db/test/1/test_2317_aligned.jpg,1,1,0.000219,0.999481,4e-05,2.5e-05,1.1e-05,5.7e-05,0.000167
data/raf_db/test/1/test_1891_aligned.jpg,1,1,0.00013,0.99946,0.000262,2.4e-05,6.5e-05,4.2e-05,1.6e-05
data/raf_db/test/1/test_0011_aligned.jpg,1,1,2e-05,0.999178,5.3e-05,0.000248,1.6e-05,0.000163,0.000322
data/raf_db/test/1/test_2386_aligned.jpg,1,4,4e-05,0.015296,4.9e-05,0.02457,0.959766,1.1e-05,0.000268
data/raf_db/test/1/test_2325_aligned.jpg,1,1,0.193984,0.650667,0.005182,2.5e-05,0.148617,0.001419,0.000106
data/raf_db/test/1/test_2355_aligned.jpg,1,4,0.000738,0.011709,7.5e-05,0.000169,0.986827,0.000469,1.2e-05
data/raf_db/test/1/test_0146_aligned.jpg,1,1,1.2e-05,0.930197,0.0001,0.000428,0.000815,8.7e-05,0.068361
data/raf_db/test/1/test_2360_aligned.jpg,1,1,0.093516,0.725687,0.151945,5.2e-05,0.000335,0.028425,4.1e-05
data/raf_db/test/1/test_2310_aligned.jpg,1,1,8.7e-05,0.998466,3.6e-05,3e-05,0.000556,0.000176,0.000649
data/raf_db/test/1/test_1533_aligned.jpg,1,6,0.000277,0.090469,0.000109,7.9e-05,0.122265,0.003838,0.782962
data/raf_db/test/1/test_2159_aligned.jpg,1,6,0.000576,0.05104,0.0001,3.1e-05,0.001689,8.7e-05,0.946476
data/raf_db/test/1/test_0960_aligned.jpg,1,3,0.000169,0.311153,0.003248,0.503041,0.181258,4.4e-05,0.001088
data/raf_db/test/1/test_2381_aligned.jpg,1,1,4.5e-05,0.996902,0.000827,0.00203,9.7e-05,8.6e-05,1.5e-05
data/raf_db/test/1/test_2322_aligned.jpg,1,1,0.000128,0.968513,9.3e-05,1.7e-05,0.000677,0.004178,0.026394
data/raf_db/test/1/test_2352_aligned.jpg,1,1,0.001573,0.997698,6.2e-05,4e-06,0.000331,0.000259,7.3e-05
data/raf_db/test/1/test_2337_aligned.jpg,1,3,3e-06,4.9e-05,1.7e-05,0.999875,3.9e-05,1.4e-05,3e-06
data/raf_db/test/1/test_0734_aligned.jpg,1,1,2.4e-05,0.9363,0.000352,0.052787,0.009971,7.4e-05,0.000492
data/raf_db/test/1/test_2347_aligned.jpg,1,1,9.1e-05,0.998792,3.9e-05,3.7e-05,1.7e-05,0.000614,0.000409
data/raf_db/test/1/test_1599_aligned.jpg,1,1,6.9e-05,0.999663,1.6e-05,3.7e-05,0.000174,7e-06,3.5e-05
data/raf_db/test/1/test_2319_aligned.jpg,1,1,0.007174,0.986385,0.000108,0.000634,1.3e-05,0.000148,0.005538
data/raf_db/test/1/test_0905_aligned.jpg,1,4,0.00128,0.013173,0.005675,0.062112,0.917729,1.6e-05,1.4e-05
data/raf_db/test/1/test_2369_aligned.jpg,1,1,1.9e-05,0.999235,1e-05,9.8e-05,8.3e-05,1.4e-05,0.00054
data/raf_db/test/1/test_1680_aligned.jpg,1,1,0.000569,0.999004,8e-06,6.8e-05,2.6e-05,1e-05,0.000315
data/raf_db/test/1/test_2375_aligned.jpg,1,1,0.000304,0.998821,2.1e-05,1.2e-05,0.000269,2.6e-05,0.000546
data/raf_db/test/1/test_1006_aligned.jpg,1,1,0.000716,0.875364,4.7e-05,1.7e-05,0.116374,0.000143,0.007339
data/raf_db/test/1/test_2388_aligned.jpg,1,1,3.3e-05,0.998873,2.6e-05,0.000811,2.6e-05,1e-05,0.000221
data/raf_db/test/1/test_2305_aligned.jpg,1,1,0.002499,0.99382,0.00049,3e-06,0.002709,0.000363,0.000116
data/raf_db/test/1/test_1653_aligned.jpg,1,1,0.026276,0.973469,8e-05,3.6e-05,7.7e-05,2.4e-05,3.8e-05
data/raf_db/test/1/test_0900_aligned.jpg,1,1,4.1e-05,0.999699,9e-06,6.1e-05,0.000103,8e-06,7.9e-05
data/raf_db/test/1/test_2037_aligned.jpg,1,1,0.241269,0.756184,0.000402,1.1e-05,0.00187,0.000132,0.000133
data/raf_db/test/1/test_1092_aligned.jpg,1,3,0.001,0.306662,0.103079,0.582668,0.001177,0.005393,2.1e-05
data/raf_db/test/1/test_2342_aligned.jpg,1,1,3.7e-05,0.998475,4.2e-05,0.00049,6.2e-05,0.000582,0.000311
data/raf_db/test/1/test_2332_aligned.jpg,1,1,1.9e-05,0.999473,1.8e-05,0.000108,3.3e-05,2e-05,0.000329
data/raf_db/test/1/test_1511_aligned.jpg,1,1,0.000242,0.9304,0.000259,2.5e-05,0.068874,2e-05,0.000179
data/raf_db/test/1/test_1041_aligned.jpg,1,4,0.003822,0.000276,5.9e-05,0.000524,0.989375,0.000896,0.005048
data/raf_db/test/1/test_0280_aligned.jpg,1,1,0.017678,0.977048,0.00031,5.5e-05,5e-05,0.004822,3.8e-05
data/raf_db/test/1/test_1988_aligned.jpg,1,4,0.000653,0.150915,0.001033,0.120152,0.727147,7.1e-05,2.9e-05
data/raf_db/test/1/test_2370_aligned.jpg,1,1,4.4e-05,0.981618,0.013916,3.7e-05,0.00316,0.000581,0.000644
data/raf_db/test/1/test_1003_aligned.jpg,1,1,0.009887,0.986163,0.002017,0.000554,0.000305,0.00053,0.000544
data/raf_db/test/1/test_2315_aligned.jpg,1,1,0.019193,0.978193,6.4e-05,4.4e-05,0.002449,2.7e-05,2.9e-05
data/raf_db/test/1/test_2365_aligned.jpg,1,1,0.031038,0.968111,5.1e-05,1.2e-05,0.000607,4e-05,0.000141
data/raf_db/test/1/test_1048_aligned.jpg,1,1,9.6e-05,0.999624,2.4e-05,7e-06,0.000154,1.8e-05,7.7e-05
data/raf_db/test/1/test_2357_aligned.jpg,1,6,2.8e-05,0.150258,6.6e-05,0.006273,0.000549,3.2e-05,0.842794
data/raf_db/test/1/test_2327_aligned.jpg,1,4,9.7e-05,0.001209,9.8e-05,0.017425,0.98114,5e-06,2.6e-05
data/raf_db/test/1/test_2379_aligned.jpg,1,1,7e-06,0.999219,2.2e-05,0.000261,0.000275,3.9e-05,0.000176
data/raf_db/test/1/test_1671_aligned.jpg,1,1,0.000795,0.99723,2e-05,3.9e-05,4.7e-05,2.9e-05,0.00184
data/raf_db/test/1/test_2384_aligned.jpg,1,1,0.025792,0.970445,0.003354,1.1e-05,0.000156,0.000224,1.9e-05
data/raf_db/test/1/test_1168_aligned.jpg,1,1,0.000192,0.999572,1.8e-05,9.1e-05,3.9e-05,1.7e-05,7e-05
data/raf_db/test/1/test_2309_aligned.jpg,1,4,0.000764,0.085283,0.000357,0.000118,0.610064,0.000762,0.302653
data/raf_db/test/1/test_2387_aligned.jpg,1,1,0.000228,0.835016,7.9e-05,0.001407,0.00034,0.000275,0.162655
data/raf_db/test/1/test_0172_aligned.jpg,1,1,2.5e-05,0.643747,0.001206,0.345511,0.009234,6.9e-05,0.000209
data/raf_db/test/1/test_0804_aligned.jpg,1,1,0.009009,0.587016,0.001129,7e-06,0.398719,0.002645,0.001474
data/raf_db/test/1/test_1027_aligned.jpg,1,1,3.1e-05,0.995913,0.002079,0.000429,0.001456,3.8e-05,5.3e-05
data/raf_db/test/1/test_2354_aligned.jpg,1,1,0.000185,0.985932,0.011644,1.8e-05,0.001785,0.000379,5.7e-05
data/raf_db/test/1/test_2324_aligned.jpg,1,3,6.9e-05,0.287915,0.000195,0.711085,0.000392,6.6e-05,0.000278
data/raf_db/test/1/test_2338_aligned.jpg,1,1,0.001426,0.688077,0.000527,0.060323,8.1e-05,0.249397,0.00017
data/raf_db/test/1/test_2348_aligned.jpg,1,4,0.000285,0.001598,0.045893,0.003936,0.947424,0.000841,2.3e-05
data/raf_db/test/1/test_2316_aligned.jpg,1,4,5.3e-05,8.1e-05,0.000927,0.000101,0.998813,2.3e-05,3e-06
data/raf_db/test/1/test_0357_aligned.jpg,1,1,0.020205,0.951288,0.026853,6e-06,0.001062,0.000485,0.000101
data/raf_db/test/1/test_2366_aligned.jpg,1,0,0.849941,0.149442,0.000194,0.0002,4.5e-05,0.000165,1.4e-05
data/raf_db/test/1/test_0081_aligned.jpg,1,1,0.001267,0.876935,0.000157,1e-05,0.006531,0.001679,0.113421
data/raf_db/test/1/test_1963_aligned.jpg,1,1,0.009175,0.990276,2.7e-05,6.7e-05,2e-05,0.000339,9.6e-05
data/raf_db/test/1/test_2373_aligned.jpg,1,1,5.3e-05,0.668775,0.000886,0.056363,0.110292,0.001847,0.161784
data/raf_db/test/1/test_0283_aligned.jpg,1,4,0.000163,0.007776,5.1e-05,0.000132,0.951827,0.00014,0.03991
data/raf_db/test/1/test_1958_aligned.jpg,1,1,7.2e-05,0.999626,2.5e-05,8e-06,0.000114,2.4e-05,0.000131
data/raf_db/test/1/test_2341_aligned.jpg,1,1,5e-05,0.994817,3.7e-05,5.3e-05,0.000208,1.7e-05,0.004818
data/raf_db/test/1/test_2331_aligned.jpg,1,1,0.000217,0.976352,8e-05,5.7e-05,6.1e-05,0.003419,0.019814
data/raf_db/test/1/test_0149_aligned.jpg,1,1,0.000153,0.9994,4.7e-05,0.000274,9e-06,8.5e-05,3.2e-05
data/raf_db/test/1/test_2034_aligned.jpg,1,6,2.4e-05,0.354993,0.000346,0.00208,0.001522,0.000157,0.640878
data/raf_db/test/1/test_2358_aligned.jpg,1,1,3.8e-05,0.998391,0.000364,9.4e-05,0.000735,0.000357,2e-05
data/raf_db/test/1/test_0639_aligned.jpg,1,1,3.9e-05,0.9977,3.5e-05,0.001801,1.3e-05,3.7e-05,0.000374
data/raf_db/test/1/test_2328_aligned.jpg,1,1,7.5e-05,0.993738,4.9e-05,1.8e-05,0.006021,1.4e-05,8.3e-05
data/raf_db/test/1/test_2214_aligned.jpg,1,1,8.7e-05,0.999706,3.4e-05,1e-05,8.8e-05,2.8e-05,4.6e-05
data/raf_db/test/1/test_1555_aligned.jpg,1,1,2e-05,0.99739,3.7e-05,0.000187,0.000763,4e-06,0.001598
data/raf_db/test/1/test_2376_aligned.jpg,1,1,0.000851,0.998733,0.000155,1.3e-05,2.9e-05,0.000205,1.4e-05
data/raf_db/test/1/test_2306_aligned.jpg,1,6,0.003477,0.006854,0.000503,6e-05,6.8e-05,0.114606,0.874432
data/raf_db/test/1/test_0432_aligned.jpg,1,3,1.5e-05,5.4e-05,2.3e-05,0.999848,5.5e-05,2e-06,3e-06
data/raf_db/test/1/test_2334_aligned.jpg,1,1,5.8e-05,0.914139,8.4e-05,0.084977,0.000636,4.1e-05,6.5e-05
data/raf_db/test/1/test_2344_aligned.jpg,1,4,0.000353,0.442121,0.013564,0.000106,0.543602,0.000129,0.000125
data/raf_db/test/1/test_0640_aligned.jpg,1,1,1.9e-05,0.995939,1.3e-05,0.000264,0.000148,1.7e-05,0.0036
data/raf_db/test/1/test_2321_aligned.jpg,1,1,0.000121,0.998739,3.9e-05,7e-06,0.000826,3e-05,0.000237
data/raf_db/test/1/test_2351_aligned.jpg,1,1,0.000821,0.882958,0.001361,0.00313,4.5e-05,0.083305,0.028379
data/raf_db/test/1/test_1954_aligned.jpg,1,6,0.054815,0.174316,0.000519,0.000946,2.4e-05,0.041627,0.727754
data/raf_db/test/1/test_2382_aligned.jpg,1,6,0.004328,0.045086,9.5e-05,0.00032,0.000259,7.7e-05,0.949835
data/raf_db/test/1/test_2363_aligned.jpg,1,1,0.000123,0.995929,4.4e-05,0.002851,0.000526,0.000511,1.5e-05
data/raf_db/test/1/test_1779_aligned.jpg,1,1,0.241406,0.750936,0.001375,6.5e-05,0.005633,0.000576,1e-05
data/raf_db/test/1/test_2313_aligned.jpg,1,1,3.2e-05,0.940598,0.000144,0.058611,5.8e-05,0.000323,0.000234
data/raf_db/test/2/test_2244_aligned.jpg,2,2,0.000751,4.1e-05,0.976195,1.5e-05,4.7e-05,0.02294,1e-05
data/raf_db/test/2/test_2297_aligned.jpg,2,2,0.001692,0.010384,0.706161,0.000309,0.001008,0.280426,1.9e-05
data/raf_db/test/2/test_2276_aligned.jpg,2,2,0.000234,1.7e-05,0.999129,4.4e-05,0.000547,2.1e-05,8e-06
data/raf_db/test/2/test_1569_aligned.jpg,2,2,0.000298,3.9e-05,0.655494,0.000942,0.002216,0.008177,0.332833
data/raf_db/test/2/test_2258_aligned.jpg,2,2,0.000667,1.8e-05,0.807725,0.172426,0.001865,0.017283,1.7e-05
data/raf_db/test/2/test_2301_aligned.jpg,2,2,5.1e-05,2.8e-05,0.982892,0.00015,0.000308,0.016566,5e-06
data/raf_db/test/2/test_2263_aligned.jpg,2,2,0.000127,0.000494,0.972317,6.1e-05,0.000207,0.026788,6e-06
data/raf_db/test/2/test_2282_aligned.jpg,2,2,7.6e-05,1.4e-05,0.984287,0.014852,0.000144,0.000612,1.4e-05
data/raf_db/test/2/test_2251_aligned.jpg,2,2,0.000174,0.002039,0.905771,0.00861,0.000489,0.082903,1.4e-05
data/raf_db/test/2/test_2266_aligned.jpg,2,2,5.2e-05,5.1e-05,0.52898,0.000285,0.000773,0.469775,8.4e-05
data/raf_db/test/2/test_2248_aligned.jpg,2,4,0.014187,0.000388,0.137454,0.119945,0.726869,0.001143,1.4e-05
data/raf_db/test/2/test_2238_aligned.jpg,2,2,0.000423,1.1e-05,0.949286,0.018032,0.003394,0.028802,5.2e-05
data/raf_db/test/2/test_0377_aligned.jpg,2,4,0.012855,0.000166,0.005564,6e-06,0.980456,0.000782,0.000171
data/raf_db/test/2/test_2254_aligned.jpg,2,6,0.000968,0.002415,0.000422,0.006633,0.021431,0.000181,0.967951
data/raf_db/test/2/test_1477_aligned.jpg,2,2,4.7e-05,0.000188,0.999402,7.2e-05,0.000152,0.000137,2e-06
data/raf_db/test/2/test_2287_aligned.jpg,2,2,0.000154,7e-06,0.999102,0.000536,1.5e-05,0.000178,9e-06
data/raf_db/test/2/test_2292_aligned.jpg,2,2,0.065041,0.00249,0.932048,1.4e-05,0.000288,6.4e-05,5.4e-05
data/raf_db/test/2/test_2241_aligned.jpg,2,4,0.000219,5.5e-05,0.077244,0.000264,0.922047,0.000155,1.7e-05
data/raf_db/test/2/test_2273_aligned.jpg,2,2,0.00368,2e-05,0.994574,0.001187,0.000513,1.5e-05,1.1e-05
data/raf_db/test/2/test_2270_aligned.jpg,2,4,7.1e-05,2.9e-05,0.005233,0.003306,0.991267,8.1e-05,1.4e-05
data/raf_db/test/2/test_2242_aligned.jpg,2,2,0.000114,0.004137,0.986111,3.9e-05,0.004317,0.005272,1e-05
data/raf_db/test/2/test_2291_aligned.jpg,2,2,0.000464,1.1e-05,0.999341,5.8e-05,1.2e-05,0.000105,8e-06
data/raf_db/test/2/test_2279_aligned.jpg,2,2,0.001201,1.2e-05,0.998624,9.5e-05,2.9e-05,3e-05,9e-06
data/raf_db/test/2/test_2284_aligned.jpg,2,2,4.4e-05,7e-06,0.997867,0.00161,0.000344,0.000114,1.5e-05
data/raf_db/test/2/test_2257_aligned.jpg,2,3,2.8e-05,2.8e-05,0.051524,0.937968,0.00122,0.009205,2.8e-05
data/raf_db/test/2/test_2298_aligned.jpg,2,0,0.85192,0.000139,0.130868,0.01403,2.2e-05,0.003013,7e-06
data/raf_db/test/2/test_2265_aligned.jpg,2,2,0.000342,0.000109,0.999177,8e-06,3.3e-05,0.000326,4e-06
data/raf_db/test/2/test_2252_aligned.jpg,2,5,0.000411,1.7e-05,0.000106,5e-06,2.7e-05,0.999209,0.000225
data/raf_db/test/2/test_2281_aligned.jpg,2,2,3.4e-05,2e-05,0.999744,5.4e-05,6.8e-05,7.4e-05,5e-06
data/raf_db/test/2/test_2260_aligned.jpg,2,4,0.002535,0.372451,0.004538,0.007604,0.612806,1.7e-05,4.8e-05
data/raf_db/test/2/test_2302_aligned.jpg,2,5,0.001397,0.000277,0.001514,2.2e-05,0.061072,0.920449,0.01527
data/raf_db/test/2/test_2275_aligned.jpg,2,2,6.3e-05,1.9e-05,0.999501,7.2e-05,0.000307,3.4e-05,5e-06
data/raf_db/test/2/test_2288_aligned.jpg,2,2,0.001419,9e-06,0.998401,3.6e-05,8.7e-05,4.1e-05,8e-06
data/raf_db/test/2/test_2294_aligned.jpg,2,2,7.8e-05,6e-06,0.999673,8.4e-05,7e-05,8.4e-05,5e-06
data/raf_db/test/2/test_2269_aligned.jpg,2,5,0.007403,0.000165,0.056458,8.3e-05,0.081586,0.852169,0.002136
data/raf_db/test/2/test_2247_aligned.jpg,2,4,0.00094,0.008067,0.200443,5.2e-05,0.786977,0.003496,2.6e-05
data/raf_db/test/2/test_2272_aligned.jpg,2,2,0.000412,2e-05,0.999264,1.1e-05,1.6e-05,0.00027,7e-06
data/raf_db/test/2/test_2293_aligned.jpg,2,2,7.5e-05,1.7e-05,0.995497,0.000205,0.004104,9.5e-05,6e-06
data/raf_db/test/2/test_2240_aligned.jpg,2,3,0.000407,3.9e-05,3.2e-05,0.9995,5e-06,1.4e-05,3e-06
data/raf_db/test/2/test_2255_aligned.jpg,2,5,0.000604,0.001734,0.201417,5.9e-05,0.204912,0.591128,0.000146
data/raf_db/test/2/test_2286_aligned.jpg,2,2,5.2e-05,1e-05,0.99899,4.8e-05,2.7e-05,0.000864,9e-06
data/raf_db/test/2/test_2267_aligned.jpg,2,2,3e-05,4.8e-05,0.999523,9.8e-05,6.6e-05,0.000231,3e-06
data/raf_db/test/2/test_1792_aligned.jpg,2,2,0.000213,1.5e-05,0.98622,0.009448,0.00403,5.9e-05,1.6e-05
data/raf_db/test/2/test_2239_aligned.jpg,2,5,0.000244,0.00033,5e-05,6e-06,2.3e-05,0.999094,0.000252
data/raf_db/test/2/test_2249_aligned.jpg,2,2,0.000114,1.1e-05,0.996477,8.7e-05,1.3e-05,0.003289,9e-06
data/raf_db/test/2/test_2283_aligned.jpg,2,2,0.010747,9e-06,0.988079,0.000212,1.5e-05,0.000926,1.1e-05
data/raf_db/test/2/test_0623_aligned.jpg,2,2,0.000151,3.5e-05,0.999685,1.6e-05,5.7e-05,5.1e-05,5e-06
data/raf_db/test/2/test_2250_aligned.jpg,2,5,0.000396,0.016459,0.003647,0.000533,0.000145,0.978777,4.4e-05
data/raf_db/test/2/test_2262_aligned.jpg,2,2,0.001035,1.4e-05,0.998555,0.000278,1.5e-05,9.9e-05,3e-06
data/raf_db/test/2/test_2300_aligned.jpg,2,2,0.161371,0.06246,0.771141,1.2e-05,0.003759,0.00121,4.7e-05
data/raf_db/test/2/test_2277_aligned.jpg,2,2,6.2e-05,1.1e-05,0.999474,5e-05,2.7e-05,0.000369,7e-06
data/raf_db/test/2/test_2259_aligned.jpg,2,2,0.045106,2.2e-05,0.939888,9.9e-05,3e-05,0.014834,2.3e-05
data/raf_db/test/2/test_0859_aligned.jpg,2,2,0.002455,0.02875,0.742609,0.000533,0.051889,0.173339,0.000426
data/raf_db/test/2/test_0274_aligned.jpg,2,4,7e-05,8.8e-05,0.000577,2e-05,0.99923,5e-06,9e-06
data/raf_db/test/2/test_2245_aligned.jpg,2,2,0.001677,0.005866,0.867727,0.000236,0.000781,0.123486,0.000227
data/raf_db/test/2/test_2296_aligned.jpg,2,4,0.000901,0.003643,0.007283,0.132142,0.855965,5.1e-05,1.4e-05
data/raf_db/test/2/test_2268_aligned.jpg,2,2,0.000797,0.000413,0.587675,0.003246,0.001104,0.099575,0.30719
data/raf_db/test/2/test_2295_aligned.jpg,2,2,8.5e-05,0.001089,0.997534,4.4e-05,0.000202,0.001042,3e-06
data/raf_db/test/2/test_2246_aligned.jpg,2,2,7.1e-05,7e-06,0.994879,0.000193,3e-05,0.00481,9e-06
data/raf_db/test/2/test_2289_aligned.jpg,2,2,0.000538,8e-06,0.999288,8.3e-05,2.7e-05,4.8e-05,8e-06
data/raf_db/test/2/test_2274_aligned.jpg,2,2,0.000105,8e-06,0.999638,6.4e-05,1.7e-05,0.00016,7e-06
data/raf_db/test/2/test_2303_aligned.jpg,2,5,0.000752,0.000192,0.133416,3.9e-05,3.8e-05,0.865551,1.1e-05
data/raf_db/test/2/test_2261_aligned.jpg,2,5,0.000209,2.3e-05,0.011397,4.4e-05,1e-05,0.98831,7e-06
data/raf_db/test/2/test_2253_aligned.jpg,2,5,7.8e-05,1.3e-05,0.14889,0.000581,0.009257,0.84086,0.000321
data/raf_db/test/2/test_1788_aligned.jpg,2,2,4.2e-05,1e-05,0.999437,0.000116,2e-05,0.000368,7e-06
data/raf_db/test/2/test_2280_aligned.jpg,2,2,0.07199,0.000279,0.918841,1.2e-05,0.000481,0.008285,0.000113
data/raf_db/test/2/test_2264_aligned.jpg,2,2,0.000138,0.000676,0.962183,7.8e-05,0.000277,0.03664,8e-06
data/raf_db/test/2/test_2299_aligned.jpg,2,2,0.196248,0.000256,0.73003,0.000113,4.2e-05,0.073299,1.2e-05
data/raf_db/test/2/test_2285_aligned.jpg,2,2,8.8e-05,7e-06,0.998552,0.001211,5e-05,7.9e-05,1.3e-05
data/raf_db/test/2/test_2278_aligned.jpg,2,2,7.3e-05,7e-06,0.999572,0.000204,7.4e-05,6.4e-05,6e-06
data/raf_db/test/2/test_2256_aligned.jpg,2,5,0.00054,0.000703,0.48082,8.9e-05,0.000516,0.517315,1.7e-05
data/raf_db/test/2/test_2243_aligned.jpg,2,5,0.000166,9.3e-05,0.000837,2.7e-05,0.014393,0.983802,0.000683
data/raf_db/test/2/test_2290_aligned.jpg,2,2,0.000136,1.7e-05,0.999508,2.7e-05,0.000271,3.5e-05,6e-06
data/raf_db/test/2/test_2271_aligned.jpg,2,2,0.000114,7e-06,0.987585,0.01098,5.8e-05,0.001238,1.8e-05
data/raf_db/test/3/test_0828_aligned.jpg,3,3,6e-06,6e-06,1.3e-05,0.999952,5e-06,1.4e-05,3e-06
data/raf_db/test/3/test_1505_aligned.jpg,3,3,3e-06,2.2e-05,2e-06,0.999606,4.4e-05,6e-06,0.000318
data/raf_db/test/3/test_0317_aligned.jpg,3,3,9e-06,9e-06,2.3e-05,0.999944,8e-06,3e-06,4e-06
data/raf_db/test/3/test_0647_aligned.jpg,3,3,3e-06,5e-06,9e-06,0.999958,8e-06,6e-06,1.1e-05
data/raf_db/test/3/test_0591_aligned.jpg,3,3,1.5e-05,5e-06,1.2e-05,0.999946,3e-06,1.3e-05,6e-06
data/raf_db/test/3/test_1383_aligned.jpg,3,3,0.002371,5.6e-05,4.9e-05,0.997168,1.5e-05,0.000339,2e-06
data/raf_db/test/3/test_1841_aligned.jpg,3,3,5.5e-05,4.3e-05,5e-06,0.994991,2.1e-05,7e-06,0.004878
data/raf_db/test/3/test_0725_aligned.jpg,3,3,0.004971,0.000208,7e-05,0.994392,0.000333,1.2e-05,1.4e-05
data/raf_db/test/3/test_0275_aligned.jpg,3,3,5e-06,5e-06,7e-06,0.999961,6e-06,5e-06,1.1e-05
data/raf_db/test/3/test_0858_aligned.jpg,3,3,1.1e-05,4e-06,8e-06,0.999956,8e-06,6e-06,7e-06
data/raf_db/test/3/test_0367_aligned.jpg,3,3,0.00616,8.2e-05,0.002059,0.985165,0.006503,2.6e-05,4e-06
data/raf_db/test/3/test_0637_aligned.jpg,3,3,9e-06,3e-06,1.9e-05,0.999945,1.3e-05,5e-06,6e-06
data/raf_db/test/3/test_1025_aligned.jpg,3,3,4e-06,3e-06,1.9e-05,0.999816,0.000133,1.4e-05,1.1e-05
data/raf_db/test/3/test_1953_aligned.jpg,3,3,3e-06,3.3e-05,4e-06,0.999911,3.8e-05,4e-06,8e-06
data/raf_db/test/3/test_1291_aligned.jpg,3,3,6e-06,4e-06,6e-06,0.999931,3.3e-05,3e-06,1.8e-05
data/raf_db/test/3/test_1588_aligned.jpg,3,3,9e-06,4e-06,1.7e-05,0.999951,4e-06,7e-06,7e-06
data/raf_db/test/3/test_0755_aligned.jpg,3,3,3e-06,5e-06,6e-06,0.999947,4e-06,1e-05,2.6e-05
data/raf_db/test/3/test_1147_aligned.jpg,3,3,8e-06,3e-06,6e-06,0.999953,1e-05,4e-06,1.6e-05
data/raf_db/test/3/test_2023_aligned.jpg,3,3,8e-06,3e-06,2.8e-05,0.999929,5e-06,1.8e-05,9e-06
data/raf_db/test/3/test_1350_aligned.jpg,3,3,3e-06,1e-05,5e-06,0.999954,1e-05,4e-06,1.5e-05
data/raf_db/test/3/test_0012_aligned.jpg,3,3,1.7e-05,6e-06,1.1e-05,0.999948,4e-06,4e-06,1.1e-05
data/raf_db/test/3/test_1600_aligned.jpg,3,3,1.3e-05,9e-06,8e-06,0.999883,3e-06,8e-05,4e-06
data/raf_db/test/3/test_1892_aligned.jpg,3,4,0.000653,0.00011,4.2e-05,0.011736,0.987405,7e-06,4.8e-05
data/raf_db/test/3/test_0170_aligned.jpg,3,3,5e-06,7e-06,1.4e-05,0.999919,3e-06,1.9e-05,3.3e-05
data/raf_db/test/3/test_1762_aligned.jpg,3,3,3e-06,2.1e-05,1.1e-05,0.999945,1.2e-05,4e-06,5e-06
data/raf_db/test/3/test_1232_aligned.jpg,3,3,7e-06,3e-06,2.6e-05,0.999889,3e-06,6.2e-05,1e-05
data/raf_db/test/3/test_2141_aligned.jpg,3,3,3.3e-05,1.5e-05,6.7e-05,0.897417,0.001495,0.000535,0.100439
data/raf_db/test/3/test_0806_aligned.jpg,3,3,5e-06,1.6e-05,1e-05,0.999952,5e-06,4e-06,9e-06
data/raf_db/test/3/test_0669_aligned.jpg,3,3,7e-06,8e-06,6e-06,0.999953,5e-06,3e-06,1.8e-05
data/raf_db/test/3/test_0999_aligned.jpg,3,3,3e-06,9e-06,6e-06,0.999954,1.2e-05,5e-06,1.1e-05
data/raf_db/test/3/test_2053_aligned.jpg,3,3,7e-06,5.3e-05,0.000932,0.992006,0.000922,0.006073,8e-06
data/raf_db/test/3/test_1169_aligned.jpg,3,3,2e-06,3.1e-05,1.3e-05,0.99993,4e-06,1e-05,1.1e-05
data/raf_db/test/3/test_1980_aligned.jpg,3,3,8e-06,1e-05,5e-06,0.999956,3e-06,6e-06,1.3e-05
data/raf_db/test/3/test_0532_aligned.jpg,3,3,2e-06,8e-06,8.4e-05,0.999674,6.7e-05,0.000161,5e-06
data/raf_db/test/3/test_1712_aligned.jpg,3,3,7e-06,1.2e-05,9e-06,0.999674,0.000287,4e-06,6e-06
data/raf_db/test/3/test_1242_aligned.jpg,3,3,3e-06,3e-06,1.1e-05,0.99995,1.6e-05,9e-06,7e-06
data/raf_db/test/3/test_0450_aligned.jpg,3,3,7e-06,3e-06,1.1e-05,0.999944,1.6e-05,3e-06,1.5e-05
data/raf_db/test/3/test_0786_aligned.jpg,3,3,9e-06,3.1e-05,7e-06,0.999936,2e-06,7e-06,7e-06
data/raf_db/test/3/test_0619_aligned.jpg,3,3,2.1e-05,1.7e-05,8e-06,0.999928,1e-06,1e-05,1.5e-05
data/raf_db/test/3/test_0605_aligned.jpg,3,3,2e-06,3.9e-05,1.5e-05,0.999904,1.1e-05,2e-06,2.7e-05
data/raf_db/test/3/test_0083_aligned.jpg,3,3,1.7e-05,4.9e-05,3e-06,0.999523,3e-06,7e-06,0.000398
data/raf_db/test/3/test_2206_aligned.jpg,3,3,6e-06,3.1e-05,3e-06,0.99942,0.000233,2e-06,0.000306
data/raf_db/test/3/test_0908_aligned.jpg,3,3,3.7e-05,4e-06,7e-06,0.999921,1.8e-05,3e-06,1e-05
data/raf_db/test/3/test_0897_aligned.jpg,3,3,4e-06,1e-05,1.4e-05,0.999951,6e-06,1e-05,6e-06
data/raf_db/test/3/test_0237_aligned.jpg,3,3,1.2e-05,5e-06,9e-06,0.99994,2e-06,1e-05,2.3e-05
data/raf_db/test/3/test_1175_aligned.jpg,3,6,0.000658,5.6e-05,4.5e-05,0.056766,2.8e-05,0.000686,0.941761
data/raf_db/test/3/test_0767_aligned.jpg,3,3,8e-06,1e-05,3e-05,0.999905,6e-06,3.5e-05,6e-06
data/raf_db/test/3/test_0985_aligned.jpg,3,3,4e-06,6e-06,6e-06,0.99996,1e-05,4e-06,1.1e-05
data/raf_db/test/3/test_1067_aligned.jpg,3,3,2.5e-05,3e-06,3.1e-05,0.999853,5e-06,8.1e-05,3e-06
data/raf_db/test/3/test_0191_aligned.jpg,3,3,4e-06,4e-06,8e-06,0.999944,9e-06,4e-06,2.7e-05
data/raf_db/test/3/test_0688_aligned.jpg,3,3,1.2e-05,0.000295,8.7e-05,0.999491,0.000109,2e-06,4e-06
data/raf_db/test/3/test_0978_aligned.jpg,3,3,5e-06,2e-06,1e-05,0.99992,7e-06,4.8e-05,7e-06
data/raf_db/test/3/test_0247_aligned.jpg,3,3,2e-06,4e-06,1e-05,0.999914,5.1e-05,5e-06,1.3e-05
data/raf_db/test/3/test_1455_aligned.jpg,3,6,0.000101,0.000199,4.6e-05,0.035434,8e-06,9.8e-05,0.964113
data/raf_db/test/3/test_0717_aligned.jpg,3,3,6e-06,9e-06,1e-05,0.999957,5e-06,4e-06,1e-05
data/raf_db/test/3/test_1594_aligned.jpg,3,3,3.3e-05,3.1e-05,0.000133,0.879818,2.1e-05,0.119449,0.000515
data/raf_db/test/3/test_0386_aligned.jpg,3,3,1.4e-05,3e-06,5e-06,0.999898,5e-06,8e-06,6.7e-05
data/raf_db/test/3/test_0749_aligned.jpg,3,3,6e-06,6e-06,8e-06,0.999962,6e-06,6e-06,8e-06
data/raf_db/test/3/test_0050_aligned.jpg,3,3,2e-06,4e-06,9e-06,0.999941,2.1e-05,1.1e-05,1.2e-05
data/raf_db/test/3/test_0500_aligned.jpg,3,3,9e-06,3e-06,5e-06,0.999915,4e-06,5.1e-05,1.3e-05
data/raf_db/test/3/test_0462_aligned.jpg,3,3,3e-06,8e-06,1.4e-05,0.99986,0.000103,5e-06,7e-06
data/raf_db/test/3/test_0132_aligned.jpg,3,3,2e-06,6e-06,7e-06,0.999934,9e-06,2.8e-05,1.4e-05
data/raf_db/test/3/test_0844_aligned.jpg,3,3,3.6e-05,2e-06,7e-06,0.999906,2e-05,1.7e-05,1.3e-05
data/raf_db/test/3/test_2011_aligned.jpg,3,3,8e-06,0.000279,5e-06,0.998716,2.4e-05,5e-06,0.000963
data/raf_db/test/3/test_0739_aligned.jpg,3,3,3e-06,5e-06,8e-06,0.999938,7e-06,4e-06,3.5e-05
data/raf_db/test/3/test_0269_aligned.jpg,3,3,3e-06,6e-06,1.1e-05,0.999956,1.2e-05,5e-06,7e-06
data/raf_db/test/3/test_0020_aligned.jpg,3,3,8e-06,2.5e-05,8e-06,0.995896,0.003951,5e-06,0.000106
data/raf_db/test/3/test_1362_aligned.jpg,3,3,8.6e-05,5.6e-05,0.000147,0.928544,0.00022,0.000193,0.070754
data/raf_db/test/3/test_0570_aligned.jpg,3,3,6e-06,7e-06,1.2e-05,0.999956,6e-06,4e-06,1e-05
data/raf_db/test/3/test_0412_aligned.jpg,3,3,1.8e-05,2e-06,2.4e-05,0.99993,1.3e-05,9e-06,4e-06
data/raf_db/test/3/test_1486_aligned.jpg,3,3,5e-06,7.1e-05,3.9e-05,0.971946,0.025992,1.3e-05,0.001934
data/raf_db/test/3/test_2173_aligned.jpg,3,3,3e-06,5e-06,8e-06,0.999958,8e-06,1.2e-05,7e-06
data/raf_db/test/3/test_0933_aligned.jpg,3,3,7e-06,1.7e-05,1.3e-05,0.999948,6e-06,5e-06,4e-06
data/raf_db/test/3/test_0393_aligned.jpg,3,3,5e-06,5e-06,9e-06,0.999958,5e-06,7e-06,1.2e-05
data/raf_db/test/3/test_1581_aligned.jpg,3,3,1.1e-05,7e-06,6e-06,0.999958,4e-06,5e-06,9e-06
data/raf_db/test/3/test_2074_aligned.jpg,3,3,8e-06,2.3e-05,5e-06,0.999943,5e-06,3e-06,1.2e-05
data/raf_db/test/3/test_1307_aligned.jpg,3,3,8e-06,1.1e-05,4e-06,0.999958,4e-06,5e-06,1.1e-05
data/raf_db/test/3/test_0515_aligned.jpg,3,3,5e-06,6e-06,4e-06,0.999961,4e-06,1.1e-05,8e-06
data/raf_db/test/3/test_1298_aligned.jpg,3,3,0.007107,0.001151,8.3e-05,0.991284,0.000321,6e-06,4.9e-05
data/raf_db/test/3/test_1265_aligned.jpg,3,3,1e-05,0.000374,6e-06,0.999421,2e-06,1.2e-05,0.000174
data/raf_db/test/3/test_0477_aligned.jpg,3,3,9e-06,5.9e-05,1.4e-05,0.999894,1.6e-05,4e-06,2e-06
data/raf_db/test/3/test_2089_aligned.jpg,3,3,2e-06,2e-06,1e-05,0.999913,9e-06,2.8e-05,3.6e-05
data/raf_db/test/3/test_2116_aligned.jpg,3,3,1.8e-05,0.001653,0.000196,0.990512,0.007593,8e-06,2.1e-05
data/raf_db/test/3/test_2004_aligned.jpg,3,3,3e-06,0.000186,1e-05,0.999466,0.000307,3e-06,2.5e-05
data/raf_db/test/3/test_0943_aligned.jpg,3,3,7e-06,9e-06,5e-06,0.999953,3e-06,5e-06,1.8e-05
data/raf_db/test/3/test_0565_aligned.jpg,3,3,0.000123,0.000214,0.000309,0.596137,5.4e-05,0.40314,2.2e-05
data/raf_db/test/3/test_1848_aligned.jpg,3,3,2.1e-05,4e-06,4e-06,0.99994,1.9e-05,5e-06,8e-06
data/raf_db/test/3/test_0157_aligned.jpg,3,3,5e-06,2.7e-05,7e-06,0.99994,3e-06,1.2e-05,6e-06
data/raf_db/test/3/test_0407_aligned.jpg,3,3,5e-06,4.6e-05,9e-06,0.999919,2e-06,8e-06,1e-05
data/raf_db/test/3/test_1215_aligned.jpg,3,3,7e-06,8e-06,7e-06,0.999958,4e-06,5e-06,1e-05
data/raf_db/test/3/test_0821_aligned.jpg,3,3,9e-06,2e-06,1.3e-05,0.999947,6e-06,1.4e-05,9e-06
data/raf_db/test/3/test_2166_aligned.jpg,3,3,6e-06,3.6e-05,4e-06,0.993265,2.5e-05,1.6e-05,0.006648
data/raf_db/test/3/test_1493_aligned.jpg,3,3,2.3e-05,2.8e-05,0.000242,0.997927,0.00177,3e-06,7e-06
data/raf_db/test/3/test_1552_aligned.jpg,3,3,3e-06,4e-06,2.5e-05,0.999865,1.2e-05,8.6e-05,5e-06
data/raf_db/test/3/test_0459_aligned.jpg,3,3,2e-06,2.3e-05,5e-06,0.999936,1.4e-05,4e-06,1.7e-05
data/raf_db/test/3/test_0109_aligned.jpg,3,3,6e-06,2e-06,1.6e-05,0.999945,5e-06,9e-06,1.7e-05
data/raf_db/test/3/test_1679_aligned.jpg,3,3,2e-06,1e-05,3e-06,0.999889,6.2e-05,8e-06,2.6e-05
data/raf_db/test/3/test_1989_aligned.jpg,3,3,2.3e-05,4.1e-05,2.7e-05,0.968358,2.1e-05,0.000108,0.031423
data/raf_db/test/3/test_0882_aligned.jpg,3,3,1e-06,8e-06,1.1e-05,0.999929,3.2e-05,7e-06,1.1e-05
data/raf_db/test/3/test_0222_aligned.jpg,3,3,9e-06,5e-06,2e-05,0.999931,2e-06,1.8e-05,1.5e-05
data/raf_db/test/3/test_1430_aligned.jpg,3,3,9e-06,1.2e-05,6e-06,0.99995,1.6e-05,3e-06,4e-06
data/raf_db/test/3/test_0990_aligned.jpg,3,3,5e-06,9e-06,6e-06,0.999955,3e-06,1.4e-05,9e-06
data/raf_db/test/3/test_1522_aligned.jpg,3,3,1.1e-05,1.2e-05,5e-06,0.9986,1.3e-05,5e-06,0.001353
data/raf_db/test/3/test_0330_aligned.jpg,3,3,6e-06,0.000559,2e-06,0.999329,3.7e-05,5e-06,6.2e-05
data/raf_db/test/3/test_0660_aligned.jpg,3,3,6e-06,6e-06,1.1e-05,0.999957,1.1e-05,5e-06,5e-06
data/raf_db/test/3/test_2148_aligned.jpg,3,3,3e-06,3.8e-05,5e-06,0.999907,9e-06,5e-06,3.2e-05
data/raf_db/test/3/test_0179_aligned.jpg,3,3,8e-06,2.7e-05,1.9e-05,0.999929,2e-06,1e-05,6e-06
data/raf_db/test/3/test_1359_aligned.jpg,3,3,8e-06,8e-06,6e-06,0.99996,7e-06,4e-06,7e-06
data/raf_db/test/3/test_0184_aligned.jpg,3,3,0.000123,1.3e-05,0.000106,0.999334,0.000405,1.7e-05,2e-06
data/raf_db/test/3/test_1796_aligned.jpg,3,3,3e-06,1.1e-05,4e-06,0.999954,1.5e-05,5e-06,1e-05
data/raf_db/test/3/test_0702_aligned.jpg,3,3,8e-06,8e-06,5e-06,0.999959,4e-06,6e-06,1e-05
data/raf_db/test/3/test_0252_aligned.jpg,3,3,2.2e-05,6e-06,0.000293,0.999209,0.000178,0.000291,2e-06
data/raf_db/test/3/test_0971_aligned.jpg,3,3,6e-06,3e-06,1.1e-05,0.999949,5e-06,1.6e-05,1.1e-05
data/raf_db/test/3/test_0681_aligned.jpg,3,3,1.1e-05,5e-06,8e-06,0.999959,4e-06,6e-06,7e-06
data/raf_db/test/3/test_1093_aligned.jpg,3,3,0.000258,4.6e-05,4.8e-05,0.99957,7.2e-05,3e-06,3e-06
data/raf_db/test/3/test_0557_aligned.jpg,3,3,4e-06,7e-06,1.1e-05,0.999946,3e-06,1.3e-05,1.7e-05
data/raf_db/test/3/test_1887_aligned.jpg,3,3,5e-06,2.1e-05,5e-06,0.999911,3e-06,6e-06,5e-05
data/raf_db/test/3/test_0435_aligned.jpg,3,3,2.3e-05,0.000561,9e-06,0.999349,2.4e-05,1e-06,3.3e-05
data/raf_db/test/3/test_0813_aligned.jpg,3,3,3e-06,3e-06,2.7e-05,0.999922,6e-06,3e-05,1e-05
data/raf_db/test/3/test_2046_aligned.jpg,3,3,1e-05,1.6e-05,7e-06,0.999946,2e-06,1e-05,1e-05
data/raf_db/test/3/test_0901_aligned.jpg,3,3,1.3e-05,6e-06,9e-06,0.999952,3e-06,1e-05,8e-06
data/raf_db/test/3/test_1995_aligned.jpg,3,3,1.4e-05,4e-06,2.6e-05,0.999934,1.3e-05,5e-06,3e-06
data/raf_db/test/3/test_0077_aligned.jpg,3,3,1.7e-05,1.6e-05,4.3e-05,0.984073,0.000156,0.015657,3.9e-05
data/raf_db/test/3/test_1665_aligned.jpg,3,3,2.6e-05,0.000182,0.000193,0.998868,0.000724,3e-06,3e-06
data/raf_db/test/3/test_0527_aligned.jpg,3,3,1.1e-05,5e-06,8e-06,0.999954,3e-06,9e-06,1e-05
data/raf_db/test/3/test_0445_aligned.jpg,3,3,3e-06,7e-06,8e-06,0.999941,2.5e-05,3e-06,1.4e-05
data/raf_db/test/3/test_1257_aligned.jpg,3,3,9e-06,2.7e-05,2e-05,0.874018,0.000427,0.000362,0.125138
data/raf_db/test/3/test_0115_aligned.jpg,3,3,4e-06,6e-06,4e-06,0.999954,1.9e-05,5e-06,8e-06
data/raf_db/test/3/test_1707_aligned.jpg,3,3,4e-06,4e-06,1.1e-05,0.999952,3e-06,1.2e-05,1.3e-05
data/raf_db/test/3/test_1181_aligned.jpg,3,3,6e-06,1.8e-05,3e-06,0.999949,4e-06,6e-06,1.5e-05
data/raf_db/test/3/test_0302_aligned.jpg,3,3,2e-06,1.8e-05,4e-06,0.999864,8.8e-05,4e-06,2.1e-05
data/raf_db/test/3/test_1510_aligned.jpg,3,3,5e-06,7e-06,4e-06,0.999914,8e-06,3e-06,5.9e-05
data/raf_db/test/3/test_1209_aligned.jpg,3,3,4e-05,2e-06,3.1e-05,0.998877,1.1e-05,0.000852,0.000186
data/raf_db/test/3/test_0584_aligned.jpg,3,3,0.000542,0.038287,0.000711,0.960107,0.00032,2.9e-05,4e-06
data/raf_db/test/3/test_0579_aligned.jpg,3,3,2e-06,3e-06,9e-06,0.999686,0.000127,1.6e-05,0.000158
data/raf_db/test/3/test_0029_aligned.jpg,3,3,3e-06,1.5e-05,3e-06,0.999866,3e-06,1e-05,9.9e-05
data/raf_db/test/3/test_0260_aligned.jpg,3,3,8.2e-05,0.049444,2.3e-05,0.94618,9e-06,0.00014,0.004122
data/raf_db/test/3/test_1472_aligned.jpg,3,3,1.2e-05,1.9e-05,6e-06,0.999948,3e-06,7e-06,5e-06
data/raf_db/test/3/test_2187_aligned.jpg,3,3,3e-06,9e-06,1.3e-05,0.999943,2.2e-05,3e-06,7e-06
data/raf_db/test/3/test_0730_aligned.jpg,3,3,3e-06,1.2e-05,3e-05,0.999783,0.000159,3e-06,1e-05
data/raf_db/test/3/test_1122_aligned.jpg,3,3,4e-06,1e-05,1.3e-05,0.999954,5e-06,7e-06,7e-06
data/raf_db/test/3/test_2018_aligned.jpg,3,3,3e-06,1.4e-05,1e-05,0.999735,0.000209,3e-06,2.7e-05
data/raf_db/test/3/test_1030_aligned.jpg,3,3,1.3e-05,1e-06,1.4e-05,0.999936,1.2e-05,1.4e-05,1e-05
data/raf_db/test/3/test_0622_aligned.jpg,3,3,1e-05,3e-06,7e-06,0.999951,4e-06,1e-05,1.5e-05
data/raf_db/test/3/test_1560_aligned.jpg,3,3,3e-06,2.6e-05,2e-06,0.99992,9e-06,1e-05,3e-05
data/raf_db/test/3/test_0372_aligned.jpg,3,3,8e-06,6e-06,6e-06,0.999958,4e-06,6e-06,1.2e-05
data/raf_db/test/3/test_1729_aligned.jpg,3,3,3e-06,1.9e-05,0.000119,0.999811,2.7e-05,1.8e-05,3e-06
data/raf_db/test/3/test_0509_aligned.jpg,3,3,6.7e-05,9.7e-05,0.000197,0.953948,0.045662,8e-06,2.1e-05
data/raf_db/test/3/test_0496_aligned.jpg,3,1,0.000197,0.996273,1.2e-05,0.002078,1.6e-05,0.00023,0.001194
data/raf_db/test/3/test_2221_aligned.jpg,3,3,8e-06,3e-06,1.4e-05,0.999945,2e-05,4e-06,6e-06
data/raf_db/test/3/test_1284_aligned.jpg,3,5,4.6e-05,1.7e-05,1e-05,8.9e-05,6e-06,0.999787,4.5e-05
data/raf_db/test/3/test_1402_aligned.jpg,3,3,0.000209,5.4e-05,0.000336,0.989316,3e-06,0.010073,1e-05
data/raf_db/test/3/test_1152_aligned.jpg,3,3,5e-06,3e-06,7e-06,0.999959,1.1e-05,6e-06,1e-05
data/raf_db/test/3/test_0740_aligned.jpg,3,3,6e-06,2e-06,8.5e-05,0.999848,2.1e-05,3.4e-05,4e-06
data/raf_db/test/3/test_1793_aligned.jpg,3,3,5e-06,3e-06,1.5e-05,0.999952,1e-05,7e-06,7e-06
data/raf_db/test/3/test_0181_aligned.jpg,3,3,3e-06,3e-06,1e-05,0.999931,1.1e-05,5e-06,3.8e-05
data/raf_db/test/3/test_0707_aligned.jpg,3,3,1e-06,2.9e-05,1.1e-05,0.999921,6e-06,2.4e-05,8e-06
data/raf_db/test/3/test_0257_aligned.jpg,3,3,8e-06,0.000108,1.5e-05,0.984742,0.001008,5e-06,0.014113
data/raf_db/test/3/test_0698_aligned.jpg,3,3,5e-06,5e-06,1.2e-05,0.999957,5e-06,6e-06,1e-05
data/raf_db/test/3/test_0335_aligned.jpg,3,3,5e-06,5e-06,6e-06,0.999956,7e-06,4e-06,1.8e-05
data/raf_db/test/3/test_1527_aligned.jpg,3,3,5e-06,8e-06,7e-06,0.999945,3e-06,2.5e-05,7e-06
data/raf_db/test/3/test_0665_aligned.jpg,3,3,3e-06,9e-06,2.6e-05,0.999937,1.1e-05,7e-06,6e-06
data/raf_db/test/3/test_0995_aligned.jpg,3,3,9e-06,2.1e-05,1.4e-05,0.999939,3e-06,9e-06,4e-06
data/raf_db/test/3/test_0227_aligned.jpg,3,3,2e-06,1.3e-05,8e-06,0.999947,1.5e-05,5e-06,1e-05
data/raf_db/test/3/test_0887_aligned.jpg,3,3,7.4e-05,5e-06,4.4e-05,0.999857,9e-06,8e-06,3e-06
data/raf_db/test/3/test_0345_aligned.jpg,3,3,2.4e-05,1e-06,9.3e-05,0.999771,8.3e-05,1.6e-05,1.2e-05
data/raf_db/test/3/test_0615_aligned.jpg,3,3,7e-06,7e-06,6e-06,0.999957,4e-06,5e-06,1.4e-05
data/raf_db/test/3/test_0093_aligned.jpg,3,3,3e-06,1.2e-05,4e-06,0.999946,5e-06,6e-06,2.4e-05
data/raf_db/test/3/test_0402_aligned.jpg,3,3,3e-06,4e-06,2.4e-05,0.999943,8e-06,8e-06,9e-06
data/raf_db/test/3/test_2163_aligned.jpg,3,3,5e-06,7e-06,3e-06,0.999955,1.3e-05,7e-06,1.1e-05
data/raf_db/test/3/test_0824_aligned.jpg,3,3,5e-06,1.4e-05,2.3e-05,0.999781,0.000169,3e-06,4e-06
data/raf_db/test/3/test_0279_aligned.jpg,3,3,6.5e-05,0.000135,7e-06,0.999768,1.7e-05,6e-06,2e-06
data/raf_db/test/3/test_0729_aligned.jpg,3,3,4e-06,1.8e-05,3e-06,0.999933,7e-06,5e-06,3.1e-05
data/raf_db/test/3/test_0946_aligned.jpg,3,3,6e-06,1e-05,8e-06,0.999953,3e-06,6e-06,1.4e-05
data/raf_db/test/3/test_2001_aligned.jpg,3,3,2.9e-05,4.4e-05,0.00023,0.98126,0.018412,1.5e-05,1e-05
data/raf_db/test/3/test_0122_aligned.jpg,3,3,4.4e-05,0.000157,5e-06,0.999305,4e-06,4e-06,0.000483
data/raf_db/test/3/test_1260_aligned.jpg,3,3,5e-06,1e-05,5e-06,0.999953,4e-06,4e-06,1.9e-05
data/raf_db/test/3/test_1579_aligned.jpg,3,3,3e-06,0.000108,3e-06,0.999712,5e-06,1e-05,0.00016
data/raf_db/test/3/test_0854_aligned.jpg,3,3,3e-06,1e-05,6e-06,0.999957,6e-06,6e-06,1.2e-05
data/raf_db/test/3/test_0209_aligned.jpg,3,3,9e-06,4e-06,7e-06,0.999953,3e-06,7e-06,1.7e-05
data/raf_db/test/3/test_0759_aligned.jpg,3,3,5e-06,4e-06,5e-06,0.999929,4e-05,4e-06,1.1e-05
data/raf_db/test/3/test_0396_aligned.jpg,3,6,7.3e-05,0.002086,9.6e-05,0.004559,5.1e-05,2.1e-05,0.993114
data/raf_db/test/3/test_0510_aligned.jpg,3,3,7e-06,1.4e-05,5e-06,0.999949,2e-06,1e-05,1.3e-05
data/raf_db/test/3/test_1302_aligned.jpg,3,3,3e-06,1.7e-05,1.8e-05,0.999937,9e-06,1.2e-05,4e-06
data/raf_db/test/3/test_0040_aligned.jpg,3,3,3e-05,6e-06,0.000142,0.999755,2.6e-05,4e-05,1e-06
data/raf_db/test/3/test_2224_aligned.jpg,3,3,1.1e-05,7e-06,8e-06,0.999955,7e-06,6e-06,5e-06
data/raf_db/test/3/test_0493_aligned.jpg,3,3,8e-06,1e-05,5e-06,0.99995,1.1e-05,3e-06,1.4e-05
data/raf_db/test/3/test_1407_aligned.jpg,3,3,4e-06,1e-05,2.5e-05,0.997297,0.002513,5e-06,0.000145
data/raf_db/test/3/test_0745_aligned.jpg,3,3,2e-06,1e-05,1.9e-05,0.999946,7e-06,1e-05,6e-06
data/raf_db/test/3/test_0627_aligned.jpg,3,3,3e-06,5e-06,6e-06,0.999957,8e-06,6e-06,1.5e-05
data/raf_db/test/3/test_2090_aligned.jpg,3,3,5e-06,3e-06,1.7e-05,0.999787,1.4e-05,0.000168,5e-06
data/raf_db/test/3/test_0848_aligned.jpg,3,3,5e-06,6e-06,4e-06,0.999962,8e-06,5e-06,1e-05
data/raf_db/test/3/test_0265_aligned.jpg,3,3,2e-06,2e-06,2e-05,0.999915,3.6e-05,1.4e-05,1.1e-05
data/raf_db/test/3/test_0735_aligned.jpg,3,3,6e-06,1.3e-05,7e-06,0.999946,3e-06,4e-06,2.1e-05
data/raf_db/test/3/test_2182_aligned.jpg,3,3,9e-06,4e-06,4e-06,0.999926,4e-06,4.2e-05,1e-05
data/raf_db/test/3/test_1045_aligned.jpg,3,3,3e-06,2.8e-05,1e-05,0.999933,8e-06,4e-06,1.4e-05
data/raf_db/test/3/test_0657_aligned.jpg,3,3,4e-06,1.5e-05,9e-06,0.999949,1.4e-05,4e-06,5e-06
data/raf_db/test/3/test_0307_aligned.jpg,3,3,6e-06,7e-06,3e-06,0.999949,1.9e-05,9e-06,7e-06
data/raf_db/test/3/test_0838_aligned.jpg,3,3,4e-06,9e-06,4.8e-05,0.999395,0.00053,6e-06,7e-06
data/raf_db/test/3/test_0581_aligned.jpg,3,3,1.1e-05,2e-06,2.6e-05,0.999618,2.6e-05,0.000311,6e-06
data/raf_db/test/3/test_1393_aligned.jpg,3,3,4e-06,1e-05,6e-06,0.999811,2.3e-05,2e-06,0.000144
data/raf_db/test/3/test_1252_aligned.jpg,3,3,1e-05,0.000379,1.5e-05,0.999467,2e-06,0.00011,1.7e-05
data/raf_db/test/3/test_1702_aligned.jpg,3,3,5e-06,4e-06,1.1e-05,0.999956,4e-06,1.1e-05,1e-05
data/raf_db/test/3/test_0110_aligned.jpg,3,3,1e-06,0.000447,1.2e-05,0.999168,4.5e-05,2.6e-05,0.000302
data/raf_db/test/3/test_0609_aligned.jpg,3,3,1.8e-05,5e-06,1.7e-05,0.999945,5e-06,6e-06,5e-06
data/raf_db/test/3/test_0796_aligned.jpg,3,3,7e-06,7e-06,8e-06,0.999954,2e-06,1.1e-05,1.1e-05
data/raf_db/test/3/test_1184_aligned.jpg,3,3,2.2e-05,1.4e-05,1.2e-05,0.99994,5e-06,4e-06,4e-06
data/raf_db/test/3/test_0866_aligned.jpg,3,3,3e-06,5e-06,5e-06,0.999956,7e-06,1.7e-05,7e-06
data/raf_db/test/3/test_1179_aligned.jpg,3,3,3e-06,7e-06,1.2e-05,0.999949,1.6e-05,7e-06,6e-06
data/raf_db/test/3/test_0904_aligned.jpg,3,3,6e-06,6e-06,9e-06,0.999961,5e-06,5e-06,7e-06
data/raf_db/test/3/test_2043_aligned.jpg,3,3,6e-06,1.5e-05,4e-06,0.999957,8e-06,5e-06,5e-06
data/raf_db/test/3/test_0072_aligned.jpg,3,3,4e-06,3e-06,1.3e-05,0.999876,8.1e-05,4e-06,1.9e-05
data/raf_db/test/3/test_0522_aligned.jpg,3,3,1.1e-05,1.6e-05,9e-06,0.999742,0.000212,2e-06,8e-06
data/raf_db/test/3/test_1222_aligned.jpg,3,3,5.3e-05,0.000167,9e-06,0.999754,4e-06,9e-06,4e-06
data/raf_db/test/3/test_0989_aligned.jpg,3,3,6e-06,1.4e-05,6e-06,0.999956,4e-06,9e-06,5e-06
data/raf_db/test/3/test_0329_aligned.jpg,3,3,6e-06,1.2e-05,7e-06,0.999958,3e-06,5e-06,8e-06
data/raf_db/test/3/test_0816_aligned.jpg,3,3,3.6e-05,4.4e-05,9e-06,0.999856,1e-06,1.9e-05,3.6e-05
data/raf_db/test/3/test_2151_aligned.jpg,3,3,3.3e-05,3.2e-05,3e-06,0.99979,2e-06,1.2e-05,0.000129
data/raf_db/test/3/test_1096_aligned.jpg,3,3,5e-06,6e-06,6e-06,0.999952,4e-06,8e-06,1.9e-05
data/raf_db/test/3/test_2033_aligned.jpg,3,3,4e-06,0.000209,4e-06,0.999723,3e-05,1.8e-05,1.2e-05
data/raf_db/test/3/test_0974_aligned.jpg,3,3,4e-06,2.1e-05,4.3e-05,0.998519,1.1e-05,0.001395,7e-06
data/raf_db/test/3/test_0552_aligned.jpg,3,3,0.000158,0.000124,1.1e-05,0.999658,3.7e-05,9e-06,2e-06
data/raf_db/test/3/test_1978_aligned.jpg,3,3,1.5e-05,3e-06,1.3e-05,0.999926,2e-06,2.2e-05,1.8e-05
data/raf_db/test/3/test_0105_aligned.jpg,3,3,6e-06,0.000129,2e-06,0.999633,5e-06,4.1e-05,0.000185
data/raf_db/test/3/test_1717_aligned.jpg,3,3,2e-06,1.1e-05,1.2e-05,0.999549,0.000377,1e-05,3.9e-05
data/raf_db/test/3/test_0455_aligned.jpg,3,3,4e-06,0.000102,1e-05,0.99984,7e-06,3.4e-05,4e-06
data/raf_db/test/3/test_1247_aligned.jpg,3,3,1.2e-05,4e-06,6e-05,0.9999,1.2e-05,1e-05,2e-06
data/raf_db/test/3/test_1191_aligned.jpg,3,3,2e-06,9e-06,1.3e-05,0.99993,3.3e-05,6e-06,7e-06
data/raf_db/test/3/test_0783_aligned.jpg,3,3,4e-06,0.000133,9e-06,0.999828,1.5e-05,5e-06,6e-06
data/raf_db/test/3/test_2134_aligned.jpg,3,3,2e-06,1.9e-05,1.5e-05,0.999797,1.6e-05,2.5e-05,0.000126
data/raf_db/test/3/test_0911_aligned.jpg,3,3,6e-06,6e-06,5e-06,0.999793,0.000172,5e-06,1.4e-05
data/raf_db/test/3/test_1325_aligned.jpg,3,6,2.2e-05,7.3e-05,1.9e-05,0.006064,2.1e-05,0.000567,0.993235
data/raf_db/test/3/test_0067_aligned.jpg,3,3,3e-06,3e-06,7e-06,0.999951,1e-05,1.5e-05,1.1e-05
data/raf_db/test/3/test_0175_aligned.jpg,3,3,3e-06,0.000494,9e-06,0.9993,0.000104,2e-06,8.8e-05
data/raf_db/test/3/test_0425_aligned.jpg,3,3,0.000152,0.031777,3.2e-05,0.967939,2.1e-05,4.6e-05,3.4e-05
data/raf_db/test/3/test_1897_aligned.jpg,3,3,7e-06,3e-06,7e-06,0.999947,1.9e-05,9e-06,8e-06
data/raf_db/test/3/test_0803_aligned.jpg,3,3,8e-06,0.000121,1.8e-05,0.999761,8e-05,1e-06,1.1e-05
data/raf_db/test/3/test_2144_aligned.jpg,3,3,0.000359,0.000411,1.8e-05,0.946855,1e-05,9.5e-05,0.052252
data/raf_db/test/3/test_0961_aligned.jpg,3,3,1e-05,3e-06,8e-06,0.999769,2.3e-05,0.000181,6e-06
data/raf_db/test/3/test_0188_aligned.jpg,3,3,6e-06,6e-06,1.3e-05,0.999955,5e-06,1.2e-05,4e-06
data/raf_db/test/3/test_0547_aligned.jpg,3,3,2e-05,3.3e-05,2e-05,0.999889,1e-06,2.8e-05,9e-06
data/raf_db/test/3/test_1605_aligned.jpg,3,3,6e-06,2.3e-05,1.3e-05,0.99994,4e-06,6e-06,8e-06
data/raf_db/test/3/test_2231_aligned.jpg,3,3,1.6e-05,3.2e-05,2.6e-05,0.999895,2.5e-05,3e-06,3e-06
data/raf_db/test/3/test_0486_aligned.jpg,3,3,8e-06,3e-06,7e-06,0.999952,1.5e-05,7e-06,9e-06
data/raf_db/test/3/test_1834_aligned.jpg,3,3,4e-06,3e-06,2e-06,0.999756,7.1e-05,2.3e-05,0.00014
data/raf_db/test/3/test_0519_aligned.jpg,3,3,6e-06,4e-06,6e-06,0.999956,4e-06,7e-06,1.6e-05
data/raf_db/test/3/test_0750_aligned.jpg,3,3,4e-06,2.8e-05,6e-06,0.999915,3.5e-05,3e-06,9e-06
data/raf_db/test/3/test_1570_aligned.jpg,3,3,6e-06,9e-06,8e-06,0.999959,7e-06,5e-06,6e-06
data/raf_db/test/3/test_0362_aligned.jpg,3,3,2e-06,6e-06,4e-06,0.999928,3.3e-05,6e-06,2e-05
data/raf_db/test/3/test_1020_aligned.jpg,3,3,1.4e-05,9e-06,5e-06,0.999952,2e-06,9e-06,9e-06
data/raf_db/test/3/test_0632_aligned.jpg,3,3,5e-06,7e-06,5e-06,0.999952,7e-06,1e-05,1.4e-05
data/raf_db/test/3/test_2085_aligned.jpg,3,6,0.000575,0.00013,8.3e-05,0.006379,9.7e-05,0.000113,0.992623
data/raf_db/test/3/test_1269_aligned.jpg,3,3,1.1e-05,7e-06,8e-06,0.999948,1.3e-05,2e-06,1e-05
data/raf_db/test/3/test_1844_aligned.jpg,3,3,0.000187,0.056385,8.3e-05,0.601353,0.000143,3.7e-05,0.341814
data/raf_db/test/3/test_0569_aligned.jpg,3,3,6e-06,1e-05,9e-06,0.999717,0.000246,4e-06,8e-06
data/raf_db/test/3/test_2008_aligned.jpg,3,3,7e-06,2e-06,9e-06,0.999955,7e-06,1.2e-05,7e-06
data/raf_db/test/3/test_0720_aligned.jpg,3,3,6e-06,8e-06,2.9e-05,0.999931,7e-06,1.5e-05,3e-06
data/raf_db/test/3/test_2197_aligned.jpg,3,3,1.7e-05,2e-05,8e-06,0.998108,7e-06,6e-06,0.001834
data/raf_db/test/3/test_0270_aligned.jpg,3,3,8e-06,5e-06,5e-06,0.999961,5e-06,6e-06,9e-06
data/raf_db/test/3/test_0312_aligned.jpg,3,3,7e-06,4e-06,6.4e-05,0.999732,1.9e-05,0.000172,2e-06
data/raf_db/test/3/test_0642_aligned.jpg,3,3,6e-06,3e-06,6e-06,0.999927,4.1e-05,7e-06,1e-05
data/raf_db/test/3/test_0594_aligned.jpg,3,3,9e-06,6e-06,1.8e-05,0.999949,3e-06,8e-06,8e-06
data/raf_db/test/3/test_1219_aligned.jpg,3,3,6e-06,1.6e-05,3.2e-05,0.986671,0.000922,1.6e-05,0.012337
data/raf_db/test/3/test_1749_aligned.jpg,3,3,9.6e-05,0.000796,5.8e-05,0.990367,0.008644,6e-06,3.4e-05
data/raf_db/test/3/test_0588_aligned.jpg,3,3,1.2e-05,2e-06,2.3e-05,0.999932,7e-06,7e-06,1.7e-05
data/raf_db/test/3/test_0417_aligned.jpg,3,3,2e-06,5e-06,5e-06,0.999707,2.5e-05,3.4e-05,0.000223
data/raf_db/test/3/test_1205_aligned.jpg,3,3,6e-06,1.6e-05,6e-06,0.999931,3.3e-05,4e-06,4e-06
data/raf_db/test/3/test_1755_aligned.jpg,3,3,6e-06,7e-06,9e-06,0.999944,2.5e-05,3e-06,6e-06
data/raf_db/test/3/test_1483_aligned.jpg,3,3,6e-06,8.8e-05,1.7e-05,0.999847,8e-06,2.9e-05,4e-06
data/raf_db/test/3/test_0291_aligned.jpg,3,3,4e-06,7e-06,7e-06,0.999956,1e-05,3e-06,1.3e-05
data/raf_db/test/3/test_2176_aligned.jpg,3,3,2e-05,4e-06,1.2e-05,0.99973,0.000212,1.9e-05,4e-06
data/raf_db/test/3/test_0831_aligned.jpg,3,3,6e-06,6e-06,2e-05,0.999948,8e-06,9e-06,3e-06
data/raf_db/test/3/test_0025_aligned.jpg,3,3,0.000257,1.9e-05,3.4e-05,0.999665,1.4e-05,5e-06,6e-06
data/raf_db/test/3/test_0575_aligned.jpg,3,3,0.363924,0.00023,0.001144,0.633629,0.000843,3.2e-05,0.000198
data/raf_db/test/3/test_1275_aligned.jpg,3,3,2.6e-05,3e-06,7.6e-05,0.999859,2.5e-05,4e-06,6e-06
data/raf_db/test/3/test_0467_aligned.jpg,3,3,5e-06,1.7e-05,1e-05,0.99995,1e-05,3e-06,5e-06
data/raf_db/test/3/test_0137_aligned.jpg,3,3,2e-06,8e-06,4e-06,0.999935,1.1e-05,1.2e-05,2.8e-05
data/raf_db/test/3/test_0841_aligned.jpg,3,3,1.3e-05,8e-06,4e-06,0.999845,2e-06,1.1e-05,0.000116
data/raf_db/test/3/test_2106_aligned.jpg,3,3,1.9e-05,2e-05,1.7e-05,0.99993,7e-06,5e-06,2e-06
data/raf_db/test/3/test_2064_aligned.jpg,3,3,5e-06,4.6e-05,4e-06,0.999579,0.000165,1e-06,0.0002
data/raf_db/test/3/test_0383_aligned.jpg,3,1,0.000153,0.946448,2.5e-05,0.005669,3.7e-05,0.000594,0.047075
data/raf_db/test/3/test_1591_aligned.jpg,3,3,1.8e-05,4e-06,2.4e-05,0.999909,3.5e-05,4e-06,6e-06
data/raf_db/test/3/test_0923_aligned.jpg,3,3,3e-06,1.1e-05,6e-06,0.999952,1.4e-05,4e-06,1e-05
data/raf_db/test/3/test_1288_aligned.jpg,3,3,3e-06,4e-06,8e-06,0.999942,1e-05,7e-06,2.6e-05
data/raf_db/test/3/test_1647_aligned.jpg,3,3,3e-05,5e-06,3e-05,0.99985,2e-06,7.9e-05,5e-06
data/raf_db/test/3/test_0055_aligned.jpg,3,3,6e-06,0.000108,4e-06,0.999404,0.000109,3e-06,0.000366
data/raf_db/test/3/test_0505_aligned.jpg,3,3,4e-06,4e-06,7e-06,0.999942,1.2e-05,1.3e-05,1.7e-05
data/raf_db/test/3/test_0194_aligned.jpg,3,3,8e-06,6e-06,9e-06,0.999959,4e-06,6e-06,8e-06
data/raf_db/test/3/test_1876_aligned.jpg,3,3,1.1e-05,9e-06,8e-06,0.999258,3e-06,2.2e-05,0.000688
data/raf_db/test/3/test_1100_aligned.jpg,3,3,2.2e-05,0.001749,1.3e-05,0.982412,1.1e-05,5e-05,0.015743
data/raf_db/test/3/test_0712_aligned.jpg,3,3,5e-06,4e-06,1.1e-05,0.999951,1.7e-05,4e-06,9e-06
data/raf_db/test/3/test_1062_aligned.jpg,3,3,8e-06,3e-06,6e-06,0.999918,5e-05,6e-06,1e-05
data/raf_db/test/3/test_0670_aligned.jpg,3,3,9e-06,9.1e-05,5.4e-05,0.998194,0.001622,7e-06,2.3e-05
data/raf_db/test/3/test_1532_aligned.jpg,3,3,0.000204,7e-06,5.2e-05,0.991031,1.2e-05,3.6e-05,0.008659
data/raf_db/test/3/test_0320_aligned.jpg,3,3,6e-06,8e-06,1.8e-05,0.999904,3e-06,4.5e-05,1.7e-05
data/raf_db/test/3/test_0980_aligned.jpg,3,3,1.1e-05,4.7e-05,0.000203,0.987793,0.011915,2.3e-05,9e-06
data/raf_db/test/3/test_0439_aligned.jpg,3,3,4e-06,2e-06,1.9e-05,0.999942,1.1e-05,1.6e-05,6e-06
data/raf_db/test/3/test_2203_aligned.jpg,3,3,6e-06,5.3e-05,2e-06,0.999452,0.000398,6e-06,8.3e-05
data/raf_db/test/3/test_1999_aligned.jpg,3,3,1.4e-05,4e-06,1.3e-05,0.999933,2.5e-05,2e-06,8e-06
data/raf_db/test/3/test_0232_aligned.jpg,3,3,2.4e-05,1.6e-05,6e-06,0.999929,2e-06,6e-06,1.6e-05
data/raf_db/test/3/test_1170_aligned.jpg,3,3,2e-06,1e-05,1e-05,0.999946,7e-06,1.4e-05,1.2e-05
data/raf_db/test/3/test_2128_aligned.jpg,3,3,0.00069,4.1e-05,7e-06,0.99921,2.1e-05,3e-06,2.7e-05
data/raf_db/test/3/test_0600_aligned.jpg,3,3,5e-06,7e-06,1.1e-05,0.999956,6e-06,3e-06,1.1e-05
data/raf_db/test/3/test_1012_aligned.jpg,3,3,4e-06,7e-06,1.3e-05,0.999958,6e-06,6e-06,7e-06
data/raf_db/test/3/test_0350_aligned.jpg,3,3,2e-06,1.8e-05,4e-06,0.99989,5.4e-05,5e-06,2.8e-05
data/raf_db/test/3/test_1694_aligned.jpg,3,3,5e-06,7e-06,9e-06,0.999957,7e-06,6e-06,9e-06
data/raf_db/test/3/test_0449_aligned.jpg,3,3,2.6e-05,2e-06,8e-06,0.999932,8e-06,1.8e-05,7e-06
data/raf_db/test/3/test_1917_aligned.jpg,3,3,4e-06,2.4e-05,6e-06,0.999947,3e-06,9e-06,7e-06
data/raf_db/test/3/test_1778_aligned.jpg,3,6,2.3e-05,1.4e-05,0.000111,0.013677,0.000209,0.037901,0.948065
data/raf_db/test/3/test_1888_aligned.jpg,3,3,4e-06,5e-06,4e-06,0.999918,1.8e-05,5e-06,4.7e-05
data/raf_db/test/3/test_0673_aligned.jpg,3,3,0.000128,3e-06,3.6e-05,0.999796,2.4e-05,3e-06,9e-06
data/raf_db/test/3/test_1531_aligned.jpg,3,3,9e-06,9e-06,4e-06,0.9999,5e-06,6e-06,6.7e-05
data/raf_db/test/3/test_2039_aligned.jpg,3,3,1.1e-05,2.9e-05,1e-05,0.997776,6e-06,9e-06,0.002159
data/raf_db/test/3/test_0711_aligned.jpg,3,3,4.9e-05,3.9e-05,5e-05,0.999844,1.3e-05,2e-06,2e-06
data/raf_db/test/3/test_0558_aligned.jpg,3,3,1.5e-05,6e-06,7e-06,0.999953,5e-06,5e-06,1e-05
data/raf_db/test/3/test_1697_aligned.jpg,3,3,1.1e-05,1e-06,1.2e-05,0.999913,2.2e-05,3.2e-05,9e-06
data/raf_db/test/3/test_1708_aligned.jpg,3,3,2e-06,5e-06,2e-06,0.9999,1.2e-05,1.4e-05,6.5e-05
data/raf_db/test/3/test_1011_aligned.jpg,3,3,1e-05,2e-06,9e-06,0.999947,5e-06,1.1e-05,1.6e-05
data/raf_db/test/3/test_1541_aligned.jpg,3,3,2.1e-05,2e-06,2.8e-05,0.999922,5e-06,1.1e-05,1.1e-05
data/raf_db/test/3/test_0353_aligned.jpg,3,3,4e-06,4e-06,5e-06,0.999907,5e-06,8e-06,6.6e-05
data/raf_db/test/3/test_2049_aligned.jpg,3,3,4e-06,1.3e-05,5e-06,0.999929,6e-06,2e-06,4e-05
data/raf_db/test/3/test_1423_aligned.jpg,3,3,6e-06,2e-06,2.4e-05,0.999879,6e-05,2.3e-05,6e-06
data/raf_db/test/3/test_0231_aligned.jpg,3,3,4e-05,1.1e-05,3.8e-05,0.999575,1e-06,0.000327,7e-06
data/raf_db/test/3/test_2200_aligned.jpg,3,3,9e-06,7e-06,8e-06,0.999956,3e-06,9e-06,8e-06
data/raf_db/test/3/test_0528_aligned.jpg,3,3,6e-06,8e-06,7e-06,0.99996,9e-06,3e-06,7e-06
data/raf_db/test/3/test_0078_aligned.jpg,3,3,4e-06,2e-06,6e-06,0.999908,3.7e-05,2.7e-05,1.5e-05
data/raf_db/test/3/test_0026_aligned.jpg,3,3,1.1e-05,5e-06,1.8e-05,0.99995,5e-06,6e-06,6e-06
data/raf_db/test/3/test_1364_aligned.jpg,3,3,4.4e-05,1.2e-05,2e-06,0.999897,2.2e-05,3e-06,2e-05
data/raf_db/test/3/test_0576_aligned.jpg,3,3,6e-06,4e-06,1.3e-05,0.999955,3e-06,1e-05,8e-06
data/raf_db/test/3/test_0832_aligned.jpg,3,3,5e-06,7e-06,1.5e-05,0.999946,1.8e-05,4e-06,5e-06
data/raf_db/test/3/test_0292_aligned.jpg,3,3,3e-06,0.000151,5e-06,0.999747,1.6e-05,7.2e-05,6e-06
data/raf_db/test/3/test_1480_aligned.jpg,3,3,1e-06,3e-05,1.1e-05,0.999898,3.2e-05,3e-06,2.5e-05
data/raf_db/test/3/test_2175_aligned.jpg,3,3,8e-06,5e-06,1.7e-05,0.999857,0.000104,5e-06,6e-06
data/raf_db/test/3/test_1206_aligned.jpg,3,3,1.4e-05,7e-06,6e-06,0.99963,2.4e-05,2.3e-05,0.000296
data/raf_db/test/3/test_0414_aligned.jpg,3,3,1.2e-05,2.2e-05,8e-06,0.999945,3e-06,5e-06,5e-06
data/raf_db/test/3/test_0144_aligned.jpg,3,3,9e-06,3e-06,9e-06,0.999956,9e-06,6e-06,8e-06
data/raf_db/test/3/test_0056_aligned.jpg,3,3,0.000128,2.2e-05,0.00057,0.952285,0.046639,1.9e-05,0.000338
data/raf_db/test/3/test_1644_aligned.jpg,3,3,7e-06,2e-06,1e-05,0.999938,1.4e-05,2e-05,1e-05
data/raf_db/test/3/test_0506_aligned.jpg,3,3,6e-06,8e-06,6e-06,0.999953,3e-06,1e-05,1.6e-05
data/raf_db/test/3/test_0380_aligned.jpg,3,3,5e-06,6e-06,1.6e-05,0.999954,8e-06,5e-06,6e-06
data/raf_db/test/3/test_2105_aligned.jpg,3,3,7e-06,8e-06,6e-06,0.999903,5e-06,3e-06,6.7e-05
data/raf_db/test/3/test_0842_aligned.jpg,3,3,2.8e-05,3e-06,1.3e-05,0.999918,3e-06,2e-05,1.4e-05
data/raf_db/test/3/test_0464_aligned.jpg,3,3,9e-06,3e-06,1.7e-05,0.999935,2.3e-05,8e-06,4e-06
data/raf_db/test/3/test_1276_aligned.jpg,3,3,1.5e-05,4e-06,6e-06,0.999944,9e-06,3e-06,1.9e-05
data/raf_db/test/3/test_1726_aligned.jpg,3,3,1e-05,3.9e-05,6e-06,0.999927,2e-06,9e-06,7e-06
data/raf_db/test/3/test_0478_aligned.jpg,3,3,8e-06,4e-06,1e-05,0.999941,3e-06,9e-06,2.4e-05
data/raf_db/test/3/test_0128_aligned.jpg,3,3,0.001317,6.6e-05,0.00015,0.867671,1.2e-05,0.130743,4.1e-05
data/raf_db/test/3/test_2086_aligned.jpg,3,3,7e-06,6.6e-05,4e-06,0.999807,2e-06,1.1e-05,0.000102
data/raf_db/test/3/test_0631_aligned.jpg,3,3,5e-06,1e-05,1.7e-05,0.999948,7e-06,3e-06,1e-05
data/raf_db/test/3/test_0753_aligned.jpg,3,3,3.2e-05,2e-06,1.3e-05,0.99988,6e-05,5e-06,7e-06
data/raf_db/test/3/test_1837_aligned.jpg,3,3,6e-06,7e-06,1.1e-05,0.999933,2.6e-05,3e-06,1.4e-05
data/raf_db/test/3/test_1297_aligned.jpg,3,3,5e-06,8.4e-05,1.8e-05,0.999876,7e-06,6e-06,4e-06
data/raf_db/test/3/test_0485_aligned.jpg,3,3,6e-06,8e-06,7e-06,0.999961,6e-06,7e-06,5e-06
data/raf_db/test/3/test_2232_aligned.jpg,3,3,2e-06,1e-05,4e-06,0.999924,2e-05,3e-06,3.6e-05
data/raf_db/test/3/test_1658_aligned.jpg,3,3,5.3e-05,2.1e-05,0.000398,0.948579,0.000164,0.050776,9e-06
data/raf_db/test/3/test_1308_aligned.jpg,3,3,0.000248,0.426907,7.1e-05,0.566307,0.000332,2.7e-05,0.006109
data/raf_db/test/3/test_1925_aligned.jpg,3,3,9e-06,4e-06,7e-06,0.99995,2e-05,5e-06,6e-06
data/raf_db/test/3/test_0597_aligned.jpg,3,3,5.4e-05,9e-06,5e-06,0.999893,3e-05,3e-06,7e-06
data/raf_db/test/3/test_0408_aligned.jpg,3,3,2.4e-05,1.9e-05,5e-06,0.999913,1e-06,1.2e-05,2.7e-05
data/raf_db/test/3/test_0158_aligned.jpg,3,3,4e-06,1e-06,8e-06,0.999872,4.5e-05,5.1e-05,1.8e-05
data/raf_db/test/3/test_0311_aligned.jpg,3,3,7e-06,3e-06,6e-06,0.999947,2.3e-05,7e-06,6e-06
data/raf_db/test/3/test_1053_aligned.jpg,3,3,1.1e-05,1.3e-05,2.5e-05,0.999663,0.000276,1e-06,1.1e-05
data/raf_db/test/3/test_0641_aligned.jpg,3,3,6e-06,1.1e-05,1.7e-05,0.999795,0.000161,7e-06,3e-06
data/raf_db/test/3/test_0723_aligned.jpg,3,3,4e-06,5e-06,8e-06,0.999958,9e-06,5e-06,1.2e-05
data/raf_db/test/3/test_1628_aligned.jpg,3,3,1.4e-05,2e-06,1.1e-05,0.999924,4e-06,2.5e-05,1.9e-05
data/raf_db/test/3/test_1819_aligned.jpg,3,3,8e-06,4e-06,8e-06,0.99993,3.9e-05,6e-06,4e-06
data/raf_db/test/3/test_0534_aligned.jpg,3,3,1.5e-05,1.8e-05,8e-06,0.999938,2e-06,6e-06,1.3e-05
data/raf_db/test/3/test_1676_aligned.jpg,3,3,3e-06,1.3e-05,3.5e-05,0.985011,5e-05,0.001134,0.013753
data/raf_db/test/3/test_0064_aligned.jpg,3,3,7.8e-05,4e-06,1.1e-05,0.996589,2.6e-05,5.7e-05,0.003235
data/raf_db/test/3/test_2055_aligned.jpg,3,3,6.4e-05,9e-06,1.1e-05,0.999823,3e-06,3e-06,8.6e-05
data/raf_db/test/3/test_2137_aligned.jpg,3,3,0.000112,3e-06,0.001702,0.998013,0.000106,5.8e-05,5e-06
data/raf_db/test/3/test_0780_aligned.jpg,3,3,0.00566,7e-05,9.1e-05,0.994133,2.4e-05,7e-06,1.5e-05
data/raf_db/test/3/test_0106_aligned.jpg,3,3,3e-06,8e-06,4e-06,0.999932,4e-06,1.4e-05,3.4e-05
data/raf_db/test/3/test_0456_aligned.jpg,3,3,1e-06,2.7e-05,2e-06,0.999893,2.8e-05,1.8e-05,3e-05
data/raf_db/test/3/test_0544_aligned.jpg,3,3,5e-06,8e-06,8e-06,0.999961,5e-06,6e-06,7e-06
data/raf_db/test/3/test_1356_aligned.jpg,3,3,3e-06,3.8e-05,5e-06,0.999916,2.4e-05,3e-06,1.2e-05
data/raf_db/test/3/test_0014_aligned.jpg,3,3,5e-06,8e-06,9e-06,0.999961,5e-06,6e-06,6e-06
data/raf_db/test/3/test_0962_aligned.jpg,3,3,2.7e-05,8e-06,4.1e-05,0.999634,4e-06,0.000283,2e-06
data/raf_db/test/3/test_0692_aligned.jpg,3,3,4e-06,2.1e-05,3e-06,0.999496,0.000374,3e-06,9.9e-05
data/raf_db/test/3/test_0800_aligned.jpg,3,3,4e-06,6e-06,7e-06,0.999957,8e-06,4e-06,1.4e-05
data/raf_db/test/3/test_1894_aligned.jpg,3,3,5e-06,4e-06,7e-06,0.999956,9e-06,5e-06,1.5e-05
data/raf_db/test/3/test_0176_aligned.jpg,3,3,0.000113,1.4e-05,1.9e-05,0.999834,6e-06,3e-06,1.1e-05
data/raf_db/test/3/test_1764_aligned.jpg,3,3,4e-06,4e-06,4e-06,0.999919,1.4e-05,5e-06,5e-05
data/raf_db/test/3/test_0426_aligned.jpg,3,3,0.002073,4e-06,5.3e-05,0.997745,6.8e-05,3.5e-05,2.2e-05
data/raf_db/test/3/test_0071_aligned.jpg,3,3,3e-06,6e-06,7e-06,0.999852,9.5e-05,4e-06,3.3e-05
data/raf_db/test/3/test_0521_aligned.jpg,3,3,3e-06,1e-05,7e-06,0.999956,5e-06,5e-06,1.4e-05
data/raf_db/test/3/test_0768_aligned.jpg,3,3,7e-06,6e-06,1e-05,0.999955,5e-06,5e-06,1.1e-05
data/raf_db/test/3/test_0238_aligned.jpg,3,3,4e-06,2.4e-05,1.1e-05,0.999876,7.1e-05,1e-06,1.2e-05
data/raf_db/test/3/test_0898_aligned.jpg,3,3,7e-06,4e-06,4e-06,0.999929,1.6e-05,3e-06,3.6e-05
data/raf_db/test/3/test_2040_aligned.jpg,3,3,3e-06,4e-06,1.3e-05,0.999949,4e-06,1.1e-05,1.6e-05
data/raf_db/test/3/test_1548_aligned.jpg,3,3,2e-06,2.8e-05,2e-06,0.999572,9e-06,2.3e-05,0.000364
data/raf_db/test/3/test_0865_aligned.jpg,3,3,5e-06,3e-06,1.3e-05,0.999953,1.3e-05,6e-06,7e-06
data/raf_db/test/3/test_2122_aligned.jpg,3,3,5e-06,2.1e-05,7e-06,0.999845,0.000111,2e-06,8e-06
data/raf_db/test/3/test_0443_aligned.jpg,3,3,3.5e-05,2e-06,1e-05,0.999898,5e-06,4e-05,1e-05
data/raf_db/test/3/test_0113_aligned.jpg,3,3,4e-06,0.000149,3.3e-05,0.999753,5.3e-05,4e-06,5e-06
data/raf_db/test/3/test_1701_aligned.jpg,3,3,0.000741,7e-06,7e-05,0.997433,0.001725,1.1e-05,1.1e-05
data/raf_db/test/3/test_0718_aligned.jpg,3,3,1.2e-05,6e-06,7e-06,0.999954,3e-06,5e-06,1.2e-05
data/raf_db/test/3/test_0248_aligned.jpg,3,3,3e-06,4e-06,7e-06,0.999959,1.1e-05,8e-06,7e-06
data/raf_db/test/3/test_0977_aligned.jpg,3,3,0.000131,0.165461,2.8e-05,0.832731,3.2e-05,0.001162,0.000455
data/raf_db/test/3/test_2030_aligned.jpg,3,3,3e-06,5.2e-05,4e-06,0.999909,2e-05,3e-06,8e-06
data/raf_db/test/3/test_1538_aligned.jpg,3,3,7e-06,5.9e-05,4e-06,0.999908,9e-06,3e-06,1e-05
data/raf_db/test/3/test_1068_aligned.jpg,3,3,3e-06,1e-05,5e-06,0.99995,1.2e-05,3e-06,1.8e-05
data/raf_db/test/3/test_2152_aligned.jpg,3,3,4e-06,4.1e-05,2e-05,0.997821,0.000304,2e-06,0.001808
data/raf_db/test/3/test_0815_aligned.jpg,3,3,1e-06,5e-06,1.6e-05,0.999905,1.9e-05,1.8e-05,3.7e-05
data/raf_db/test/3/test_1881_aligned.jpg,3,3,3.3e-05,4e-06,1.2e-05,0.999897,4e-06,3.5e-05,1.5e-05
data/raf_db/test/3/test_0433_aligned.jpg,3,3,6e-06,7e-06,6e-06,0.999958,9e-06,4e-06,1.1e-05
data/raf_db/test/3/test_1940_aligned.jpg,3,5,0.014694,0.000235,0.00167,0.376721,0.000889,0.590734,0.015057
data/raf_db/test/3/test_2093_aligned.jpg,3,3,3e-06,4e-06,9e-06,0.999947,8e-06,7e-06,2.3e-05
data/raf_db/test/3/test_0374_aligned.jpg,3,3,1.4e-05,3e-06,7.3e-05,0.99965,4.7e-05,0.000205,9e-06
data/raf_db/test/3/test_0746_aligned.jpg,3,3,9e-06,0.00024,2.1e-05,0.999684,3.7e-05,7e-06,2e-06
data/raf_db/test/3/test_0929_aligned.jpg,3,3,3e-06,5e-06,7e-06,0.999958,6e-06,6e-06,1.4e-05
data/raf_db/test/3/test_0490_aligned.jpg,3,3,4e-06,3e-06,4e-05,0.999915,2.3e-05,5e-06,1e-05
data/raf_db/test/3/test_1930_aligned.jpg,3,3,0.000202,6e-06,0.000103,0.972221,0.002331,0.024862,0.000275
data/raf_db/test/3/test_0582_aligned.jpg,3,0,0.917822,0.002794,0.016929,0.027121,0.004476,0.006514,0.024345
data/raf_db/test/3/test_0654_aligned.jpg,3,3,5e-06,4e-06,8e-06,0.999771,0.000177,5e-06,3.1e-05
data/raf_db/test/3/test_1046_aligned.jpg,3,3,3e-06,2.3e-05,9e-06,0.999945,5e-06,4e-06,1e-05
data/raf_db/test/3/test_0304_aligned.jpg,3,3,6e-06,4e-06,1.6e-05,0.999952,4e-06,8e-06,1.1e-05
data/raf_db/test/3/test_1516_aligned.jpg,3,3,2e-06,9e-06,3e-06,0.999901,3.3e-05,6e-06,4.7e-05
data/raf_db/test/3/test_1489_aligned.jpg,3,3,9e-06,5e-06,1.2e-05,0.999949,1.5e-05,3e-06,6e-06
data/raf_db/test/3/test_0266_aligned.jpg,3,3,3e-06,1e-05,1.1e-05,0.999955,1e-05,4e-06,6e-06
data/raf_db/test/3/test_2181_aligned.jpg,3,3,9e-06,1.3e-05,3e-06,0.999715,2e-06,2.8e-05,0.00023
data/raf_db/test/3/test_0959_aligned.jpg,3,3,2e-06,7e-06,1.1e-05,0.999897,4e-06,1.1e-05,6.7e-05
data/raf_db/test/3/test_0563_aligned.jpg,3,3,1.6e-05,8e-06,7e-06,0.999947,2e-06,6e-06,1.4e-05
data/raf_db/test/3/test_0033_aligned.jpg,3,3,1.4e-05,5e-06,7e-06,0.999951,4e-06,4e-06,1.5e-05
data/raf_db/test/3/test_1468_aligned.jpg,3,3,4e-06,1.3e-05,5.2e-05,0.999903,1.5e-05,9e-06,4e-06
data/raf_db/test/3/test_2002_aligned.jpg,3,3,2e-06,6e-06,6e-06,0.999945,1.9e-05,5e-06,1.7e-05
data/raf_db/test/3/test_0945_aligned.jpg,3,3,9e-06,7e-06,9e-06,0.999957,3e-06,8e-06,7e-06
data/raf_db/test/3/test_0648_aligned.jpg,3,3,3.9e-05,7e-06,6e-06,0.999921,1.8e-05,4e-06,5e-06
data/raf_db/test/3/test_0827_aligned.jpg,3,3,4e-06,7e-06,6e-06,0.999949,5e-06,7e-06,2.1e-05
data/raf_db/test/3/test_2160_aligned.jpg,3,3,4e-06,0.000502,2.5e-05,0.99782,0.001522,2e-06,0.000126
data/raf_db/test/3/test_0287_aligned.jpg,3,3,6e-06,1.5e-05,1.9e-05,0.999945,5e-06,5e-06,5e-06
data/raf_db/test/3/test_1743_aligned.jpg,3,3,5e-06,6e-06,1e-05,0.999956,5e-06,1e-05,8e-06
data/raf_db/test/3/test_1213_aligned.jpg,3,3,3e-06,8e-06,2e-06,0.999918,1.7e-05,1.1e-05,4.2e-05
data/raf_db/test/3/test_1418_aligned.jpg,3,3,8e-06,6e-06,9e-06,0.999941,3e-06,4e-06,2.9e-05
data/raf_db/test/3/test_2072_aligned.jpg,3,3,1.5e-05,1.2e-05,8e-06,0.999935,2e-06,2.3e-05,6e-06
data/raf_db/test/3/test_0638_aligned.jpg,3,3,6e-06,3.4e-05,1e-05,0.999909,3e-06,3.2e-05,6e-06
data/raf_db/test/3/test_2110_aligned.jpg,3,3,8e-06,1.6e-05,4e-06,0.999949,1e-05,2e-06,1.1e-05
data/raf_db/test/3/test_0857_aligned.jpg,3,3,2e-06,1.3e-05,1e-05,0.999947,1.4e-05,6e-06,1e-05
data/raf_db/test/3/test_1733_aligned.jpg,3,3,3e-06,1.4e-05,2.3e-05,0.999934,7e-06,1.5e-05,3e-06
data/raf_db/test/3/test_0996_aligned.jpg,3,3,7e-05,0.009615,0.000589,0.987055,0.000778,8e-06,0.001885
data/raf_db/test/3/test_1524_aligned.jpg,3,3,9e-06,1.4e-05,3.7e-05,0.999263,0.000664,3e-06,9e-06
data/raf_db/test/3/test_0666_aligned.jpg,3,3,6e-06,2.2e-05,1.3e-05,0.999936,1.2e-05,8e-06,2e-06
data/raf_db/test/3/test_0809_aligned.jpg,3,3,5e-06,5.1e-05,2e-06,0.999877,1e-05,8e-06,4.7e-05
data/raf_db/test/3/test_0704_aligned.jpg,3,3,3e-06,3e-06,2.1e-05,0.999938,1.7e-05,1.1e-05,6e-06
data/raf_db/test/3/test_0254_aligned.jpg,3,3,3e-06,3.1e-05,3e-06,0.99993,5e-06,7e-06,2.1e-05
data/raf_db/test/3/test_1089_aligned.jpg,3,3,1.9e-05,4e-06,1.3e-05,0.999945,8e-06,3e-06,8e-06
data/raf_db/test/3/test_1860_aligned.jpg,3,3,5e-06,1.4e-05,6e-06,0.999954,4e-06,9e-06,7e-06
data/raf_db/test/3/test_0182_aligned.jpg,3,3,2e-06,7e-06,7e-06,0.9999,4e-05,3e-06,4.2e-05
data/raf_db/test/3/test_1790_aligned.jpg,3,3,1.1e-05,2.6e-05,8e-06,0.999936,1.1e-05,2e-06,6e-06
data/raf_db/test/3/test_1972_aligned.jpg,3,3,5e-06,2e-06,2e-05,0.999891,6.2e-05,1.2e-05,8e-06
data/raf_db/test/3/test_1554_aligned.jpg,3,3,0.000135,0.045974,4.7e-05,0.952817,0.000949,5e-06,7.4e-05
data/raf_db/test/3/test_1004_aligned.jpg,3,3,4e-06,3e-06,2.4e-05,0.999935,1.2e-05,1.3e-05,9e-06
data/raf_db/test/3/test_0879_aligned.jpg,3,3,9.6e-05,0.068971,1.7e-05,0.928348,1.3e-05,0.000159,0.002396
data/raf_db/test/3/test_0884_aligned.jpg,3,3,2e-06,1.2e-05,4e-06,0.99995,1.6e-05,6e-06,1.1e-05
data/raf_db/test/3/test_0224_aligned.jpg,3,3,8e-06,1.1e-05,1.3e-05,0.999953,7e-06,5e-06,3e-06
data/raf_db/test/3/test_2215_aligned.jpg,3,3,2.1e-05,0.182752,5.6e-05,0.814782,0.001536,2.1e-05,0.000833
data/raf_db/test/3/test_0733_aligned.jpg,3,3,7e-06,6e-06,0.000153,0.999754,5e-05,2.8e-05,2e-06
data/raf_db/test/3/test_2184_aligned.jpg,3,3,1.6e-05,2.9e-05,3e-06,0.999739,2e-06,3.4e-05,0.000178
data/raf_db/test/3/test_0418_aligned.jpg,3,3,0.000117,0.000106,3e-06,0.999737,2e-06,2e-05,1.5e-05
data/raf_db/test/3/test_0587_aligned.jpg,3,3,6e-06,4e-06,1.2e-05,0.999954,1e-05,1e-05,4e-06
data/raf_db/test/3/test_1395_aligned.jpg,3,3,1.3e-05,2e-06,8.4e-05,0.999813,6.8e-05,1.5e-05,4e-06
data/raf_db/test/3/test_0651_aligned.jpg,3,3,5e-06,8e-06,2.6e-05,0.999943,4e-06,5e-06,8e-06
data/raf_db/test/3/test_2179_aligned.jpg,3,3,1.6e-05,1.4e-05,4e-06,0.999092,3e-06,8.7e-05,0.000784
data/raf_db/test/3/test_0213_aligned.jpg,3,3,6e-06,5e-06,1.3e-05,0.999952,1.5e-05,3e-06,6e-06
data/raf_db/test/3/test_1401_aligned.jpg,3,3,2.3e-05,4e-06,8e-06,0.999941,4e-06,7e-06,1.3e-05
data/raf_db/test/3/test_0743_aligned.jpg,3,3,3e-06,5e-06,1e-05,0.999923,4.5e-05,4e-06,1e-05
data/raf_db/test/3/test_1151_aligned.jpg,3,3,3e-06,6e-06,1.5e-05,0.999929,3.5e-05,5e-06,7e-06
data/raf_db/test/3/test_1318_aligned.jpg,3,3,5e-06,1.3e-05,3e-06,0.99993,2e-06,2.4e-05,2.3e-05
data/raf_db/test/3/test_1648_aligned.jpg,3,3,5e-06,4e-06,4e-06,0.999954,5e-06,7e-06,2e-05
data/raf_db/test/3/test_1287_aligned.jpg,3,3,0.001332,7e-06,6.3e-05,0.99852,4.4e-05,6e-06,2.7e-05
data/raf_db/test/3/test_2222_aligned.jpg,3,3,4e-06,3e-06,8e-06,0.999882,4e-06,7.2e-05,2.8e-05
data/raf_db/test/3/test_0495_aligned.jpg,3,3,4e-06,2e-06,2.2e-05,0.999935,1.4e-05,1e-05,1.3e-05
data/raf_db/test/3/test_0138_aligned.jpg,3,3,4.4e-05,3e-06,5.3e-05,0.99987,7e-06,2e-05,2e-06
data/raf_db/test/3/test_0468_aligned.jpg,3,3,5e-06,0.000117,5e-06,0.999801,4e-06,1.1e-05,5.7e-05
data/raf_db/test/3/test_0621_aligned.jpg,3,3,6e-06,4e-06,8e-06,0.999943,3e-06,8e-06,2.7e-05
data/raf_db/test/3/test_2096_aligned.jpg,3,6,3.1e-05,0.00012,3e-05,6.3e-05,1e-05,2.1e-05,0.999725
data/raf_db/test/3/test_0371_aligned.jpg,3,3,1.1e-05,1.4e-05,4.5e-05,0.999716,7e-06,0.000206,2e-06
data/raf_db/test/3/test_0436_aligned.jpg,3,3,2e-06,4e-06,9e-06,0.999899,5e-06,2e-05,6.2e-05
data/raf_db/test/3/test_0166_aligned.jpg,3,3,1e-05,3e-06,5e-06,0.999953,5e-06,9e-06,1.5e-05
data/raf_db/test/3/test_1616_aligned.jpg,3,3,4e-06,4.2e-05,1.3e-05,0.999919,1.3e-05,5e-06,4e-06
data/raf_db/test/3/test_0554_aligned.jpg,3,3,6e-06,4e-06,1.2e-05,0.999945,9e-06,1.1e-05,1.2e-05
data/raf_db/test/3/test_1346_aligned.jpg,3,3,4e-06,4e-06,5.3e-05,0.9999,6e-06,2.6e-05,7e-06
data/raf_db/test/3/test_0682_aligned.jpg,3,3,4e-06,5e-06,6e-06,0.999961,6e-06,7e-06,1.1e-05
data/raf_db/test/3/test_0972_aligned.jpg,3,3,5e-06,5e-06,1.1e-05,0.999955,4e-06,5e-06,1.4e-05
data/raf_db/test/3/test_0790_aligned.jpg,3,3,3.3e-05,3.7e-05,0.000644,0.994192,0.005058,3.3e-05,3e-06
data/raf_db/test/3/test_2127_aligned.jpg,3,3,3e-06,6e-05,2e-06,0.999632,6e-06,9e-06,0.000287
data/raf_db/test/3/test_1182_aligned.jpg,3,3,7e-06,1.2e-05,1.4e-05,0.999859,9.8e-05,2e-06,8e-06
data/raf_db/test/3/test_0860_aligned.jpg,3,3,1e-06,1.8e-05,4e-06,0.999896,2e-05,4e-06,5.6e-05
data/raf_db/test/3/test_1704_aligned.jpg,3,3,8e-06,7e-06,8e-06,0.999957,3e-06,7e-06,1e-05
data/raf_db/test/3/test_0116_aligned.jpg,3,3,2.3e-05,0.000295,3e-05,0.685689,0.000206,2.7e-05,0.31373
data/raf_db/test/3/test_0074_aligned.jpg,3,3,1e-05,8e-06,6e-06,0.998998,3e-06,9.4e-05,0.000882
data/raf_db/test/3/test_0524_aligned.jpg,3,3,1.8e-05,6e-06,2.3e-05,0.999938,5e-06,3e-06,7e-06
data/raf_db/test/3/test_2045_aligned.jpg,3,3,5e-06,5e-06,5e-06,0.999954,5e-06,1.3e-05,1.4e-05
data/raf_db/test/3/test_1163_aligned.jpg,3,3,1.8e-05,2.3e-05,1e-05,0.998965,0.000941,1e-06,4.1e-05
data/raf_db/test/3/test_0771_aligned.jpg,3,3,8e-06,3e-06,3.7e-05,0.999873,6.2e-05,1.4e-05,3e-06
data/raf_db/test/3/test_0221_aligned.jpg,3,3,3e-06,5e-06,6e-06,0.999923,4e-05,1.8e-05,6e-06
data/raf_db/test/3/test_0881_aligned.jpg,3,3,3e-06,1.4e-05,6e-06,0.99995,9e-06,6e-06,1.2e-05
data/raf_db/test/3/test_2059_aligned.jpg,3,3,5e-06,3e-06,6e-06,0.999954,5e-06,1.1e-05,1.4e-05
data/raf_db/test/3/test_0068_aligned.jpg,3,3,1.3e-05,0.00039,2e-06,0.999356,6e-05,1e-06,0.000176
data/raf_db/test/3/test_0538_aligned.jpg,3,6,8e-06,0.000148,7e-06,0.001094,0.001232,4e-06,0.997507
data/raf_db/test/3/test_1718_aligned.jpg,3,3,3e-06,3e-05,3e-06,0.999869,4.3e-05,2e-06,4.8e-05
data/raf_db/test/3/test_1977_aligned.jpg,3,3,7e-06,3e-06,1.2e-05,0.999952,1.4e-05,5e-06,7e-06
data/raf_db/test/3/test_0613_aligned.jpg,3,3,5e-06,2e-06,1.4e-05,0.999914,4e-05,1.9e-05,6e-06
data/raf_db/test/3/test_0701_aligned.jpg,3,3,0.000203,3e-06,5.9e-05,0.999595,1e-05,0.000122,7e-06
data/raf_db/test/3/test_1113_aligned.jpg,3,3,1.2e-05,2.5e-05,1.1e-05,0.996916,7e-06,1.8e-05,0.003011
data/raf_db/test/3/test_0251_aligned.jpg,3,3,1.4e-05,1.8e-05,6e-06,0.999942,9e-06,2e-06,9e-06
data/raf_db/test/3/test_2029_aligned.jpg,3,3,6e-06,7e-06,8e-06,0.999959,5e-06,5e-06,8e-06
data/raf_db/test/3/test_0548_aligned.jpg,3,3,1.1e-05,9e-06,6e-06,0.999948,2e-06,1.2e-05,1.3e-05
data/raf_db/test/3/test_1865_aligned.jpg,3,3,7e-06,4e-06,3e-06,0.999674,1.7e-05,7e-06,0.000287
data/raf_db/test/3/test_1898_aligned.jpg,3,3,2e-06,3.7e-05,3e-06,0.999738,7e-06,8e-06,0.000205
data/raf_db/test/3/test_1907_aligned.jpg,3,3,2.1e-05,6e-06,4e-06,0.999936,3e-06,9e-06,2e-05
data/raf_db/test/3/test_0333_aligned.jpg,3,3,5e-06,7e-06,1.8e-05,0.999892,7.1e-05,3e-06,6e-06
data/raf_db/test/3/test_1521_aligned.jpg,3,3,8e-06,4.1e-05,1.5e-05,0.99992,4e-06,8e-06,3e-06
data/raf_db/test/3/test_0663_aligned.jpg,3,3,7e-06,1.4e-05,5e-06,0.999957,5e-06,4e-06,8e-06
data/raf_db/test/3/test_0993_aligned.jpg,3,3,1.9e-05,1.8e-05,1.3e-05,0.999525,1e-06,8.6e-05,0.000337
data/raf_db/test/3/test_0852_aligned.jpg,3,3,6e-06,2.9e-05,1.1e-05,0.999864,8.1e-05,2e-06,7e-06
data/raf_db/test/3/test_0124_aligned.jpg,3,3,7e-06,0.005561,1.2e-05,0.994309,1.9e-05,4.8e-05,4.4e-05
data/raf_db/test/3/test_0474_aligned.jpg,3,3,4e-06,2.9e-05,6e-06,0.999927,2e-06,9e-06,2.4e-05
data/raf_db/test/3/test_1959_aligned.jpg,3,3,4e-06,0.000511,1.7e-05,0.999416,3.7e-05,4e-06,1e-05
data/raf_db/test/3/test_0516_aligned.jpg,3,3,2.7e-05,6e-06,1.2e-05,0.999939,6e-06,4e-06,7e-06
data/raf_db/test/3/test_0046_aligned.jpg,3,3,4e-06,1.9e-05,1e-05,0.999949,3e-06,7e-06,7e-06
data/raf_db/test/3/test_0489_aligned.jpg,3,3,7e-06,7e-06,5e-06,0.999904,6e-05,3e-06,1.4e-05
data/raf_db/test/3/test_1582_aligned.jpg,3,3,4e-06,6e-06,6e-06,0.999956,7e-06,5e-06,1.7e-05
data/raf_db/test/3/test_0390_aligned.jpg,3,3,3.2e-05,6e-06,3.2e-05,0.99991,1.3e-05,3e-06,4e-06
data/raf_db/test/3/test_0930_aligned.jpg,3,3,3e-06,8e-06,8e-06,0.999954,1.3e-05,9e-06,5e-06
data/raf_db/test/3/test_2165_aligned.jpg,3,3,3e-06,6e-06,4e-06,0.99964,7e-06,2.2e-05,0.000318
data/raf_db/test/3/test_0282_aligned.jpg,3,3,5e-06,8e-06,1.6e-05,0.999948,1.1e-05,1e-05,3e-06
data/raf_db/test/3/test_0822_aligned.jpg,3,3,7.5e-05,2e-06,4e-06,0.999823,4.3e-05,1.2e-05,4e-05
data/raf_db/test/3/test_0154_aligned.jpg,3,3,5e-06,5e-06,5e-06,0.999963,6e-06,7e-06,1e-05
data/raf_db/test/3/test_1216_aligned.jpg,3,3,3e-06,7e-06,1.4e-05,0.999914,3e-06,4.8e-05,1e-05
data/raf_db/test/3/test_1374_aligned.jpg,3,3,5e-06,4e-06,2e-06,0.999884,5.9e-05,1.7e-05,3e-05
data/raf_db/test/3/test_2198_aligned.jpg,3,3,8e-06,1.4e-05,5e-06,0.999952,6e-06,4e-06,1.1e-05
data/raf_db/test/3/test_2007_aligned.jpg,3,3,4e-06,1.7e-05,1.4e-05,0.999948,8e-06,5e-06,4e-06
data/raf_db/test/3/test_0378_aligned.jpg,3,3,1.1e-05,4e-06,1.2e-05,0.999944,5e-06,4e-06,2.1e-05
data/raf_db/test/3/test_0628_aligned.jpg,3,3,7e-06,5e-06,2.2e-05,0.998423,0.001494,2e-05,2.9e-05
data/raf_db/test/3/test_1273_aligned.jpg,3,3,2e-06,7e-06,2.7e-05,0.999886,6.2e-05,1.1e-05,5e-06
data/raf_db/test/3/test_0461_aligned.jpg,3,3,3e-06,1.4e-05,4e-06,0.999564,5.9e-05,3e-06,0.000353
data/raf_db/test/3/test_0131_aligned.jpg,3,6,0.010132,0.000133,0.001954,0.050291,0.429874,0.023584,0.484034
data/raf_db/test/3/test_1641_aligned.jpg,3,3,2e-06,4e-06,1e-05,0.999793,0.000161,9e-06,2.1e-05
data/raf_db/test/3/test_0053_aligned.jpg,3,3,4e-06,8e-06,9e-06,0.99996,6e-06,7e-06,5e-06
data/raf_db/test/3/test_1311_aligned.jpg,3,3,3e-06,1.7e-05,5e-06,0.99995,6e-06,4e-06,1.5e-05
data/raf_db/test/3/test_0503_aligned.jpg,3,3,8e-06,7e-06,1.7e-05,0.999952,3e-06,8e-06,5e-06
data/raf_db/test/3/test_1597_aligned.jpg,3,3,4.7e-05,8e-06,6e-06,0.999573,0.000347,3e-06,1.6e-05
data/raf_db/test/3/test_1485_aligned.jpg,3,3,4e-06,0.001615,5e-06,0.998176,1.1e-05,3.2e-05,0.000157
data/raf_db/test/3/test_0308_aligned.jpg,3,3,7e-06,7e-06,4e-06,0.999962,7e-06,4e-06,9e-06
data/raf_db/test/3/test_0658_aligned.jpg,3,3,3e-06,3e-06,8e-06,0.999943,2.6e-05,8e-06,9e-06
data/raf_db/test/3/test_0411_aligned.jpg,3,3,1.9e-05,0.000129,5e-06,0.9998,7e-06,3e-06,3.7e-05
data/raf_db/test/3/test_0141_aligned.jpg,3,3,8e-06,1e-05,6e-06,0.999959,5e-06,3e-06,9e-06
data/raf_db/test/3/test_1631_aligned.jpg,3,3,1.8e-05,1.4e-05,6e-06,0.999947,2e-06,6e-06,8e-06
data/raf_db/test/3/test_0573_aligned.jpg,3,3,7e-06,4e-05,5e-06,0.999854,7.9e-05,8e-06,7e-06
data/raf_db/test/3/test_1361_aligned.jpg,3,3,1.4e-05,1e-06,1.9e-05,0.9999,2.1e-05,3.5e-05,1e-05
data/raf_db/test/3/test_0955_aligned.jpg,3,3,6e-06,8e-06,2.7e-05,0.999877,7.5e-05,3e-06,5e-06
data/raf_db/test/3/test_2012_aligned.jpg,3,3,3.2e-05,4e-06,4e-06,0.999915,1e-05,6e-06,3.1e-05
data/raf_db/test/3/test_1128_aligned.jpg,3,3,5e-06,7e-06,8e-06,0.999959,4e-06,4e-06,1.3e-05
data/raf_db/test/3/test_0234_aligned.jpg,3,3,8e-06,1e-05,5e-06,0.999951,1.5e-05,3e-06,7e-06
data/raf_db/test/3/test_1176_aligned.jpg,3,3,9e-06,6e-06,7e-06,0.999948,2e-06,1.3e-05,1.6e-05
data/raf_db/test/3/test_0894_aligned.jpg,3,3,1.5e-05,7e-06,4e-06,0.999954,5e-06,5e-06,1e-05
data/raf_db/test/3/test_2205_aligned.jpg,3,3,1.6e-05,4e-06,1.1e-05,0.999922,3.8e-05,4e-06,5e-06
data/raf_db/test/3/test_1692_aligned.jpg,3,3,1e-05,1.1e-05,4e-06,0.995934,3.5e-05,1.4e-05,0.003992
data/raf_db/test/3/test_0869_aligned.jpg,3,3,1.5e-05,6e-06,2.9e-05,0.999698,0.000243,3e-06,7e-06
data/raf_db/test/3/test_0799_aligned.jpg,3,3,1.3e-05,4e-06,9e-06,0.999952,5e-06,1.2e-05,6e-06
data/raf_db/test/3/test_1544_aligned.jpg,3,3,4e-06,5e-06,7e-06,0.99996,8e-06,1e-05,5e-06
data/raf_db/test/3/test_1456_aligned.jpg,3,6,1.3e-05,0.000306,6e-06,9.9e-05,0.001183,0.011162,0.987232
data/raf_db/test/3/test_0714_aligned.jpg,3,3,6e-06,1.2e-05,7e-06,0.999956,1e-05,3e-06,6e-06
data/raf_db/test/3/test_0192_aligned.jpg,3,3,3.7e-05,0.002251,1.3e-05,0.997657,8e-06,6e-06,2.8e-05
data/raf_db/test/3/test_1870_aligned.jpg,3,3,8e-06,0.000191,4e-06,0.99976,9e-06,2e-06,2.6e-05
data/raf_db/test/3/test_0676_aligned.jpg,3,3,5e-06,1.1e-05,1.6e-05,0.999953,5e-06,5e-06,6e-06
data/raf_db/test/3/test_0805_aligned.jpg,3,3,0.000424,7e-06,4.4e-05,0.998818,0.000434,4e-06,0.000269
data/raf_db/test/3/test_1528_aligned.jpg,3,3,6e-06,6e-06,1.1e-05,0.999934,3.4e-05,3e-06,6e-06
data/raf_db/test/3/test_1761_aligned.jpg,3,3,6e-06,7e-06,1e-05,0.999959,4e-06,5e-06,9e-06
data/raf_db/test/3/test_0173_aligned.jpg,3,3,8e-06,3e-05,5e-06,0.99994,4e-06,5e-06,8e-06
data/raf_db/test/3/test_1231_aligned.jpg,3,3,1.1e-05,1.4e-05,1.3e-05,0.999945,4e-06,8e-06,5e-06
data/raf_db/test/3/test_0423_aligned.jpg,3,3,4e-06,7e-06,5e-06,0.99996,5e-06,7e-06,1.2e-05
data/raf_db/test/3/test_1353_aligned.jpg,3,3,8e-06,1e-06,1.6e-05,0.999772,0.000154,9e-06,4e-05
data/raf_db/test/3/test_0697_aligned.jpg,3,3,5e-06,8e-06,5.2e-05,0.999535,0.000388,4e-06,8e-06
data/raf_db/test/3/test_2020_aligned.jpg,3,3,2e-06,3.2e-05,8e-06,0.999924,9e-06,1.9e-05,5e-06
data/raf_db/test/3/test_0967_aligned.jpg,3,3,0.000786,0.001711,1.7e-05,0.996163,0.001244,2e-06,7.7e-05
data/raf_db/test/3/test_0258_aligned.jpg,3,3,5e-06,2.7e-05,6e-06,0.999942,3e-06,9e-06,8e-06
data/raf_db/test/3/test_0708_aligned.jpg,3,3,4e-06,3e-06,2.1e-05,0.999946,1.1e-05,6e-06,1e-05
data/raf_db/test/3/test_1197_aligned.jpg,3,3,1.9e-05,7.9e-05,4e-06,0.9986,4e-06,8e-06,0.001287
data/raf_db/test/3/test_0785_aligned.jpg,3,3,6e-06,6e-06,4e-06,0.999921,1e-05,6e-06,4.7e-05
data/raf_db/test/3/test_1558_aligned.jpg,3,3,2.1e-05,0.000421,7e-06,0.99164,1.5e-05,4.5e-05,0.007852
data/raf_db/test/3/test_0453_aligned.jpg,3,3,6e-06,1e-05,9e-06,0.999958,4e-06,5e-06,8e-06
data/raf_db/test/3/test_2219_aligned.jpg,3,3,6e-06,3e-06,6e-06,0.999804,7.9e-05,4e-06,9.8e-05
data/raf_db/test/3/test_0531_aligned.jpg,3,3,3e-06,8e-06,1e-05,0.999956,4e-06,7e-06,1.2e-05
data/raf_db/test/3/test_1323_aligned.jpg,3,3,3e-06,3.2e-05,1.9e-05,0.999897,3.5e-05,2e-06,1.3e-05
data/raf_db/test/3/test_0061_aligned.jpg,3,3,2.7e-05,1e-06,1.6e-05,0.999872,1.1e-05,6.4e-05,1e-05
data/raf_db/test/3/test_0778_aligned.jpg,3,3,2.7e-05,6e-06,0.003413,0.996184,0.00033,3.4e-05,7e-06
data/raf_db/test/3/test_0726_aligned.jpg,3,3,4e-06,1.1e-05,4e-06,0.999935,3.2e-05,3e-06,1e-05
data/raf_db/test/3/test_1464_aligned.jpg,3,3,6.8e-05,0.000606,1.2e-05,0.974924,3e-05,1.5e-05,0.024344
data/raf_db/test/3/test_1380_aligned.jpg,3,3,7e-06,8e-05,1.6e-05,0.996653,0.000267,8.2e-05,0.002896
data/raf_db/test/3/test_0592_aligned.jpg,3,3,1e-05,4e-06,5e-06,0.999958,5e-06,1.1e-05,8e-06
data/raf_db/test/3/test_1499_aligned.jpg,3,3,5.8e-05,2e-05,2.4e-05,0.997298,0.000728,0.001356,0.000517
data/raf_db/test/3/test_1506_aligned.jpg,3,3,7e-06,1e-05,5e-06,0.999959,5e-06,4e-06,9e-06
data/raf_db/test/3/test_1056_aligned.jpg,3,3,0.000126,3e-06,3.6e-05,0.999745,5.3e-05,7e-06,2.9e-05
data/raf_db/test/3/test_0939_aligned.jpg,3,3,1.4e-05,2.3e-05,4e-06,0.999937,2e-06,7e-06,1.3e-05
data/raf_db/test/3/test_0399_aligned.jpg,3,3,3e-06,1.8e-05,6e-06,0.999901,6.1e-05,4e-06,6e-06
data/raf_db/test/3/test_1144_aligned.jpg,3,3,5e-06,3e-06,8e-06,0.999959,6e-06,8e-06,1.1e-05
data/raf_db/test/3/test_0756_aligned.jpg,3,3,7e-06,3e-06,7e-06,0.999939,2.2e-05,1.8e-05,5e-06
data/raf_db/test/3/test_1414_aligned.jpg,3,3,3e-06,1.1e-05,6e-06,0.999955,9e-06,4e-06,1.2e-05
data/raf_db/test/3/test_0206_aligned.jpg,3,3,9e-06,1.4e-05,4e-06,0.99987,8.9e-05,2e-06,1.2e-05
data/raf_db/test/3/test_2237_aligned.jpg,3,3,1.8e-05,3.3e-05,9e-06,0.999926,3e-06,6e-06,4e-06
data/raf_db/test/3/test_0480_aligned.jpg,3,3,2e-06,2e-05,3e-06,0.999941,8e-06,1.4e-05,1.1e-05
data/raf_db/test/3/test_1292_aligned.jpg,3,3,4e-06,3.5e-05,7e-06,0.999933,5e-06,3e-06,1.2e-05
data/raf_db/test/3/test_1950_aligned.jpg,3,3,0.000494,3e-06,0.0001,0.999282,4.9e-05,1.2e-05,6e-05
data/raf_db/test/3/test_0364_aligned.jpg,3,0,0.724327,0.000464,0.000938,0.273614,4.5e-05,0.000599,1.3e-05
data/raf_db/test/3/test_1026_aligned.jpg,3,3,1e-05,3e-06,4.7e-05,0.999409,2.7e-05,0.000301,0.000204
data/raf_db/test/3/test_0634_aligned.jpg,3,3,5e-06,1e-05,1.2e-05,0.999947,1.8e-05,4e-06,5e-06
data/raf_db/test/3/test_2083_aligned.jpg,3,3,1e-05,4.7e-05,4e-06,0.999679,0.000137,1e-06,0.000122
data/raf_db/test/3/test_0504_aligned.jpg,3,3,5e-06,6e-06,8e-06,0.999958,3e-06,8e-06,1.2e-05
data/raf_db/test/3/test_0054_aligned.jpg,3,4,0.000104,9.3e-05,1.1e-05,0.000434,0.928859,3e-05,0.070469
data/raf_db/test/3/test_2065_aligned.jpg,3,3,9e-06,4e-06,2.6e-05,0.999938,3e-06,1.5e-05,7e-06
data/raf_db/test/3/test_0922_aligned.jpg,3,3,1.8e-05,2e-06,0.000217,0.99967,1.5e-05,7.3e-05,6e-06
data/raf_db/test/3/test_2098_aligned.jpg,3,3,6e-06,1.2e-05,6.3e-05,0.997381,0.002503,2.2e-05,1.3e-05
data/raf_db/test/3/test_0840_aligned.jpg,3,3,5e-06,1e-05,5e-06,0.999961,5e-06,5e-06,8e-06
data/raf_db/test/3/test_2107_aligned.jpg,3,3,6.6e-05,4e-06,7e-06,0.999875,1.7e-05,2e-06,2.9e-05
data/raf_db/test/3/test_1724_aligned.jpg,3,3,5e-06,2e-06,1.6e-05,0.999943,7e-06,1.8e-05,9e-06
data/raf_db/test/3/test_1274_aligned.jpg,3,3,5e-06,4e-06,1.4e-05,0.999955,9e-06,6e-06,8e-06
data/raf_db/test/3/test_0466_aligned.jpg,3,2,0.001626,0.000514,0.976821,8e-06,5.4e-05,0.020943,3.5e-05
data/raf_db/test/3/test_0574_aligned.jpg,3,3,6e-06,9e-06,3e-06,0.999957,8e-06,6e-06,1.1e-05
data/raf_db/test/3/test_1366_aligned.jpg,3,3,2e-06,1.9e-05,4e-06,0.999892,6.5e-05,5e-06,1.3e-05
data/raf_db/test/3/test_1636_aligned.jpg,3,3,7.2e-05,8e-06,1.5e-05,0.998671,2e-06,0.001212,1.9e-05
data/raf_db/test/3/test_2015_aligned.jpg,3,6,3.7e-05,0.000659,1.6e-05,0.013178,5.8e-05,7e-06,0.986045
data/raf_db/test/3/test_2177_aligned.jpg,3,3,5e-06,1.1e-05,5e-06,0.999776,2e-06,0.0001,0.000102
data/raf_db/test/3/test_1482_aligned.jpg,3,3,6e-06,1.1e-05,7e-06,0.999959,4e-06,5e-06,8e-06
data/raf_db/test/3/test_0830_aligned.jpg,3,3,7.1e-05,5e-06,3.9e-05,0.999858,1.8e-05,6e-06,2e-06
data/raf_db/test/3/test_0589_aligned.jpg,3,3,5e-06,0.000232,6.9e-05,0.999442,0.00024,9e-06,3e-06
data/raf_db/test/3/test_0448_aligned.jpg,3,3,1.9e-05,4e-06,7e-06,0.999929,3e-05,3e-06,7e-06
data/raf_db/test/3/test_0118_aligned.jpg,3,6,0.000154,4e-05,2.8e-05,4.7e-05,0.004103,0.000141,0.995488
data/raf_db/test/3/test_1695_aligned.jpg,3,3,1.6e-05,2.1e-05,3e-06,0.998203,0.000151,7e-06,0.001599
data/raf_db/test/3/test_0087_aligned.jpg,3,3,4e-06,1.1e-05,1.1e-05,0.999949,1.7e-05,4e-06,4e-06
data/raf_db/test/3/test_1965_aligned.jpg,3,3,9e-06,7e-06,9e-06,0.999952,7e-06,2e-06,1.4e-05
data/raf_db/test/3/test_1543_aligned.jpg,3,3,3.1e-05,6e-06,2.8e-05,0.99982,0.000107,4e-06,4e-06
data/raf_db/test/3/test_2129_aligned.jpg,3,3,3e-05,7e-06,2.1e-05,0.981059,0.010564,0.00115,0.007169
data/raf_db/test/3/test_0763_aligned.jpg,3,3,3.7e-05,5e-06,1e-05,0.999927,2e-06,1.1e-05,8e-06
data/raf_db/test/3/test_1171_aligned.jpg,3,3,2e-06,8e-06,6e-06,0.999951,7e-06,5e-06,2.1e-05
data/raf_db/test/3/test_0233_aligned.jpg,3,3,7e-06,5e-06,2.2e-05,0.999842,0.000114,3e-06,7e-06
data/raf_db/test/3/test_1998_aligned.jpg,3,3,6e-06,6e-06,5e-06,0.999961,6e-06,5e-06,1.1e-05
data/raf_db/test/3/test_2202_aligned.jpg,3,3,1.2e-05,3e-06,8e-06,0.999922,4.2e-05,7e-06,5e-06
data/raf_db/test/3/test_1915_aligned.jpg,3,3,3e-06,3e-06,6e-06,0.999733,1.5e-05,1.8e-05,0.000222
data/raf_db/test/3/test_1063_aligned.jpg,3,3,3e-06,2.5e-05,6e-06,0.999944,8e-06,6e-06,9e-06
data/raf_db/test/3/test_0981_aligned.jpg,3,3,1.5e-05,1.9e-05,4e-06,0.999941,2e-06,9e-06,1e-05
data/raf_db/test/3/test_1101_aligned.jpg,3,3,1e-05,8e-06,6e-06,0.99996,5e-06,6e-06,5e-06
data/raf_db/test/3/test_0713_aligned.jpg,3,3,6e-06,1e-05,6e-06,0.999955,6e-06,3e-06,1.5e-05
data/raf_db/test/3/test_1787_aligned.jpg,3,3,0.002733,0.002314,3.2e-05,0.967514,0.027244,1.1e-05,0.000153
data/raf_db/test/3/test_0016_aligned.jpg,3,3,1.2e-05,1e-06,2e-05,0.99992,1.4e-05,7e-06,2.5e-05
data/raf_db/test/3/test_1354_aligned.jpg,3,3,4e-06,3e-06,4e-06,0.999932,1.9e-05,8e-06,3e-05
data/raf_db/test/3/test_0546_aligned.jpg,3,3,1.3e-05,5.6e-05,3e-06,0.998902,5e-06,1.3e-05,0.001007
data/raf_db/test/3/test_0690_aligned.jpg,3,3,1.1e-05,1e-06,6e-06,0.999911,1.5e-05,2.3e-05,3.4e-05
data/raf_db/test/3/test_2027_aligned.jpg,3,3,3e-06,0.0001,6e-06,0.999438,4e-05,2e-06,0.000411
data/raf_db/test/3/test_0802_aligned.jpg,3,3,5e-06,7e-06,2.1e-05,0.999882,7.6e-05,7e-06,3e-06
data/raf_db/test/3/test_2145_aligned.jpg,3,3,3.3e-05,3e-06,1.5e-05,0.999923,1.2e-05,3e-06,1.1e-05
data/raf_db/test/3/test_1236_aligned.jpg,3,3,2.1e-05,3e-06,6.6e-05,0.999698,3e-06,0.000203,5e-06
data/raf_db/test/3/test_0174_aligned.jpg,3,3,4e-06,2.5e-05,3e-06,0.999938,1e-05,2e-06,1.6e-05
data/raf_db/test/3/test_1896_aligned.jpg,3,3,3e-06,3.7e-05,6e-06,0.999933,8e-06,8e-06,5e-06
data/raf_db/test/3/test_0066_aligned.jpg,3,3,2e-06,7e-06,3e-06,0.999881,2e-05,5e-06,8.1e-05
data/raf_db/test/3/test_0536_aligned.jpg,3,3,2.6e-05,2e-06,3.2e-05,0.999113,0.000783,1.4e-05,2.9e-05
data/raf_db/test/3/test_0782_aligned.jpg,3,3,1.3e-05,5e-06,6e-06,0.999903,3e-06,6e-06,6.4e-05
data/raf_db/test/3/test_2135_aligned.jpg,3,3,3e-06,8e-06,1.6e-05,0.999923,3.4e-05,8e-06,9e-06
data/raf_db/test/3/test_0454_aligned.jpg,3,3,8e-06,1.2e-05,1.2e-05,0.999917,4.5e-05,3e-06,4e-06
data/raf_db/test/3/test_1979_aligned.jpg,3,3,2.4e-05,4e-06,2.7e-05,0.999907,2.3e-05,2e-06,1.2e-05
data/raf_db/test/3/test_1218_aligned.jpg,3,3,5e-06,3.1e-05,1.7e-05,0.999905,3e-05,5e-06,6e-06
data/raf_db/test/3/test_1387_aligned.jpg,3,3,3e-06,2.8e-05,1.6e-05,0.994386,0.000945,7e-06,0.004615
data/raf_db/test/3/test_0643_aligned.jpg,3,3,7e-06,8e-06,9e-06,0.999957,3e-06,5e-06,1e-05
data/raf_db/test/3/test_0313_aligned.jpg,3,3,7e-06,5e-06,6e-06,0.999956,9e-06,4e-06,1.2e-05
data/raf_db/test/3/test_1501_aligned.jpg,3,6,3.2e-05,9.2e-05,0.000215,0.460616,5.4e-05,0.001095,0.537895
data/raf_db/test/3/test_0271_aligned.jpg,3,3,3e-06,2e-05,6e-06,0.99995,8e-06,5e-06,8e-06
data/raf_db/test/3/test_1463_aligned.jpg,3,3,4e-06,5e-06,7e-06,0.999961,9e-06,5e-06,1e-05
data/raf_db/test/3/test_2196_aligned.jpg,3,3,1.5e-05,9e-06,3e-06,0.999038,1.8e-05,5e-06,0.000911
data/raf_db/test/3/test_2009_aligned.jpg,3,3,0.009564,0.000113,0.000106,0.987676,0.00023,0.000809,0.001502
data/raf_db/test/3/test_0568_aligned.jpg,3,3,3e-06,1.2e-05,8e-06,0.999956,8e-06,5e-06,7e-06
data/raf_db/test/3/test_0038_aligned.jpg,3,3,5e-06,1.1e-05,7e-06,0.999925,3e-06,4.3e-05,6e-06
data/raf_db/test/3/test_1021_aligned.jpg,3,3,0.000534,0.000466,3.6e-05,0.998913,5e-06,4e-05,6e-06
data/raf_db/test/3/test_0633_aligned.jpg,3,3,8e-06,4e-06,7e-06,0.999958,7e-06,4e-06,1.2e-05
data/raf_db/test/3/test_2084_aligned.jpg,3,3,2.5e-05,0.000743,3.6e-05,0.997698,0.000909,2.1e-05,0.000568
data/raf_db/test/3/test_1571_aligned.jpg,3,3,1e-05,6e-06,6e-06,0.999959,4e-06,6e-06,8e-06
data/raf_db/test/3/test_1143_aligned.jpg,3,3,4e-06,4e-06,1.1e-05,0.999953,1.1e-05,4e-06,1.3e-05
data/raf_db/test/3/test_0751_aligned.jpg,3,3,6e-06,7e-06,2.7e-05,0.999931,2e-06,2.1e-05,6e-06
data/raf_db/test/3/test_2079_aligned.jpg,3,6,7e-06,0.00036,0.000237,0.004121,9.2e-05,2.2e-05,0.99516
data/raf_db/test/3/test_0518_aligned.jpg,3,3,3.2e-05,1.9e-05,7e-06,0.999915,2e-06,1.3e-05,1.2e-05
data/raf_db/test/3/test_0048_aligned.jpg,3,3,5e-06,0.000109,1.5e-05,0.999852,8e-06,5e-06,5e-06
data/raf_db/test/3/test_2230_aligned.jpg,3,3,4.4e-05,2e-06,1.3e-05,0.999897,2.9e-05,5e-06,9e-06
data/raf_db/test/3/test_0487_aligned.jpg,3,3,2.2e-05,3e-06,1.7e-05,0.999935,4e-06,9e-06,9e-06
data/raf_db/test/3/test_1295_aligned.jpg,3,3,2e-06,4e-06,2.6e-05,0.999882,3.3e-05,4.8e-05,6e-06
data/raf_db/test/3/test_0580_aligned.jpg,3,3,3e-06,5e-06,5e-06,0.999948,2.3e-05,6e-06,1.1e-05
data/raf_db/test/3/test_1392_aligned.jpg,3,3,6e-06,5e-06,1.9e-05,0.99995,1.1e-05,7e-06,4e-06
data/raf_db/test/3/test_1514_aligned.jpg,3,3,6.7e-05,2.5e-05,0.0001,0.998519,3.8e-05,0.001249,3e-06
data/raf_db/test/3/test_0306_aligned.jpg,3,3,2e-06,6e-06,4e-06,0.999825,8.5e-05,1.2e-05,6.5e-05
data/raf_db/test/3/test_1044_aligned.jpg,3,3,6e-06,1.2e-05,4.3e-05,0.997819,2e-05,0.002094,6e-06
data/raf_db/test/3/test_1126_aligned.jpg,3,3,1.2e-05,5e-06,1.6e-05,0.999945,1.2e-05,4e-06,5e-06
data/raf_db/test/3/test_0849_aligned.jpg,3,3,5e-06,4e-06,7e-06,0.999946,2.1e-05,1.2e-05,4e-06
data/raf_db/test/3/test_0376_aligned.jpg,3,3,7e-06,2e-06,0.000116,0.999835,1.3e-05,1.8e-05,9e-06
data/raf_db/test/3/test_1564_aligned.jpg,3,3,4e-06,2.1e-05,3e-06,0.999918,4.1e-05,7e-06,6e-06
data/raf_db/test/3/test_0626_aligned.jpg,3,3,9e-06,3e-05,6.2e-05,0.999587,0.000305,5e-06,2e-06
data/raf_db/test/3/test_2091_aligned.jpg,3,3,3e-06,2.3e-05,7e-06,0.999944,1.3e-05,3e-06,7e-06
data/raf_db/test/3/test_0744_aligned.jpg,3,3,2.3e-05,6e-06,1.2e-05,0.999941,4e-06,1e-05,4e-06
data/raf_db/test/3/test_1406_aligned.jpg,3,3,6e-06,1.4e-05,3e-06,0.999942,2e-06,1.5e-05,1.7e-05
data/raf_db/test/3/test_0492_aligned.jpg,3,3,5e-06,5e-06,8e-06,0.999961,7e-06,5e-06,9e-06
data/raf_db/test/3/test_0553_aligned.jpg,3,3,8e-06,5e-06,1.3e-05,0.999955,9e-06,5e-06,6e-06
data/raf_db/test/3/test_0003_aligned.jpg,3,3,1.2e-05,0.000373,2e-05,0.825693,0.085505,0.000512,0.087886
data/raf_db/test/3/test_1097_aligned.jpg,3,3,9e-06,6e-06,7e-06,0.999953,3e-06,1e-05,1.1e-05
data/raf_db/test/3/test_0685_aligned.jpg,3,3,5e-06,1e-05,6e-06,0.999899,6.9e-05,3e-06,7e-06
data/raf_db/test/3/test_2032_aligned.jpg,3,3,4e-05,0.000139,2e-06,0.9997,7e-06,2e-06,0.000111
data/raf_db/test/3/test_0975_aligned.jpg,3,3,7e-06,1.5e-05,7e-06,0.999953,3e-06,9e-06,5e-06
data/raf_db/test/3/test_0817_aligned.jpg,3,3,4e-06,5e-06,7e-06,0.999944,5e-06,2.9e-05,6e-06
data/raf_db/test/3/test_2150_aligned.jpg,3,3,4e-06,2.3e-05,4e-06,0.999917,1.9e-05,3e-06,3.1e-05
data/raf_db/test/3/test_0161_aligned.jpg,3,3,1.1e-05,7e-06,1.1e-05,0.999951,1.3e-05,3e-06,4e-06
data/raf_db/test/3/test_1773_aligned.jpg,3,3,4e-06,3e-06,1.6e-05,0.999946,1.7e-05,6e-06,9e-06
data/raf_db/test/3/test_1883_aligned.jpg,3,3,4e-06,7e-05,1.2e-05,0.999887,2e-06,1.5e-05,9e-06
data/raf_db/test/3/test_0523_aligned.jpg,3,3,5e-06,3e-06,1.6e-05,0.999935,2.7e-05,4e-06,9e-06
data/raf_db/test/3/test_1991_aligned.jpg,3,3,0.000217,0.004399,0.005183,0.964385,0.025784,2.5e-05,7e-06
data/raf_db/test/3/test_2042_aligned.jpg,3,3,3e-05,1.2e-05,9e-06,0.995014,7e-06,6.1e-05,0.004867
data/raf_db/test/3/test_1428_aligned.jpg,3,3,6e-06,0.00016,9e-06,0.986936,0.009625,1.1e-05,0.003252
data/raf_db/test/3/test_0797_aligned.jpg,3,3,2e-06,9e-06,1.2e-05,0.999953,7e-06,1e-05,7e-06
data/raf_db/test/3/test_2120_aligned.jpg,3,3,3.3e-05,0.00159,4.2e-05,0.807679,1.8e-05,9.8e-05,0.19054
data/raf_db/test/3/test_0608_aligned.jpg,3,3,2.3e-05,5e-06,6e-06,0.99993,2e-06,2e-05,1.4e-05
data/raf_db/test/3/test_1703_aligned.jpg,3,3,1.9e-05,1.1e-05,8e-06,0.999917,4e-06,4e-06,3.7e-05
data/raf_db/test/3/test_0111_aligned.jpg,3,3,8e-06,1e-05,8e-06,0.999892,2.2e-05,4e-06,5.6e-05
data/raf_db/test/3/test_1253_aligned.jpg,3,3,3e-06,1.3e-05,4e-06,0.999928,7e-06,5e-06,4e-05
data/raf_db/test/3/test_0092_aligned.jpg,3,3,2e-05,6e-06,9e-06,0.999935,2.3e-05,3e-06,4e-06
data/raf_db/test/3/test_0614_aligned.jpg,3,3,8e-06,8e-06,1.4e-05,0.999948,7e-06,4e-06,1.1e-05
data/raf_db/test/3/test_1434_aligned.jpg,3,3,4e-06,1.2e-05,1.1e-05,0.999952,1.1e-05,3e-06,7e-06
data/raf_db/test/3/test_1164_aligned.jpg,3,3,8e-06,3e-06,6e-06,0.999954,6e-06,9e-06,1.4e-05
data/raf_db/test/3/test_0776_aligned.jpg,3,3,3e-06,1.3e-05,4e-06,0.999955,1e-05,4e-06,1.1e-05
data/raf_db/test/3/test_0886_aligned.jpg,3,3,4e-06,8e-06,5e-06,0.999961,5e-06,6e-06,1.1e-05
data/raf_db/test/3/test_1900_aligned.jpg,3,3,4e-06,5e-06,1e-05,0.999943,2.5e-05,4e-06,1e-05
data/raf_db/test/3/test_0664_aligned.jpg,3,3,2e-06,1.5e-05,7e-06,0.999945,5e-06,2e-05,6e-06
data/raf_db/test/3/test_0334_aligned.jpg,3,3,5e-06,6e-06,5e-06,0.999921,4.1e-05,5e-06,1.7e-05
data/raf_db/test/3/test_1526_aligned.jpg,3,3,6e-06,7e-06,4e-06,0.999944,4e-06,4e-06,3.1e-05
data/raf_db/test/3/test_0699_aligned.jpg,3,3,4e-06,1.1e-05,6e-06,0.999911,6e-06,8e-06,5.4e-05
data/raf_db/test/3/test_0256_aligned.jpg,3,3,3e-06,1.9e-05,4e-06,0.999837,0.000101,3e-06,3.2e-05
data/raf_db/test/3/test_1444_aligned.jpg,3,3,3e-06,5.3e-05,1e-05,0.999913,1e-05,4e-06,6e-06
data/raf_db/test/3/test_1114_aligned.jpg,3,3,1.1e-05,1.9e-05,5e-06,0.999948,7e-06,5e-06,5e-06
data/raf_db/test/3/test_1862_aligned.jpg,3,3,3.7e-05,2.3e-05,1.8e-05,0.993548,2e-06,0.000166,0.006205
data/raf_db/test/3/test_0041_aligned.jpg,3,3,3e-06,4e-06,2.1e-05,0.999937,1.6e-05,6e-06,1.3e-05
data/raf_db/test/3/test_0511_aligned.jpg,3,3,6e-06,4e-06,9e-06,0.999958,1e-05,4e-06,8e-06
data/raf_db/test/3/test_0397_aligned.jpg,3,3,1.4e-05,4e-06,9e-06,0.999954,7e-06,4e-06,9e-06
data/raf_db/test/3/test_0758_aligned.jpg,3,3,8e-06,4e-06,8e-06,0.999952,1.5e-05,3e-06,1e-05
data/raf_db/test/3/test_0208_aligned.jpg,3,3,4e-06,5e-06,8e-06,0.999851,9.2e-05,2.5e-05,1.6e-05
data/raf_db/test/3/test_0855_aligned.jpg,3,3,5e-06,5e-06,4e-06,0.999957,5e-06,6e-06,1.8e-05
data/raf_db/test/3/test_2112_aligned.jpg,3,3,3.6e-05,5e-06,2e-06,0.99934,4e-05,0.000554,2.3e-05
data/raf_db/test/3/test_1028_aligned.jpg,3,3,7.4e-05,3e-06,3.5e-05,0.999822,3e-06,5.7e-05,6e-06
data/raf_db/test/3/test_0473_aligned.jpg,3,3,5e-06,6e-06,6e-06,0.999957,7e-06,4e-06,1.6e-05
data/raf_db/test/3/test_0561_aligned.jpg,3,3,3.3e-05,8e-06,3.8e-05,0.999374,0.000538,4e-06,6e-06
data/raf_db/test/3/test_0728_aligned.jpg,3,3,2e-06,4.1e-05,1.9e-05,0.999898,2.9e-05,3e-06,9e-06
data/raf_db/test/3/test_0285_aligned.jpg,3,3,5e-06,3e-06,1.1e-05,0.999888,7.5e-05,9e-06,9e-06
data/raf_db/test/3/test_1497_aligned.jpg,3,3,5e-06,5e-06,1.2e-05,0.999958,8e-06,5e-06,7e-06
data/raf_db/test/3/test_2162_aligned.jpg,3,3,9.1e-05,0.000121,7e-06,0.996356,0.00312,2e-06,0.000303
data/raf_db/test/3/test_1508_aligned.jpg,3,3,4e-06,3e-06,3e-06,0.999859,5.6e-05,8e-06,6.7e-05
data/raf_db/test/3/test_0862_aligned.jpg,3,3,4e-06,4e-06,2.2e-05,0.999933,2.4e-05,4e-06,9e-06
data/raf_db/test/3/test_1180_aligned.jpg,3,3,4e-06,5e-06,9e-06,0.999954,1.5e-05,5e-06,9e-06
data/raf_db/test/3/test_2125_aligned.jpg,3,3,6e-06,2e-06,6.8e-05,0.999793,0.000114,1e-05,6e-06
data/raf_db/test/3/test_0792_aligned.jpg,3,3,7e-06,3e-06,1.3e-05,0.999948,3e-06,1.4e-05,1.2e-05
data/raf_db/test/3/test_1699_aligned.jpg,3,3,5e-06,3e-06,1.1e-05,0.999945,9e-06,1.7e-05,1e-05
data/raf_db/test/3/test_0114_aligned.jpg,3,3,6e-06,4.8e-05,7e-06,0.999914,1.7e-05,2e-06,6e-06
data/raf_db/test/3/test_1706_aligned.jpg,3,3,3e-06,1.2e-05,8e-06,0.999956,6e-06,9e-06,5e-06
data/raf_db/test/3/test_0444_aligned.jpg,3,3,6e-06,8e-06,9e-06,0.999959,4e-06,9e-06,5e-06
data/raf_db/test/3/test_1994_aligned.jpg,3,3,2.4e-05,0.000152,6e-06,0.994296,9e-06,1.5e-05,0.005498
data/raf_db/test/3/test_2047_aligned.jpg,3,3,5e-06,4e-06,6e-06,0.999884,3.6e-05,5e-06,6e-05
data/raf_db/test/3/test_2155_aligned.jpg,3,3,4e-06,2e-06,8e-06,0.999886,5.3e-05,1.6e-05,3e-05
data/raf_db/test/3/test_1919_aligned.jpg,3,3,1e-05,1.3e-05,5e-06,0.99978,7e-06,2e-06,0.000183
data/raf_db/test/3/test_1226_aligned.jpg,3,3,0.000212,5e-06,0.000207,0.998532,0.00103,7e-06,7e-06
data/raf_db/test/3/test_0199_aligned.jpg,3,3,5e-06,1.4e-05,5e-06,0.999909,5.8e-05,4e-06,5e-06
data/raf_db/test/3/test_0556_aligned.jpg,3,3,7e-06,1.2e-05,6e-06,0.999955,4e-06,5e-06,1.1e-05
data/raf_db/test/3/test_1614_aligned.jpg,3,3,4e-06,3.8e-05,4e-06,0.998901,2.1e-05,5e-06,0.001027
data/raf_db/test/3/test_0680_aligned.jpg,3,3,6e-06,5e-06,1.2e-05,0.999956,8e-06,4e-06,9e-06
data/raf_db/test/3/test_1153_aligned.jpg,3,3,9e-06,7e-06,8e-06,0.999957,3e-06,8e-06,9e-06
data/raf_db/test/3/test_0741_aligned.jpg,3,3,7e-06,4e-06,1.5e-05,0.999924,3.1e-05,1.6e-05,2e-06
data/raf_db/test/3/test_1825_aligned.jpg,3,3,4e-06,3e-06,1.8e-05,0.999903,5.9e-05,6e-06,8e-06
data/raf_db/test/3/test_0497_aligned.jpg,3,3,4e-06,2.8e-05,7e-06,0.999928,2.5e-05,2e-06,7e-06
data/raf_db/test/3/test_2220_aligned.jpg,3,3,1.3e-05,3e-06,1.2e-05,0.999464,4.7e-05,4e-06,0.000457
data/raf_db/test/3/test_0058_aligned.jpg,3,3,1e-06,8e-06,1.1e-05,0.999928,5e-06,2.3e-05,2.3e-05
data/raf_db/test/3/test_0508_aligned.jpg,3,3,3.2e-05,4e-06,1.2e-05,0.999919,2.3e-05,6e-06,4e-06
data/raf_db/test/3/test_1561_aligned.jpg,3,3,1.2e-05,1e-05,6e-06,0.999954,3e-06,9e-06,6e-06
data/raf_db/test/3/test_0373_aligned.jpg,3,3,5e-06,7e-06,3.1e-05,0.999806,4e-06,0.000142,4e-06
data/raf_db/test/3/test_2094_aligned.jpg,3,3,4e-05,0.000195,3.8e-05,0.638062,2.9e-05,0.000324,0.361312
data/raf_db/test/3/test_2019_aligned.jpg,3,3,1e-05,9e-06,9e-06,0.999957,3e-06,6e-06,6e-06
data/raf_db/test/3/test_2186_aligned.jpg,3,3,5e-06,4.8e-05,1.9e-05,0.999576,3e-05,5e-06,0.000317
data/raf_db/test/3/test_1123_aligned.jpg,3,3,4e-06,4e-06,3e-06,0.999948,1.2e-05,7e-06,2.2e-05
data/raf_db/test/3/test_0261_aligned.jpg,3,3,3e-06,4e-06,5.9e-05,0.999883,3.4e-05,1e-05,8e-06
data/raf_db/test/3/test_0028_aligned.jpg,3,3,6.4e-05,1.9e-05,3.2e-05,0.532332,0.004728,0.004513,0.458312
data/raf_db/test/3/test_0578_aligned.jpg,3,3,1.4e-05,7e-06,5e-06,0.999956,7e-06,4e-06,8e-06
data/raf_db/test/3/test_1208_aligned.jpg,3,3,0.04537,0.000102,0.000646,0.569384,3.9e-05,0.382284,0.002175
data/raf_db/test/3/test_0303_aligned.jpg,3,3,4e-06,8e-06,7e-06,0.999938,1.4e-05,2e-06,2.7e-05
data/raf_db/test/3/test_0653_aligned.jpg,3,3,2e-06,0.000129,8e-06,0.999731,0.000115,4e-06,1e-05
data/raf_db/test/3/test_0599_aligned.jpg,3,3,1.2e-05,5e-06,6e-06,0.999645,5.2e-05,3e-06,0.000277
data/raf_db/test/3/test_0406_aligned.jpg,3,3,5e-06,5e-06,1.1e-05,0.999958,5e-06,9e-06,6e-06
data/raf_db/test/3/test_1214_aligned.jpg,3,3,1.3e-05,1e-05,4e-06,0.999949,2e-06,1.1e-05,1.1e-05
data/raf_db/test/3/test_0942_aligned.jpg,3,3,6e-06,6e-06,1e-05,0.999958,9e-06,4e-06,7e-06
data/raf_db/test/3/test_1264_aligned.jpg,3,3,7e-06,2e-05,8e-06,0.999944,1.4e-05,3e-06,4e-06
data/raf_db/test/3/test_1734_aligned.jpg,3,3,4e-06,2.1e-05,7e-06,0.999947,1.1e-05,3e-06,8e-06
data/raf_db/test/3/test_0126_aligned.jpg,3,3,9e-06,1.1e-05,3e-06,0.999891,8e-06,3e-06,7.4e-05
data/raf_db/test/3/test_1299_aligned.jpg,3,6,0.000756,7.1e-05,0.000911,0.392137,0.001288,0.000461,0.604374
data/raf_db/test/3/test_1656_aligned.jpg,3,3,6.9e-05,4e-06,3.2e-05,0.999859,2e-06,1.1e-05,2.2e-05
data/raf_db/test/3/test_0044_aligned.jpg,3,4,0.105068,0.004182,0.002612,0.199472,0.688166,0.000397,0.000104
data/raf_db/test/3/test_0932_aligned.jpg,3,3,1.1e-05,3e-06,4e-06,0.99993,1.3e-05,3e-06,3.5e-05
data/raf_db/test/3/test_0392_aligned.jpg,3,3,3e-06,4.2e-05,6e-06,0.999768,8.3e-05,2e-06,9.7e-05
data/raf_db/test/3/test_1580_aligned.jpg,3,3,1.1e-05,5e-06,8e-06,0.999703,0.000203,4e-06,6.7e-05
data/raf_db/test/3/test_0253_aligned.jpg,3,3,4e-06,1e-05,1.3e-05,0.999955,6e-06,3e-06,9e-06
data/raf_db/test/3/test_1111_aligned.jpg,3,3,0.003217,3.7e-05,1.7e-05,0.996692,1.1e-05,1.3e-05,1.3e-05
data/raf_db/test/3/test_0703_aligned.jpg,3,3,6e-06,3e-06,1e-05,0.999956,8e-06,7e-06,1e-05
data/raf_db/test/3/test_1797_aligned.jpg,3,3,5e-06,1.4e-05,4e-06,0.999957,4e-06,9e-06,7e-06
data/raf_db/test/3/test_1358_aligned.jpg,3,3,4e-06,5e-06,1.6e-05,0.999928,3e-06,3.3e-05,1.1e-05
data/raf_db/test/3/test_1905_aligned.jpg,3,3,1.7e-05,1.4e-05,1.1e-05,0.999822,4e-06,3e-06,0.000129
data/raf_db/test/3/test_0178_aligned.jpg,3,3,4e-06,4e-06,3e-06,0.999923,4.1e-05,7e-06,1.8e-05
data/raf_db/test/3/test_0428_aligned.jpg,3,3,5e-06,8e-06,9e-06,0.99994,2.2e-05,2e-06,1.5e-05
data/raf_db/test/3/test_1073_aligned.jpg,3,3,5e-06,8e-06,2.2e-05,0.999941,1.4e-05,4e-06,6e-06
data/raf_db/test/3/test_0661_aligned.jpg,3,3,1.8e-05,4e-06,1.2e-05,0.999941,3e-06,1.1e-05,1.1e-05
data/raf_db/test/3/test_1523_aligned.jpg,3,3,4e-06,2.2e-05,8e-06,0.998548,5e-06,1.5e-05,0.001398
data/raf_db/test/3/test_0331_aligned.jpg,3,3,1.1e-05,9e-06,7e-06,0.999957,4e-06,8e-06,5e-06
data/raf_db/test/3/test_0883_aligned.jpg,3,3,7e-06,9e-06,1.1e-05,0.999954,5e-06,3e-06,1.1e-05
data/raf_db/test/3/test_0223_aligned.jpg,3,3,0.000271,6e-06,9e-06,0.99953,0.000162,4e-06,1.9e-05
data/raf_db/test/3/test_1431_aligned.jpg,3,3,4e-06,4e-06,2e-05,0.999943,1.6e-05,8e-06,5e-06
data/raf_db/test/3/test_0773_aligned.jpg,3,3,7e-06,9e-06,1.1e-05,0.999071,0.000867,4e-06,3e-05
data/raf_db/test/3/test_2212_aligned.jpg,3,3,3.1e-05,1e-05,4e-06,0.998156,0.001655,7e-06,0.000136
data/raf_db/test/3/test_1817_aligned.jpg,3,3,5e-06,9e-06,4e-06,0.999961,4e-06,9e-06,7e-06
data/raf_db/test/3/test_1678_aligned.jpg,3,3,5e-06,4e-06,3.4e-05,0.99991,1.5e-05,2.9e-05,4e-06
data/raf_db/test/3/test_0097_aligned.jpg,3,3,6e-06,2e-06,1.5e-05,0.99977,0.000183,8e-06,1.6e-05
data/raf_db/test/3/test_0108_aligned.jpg,3,3,5e-06,4.8e-05,4e-05,0.999603,0.000279,2.4e-05,2e-06
data/raf_db/test/3/test_0458_aligned.jpg,3,3,0.001764,0.000716,0.000174,0.97826,3e-05,0.007732,0.011324
data/raf_db/test/3/test_2139_aligned.jpg,3,3,1.7e-05,4e-06,5e-06,0.99994,2.1e-05,7e-06,6e-06
data/raf_db/test/3/test_0611_aligned.jpg,3,3,8e-06,3e-06,1.8e-05,0.999943,4e-06,1.7e-05,6e-06
data/raf_db/test/3/test_0984_aligned.jpg,3,6,0.000208,0.000119,6.6e-05,0.19555,2.6e-05,9.5e-05,0.803937
data/raf_db/test/3/test_0324_aligned.jpg,3,3,2e-06,4e-06,4e-06,0.999351,3.4e-05,0.000173,0.000431
data/raf_db/test/3/test_0896_aligned.jpg,3,3,2e-06,2.5e-05,5e-06,0.999942,8e-06,4e-06,1.4e-05
data/raf_db/test/3/test_1424_aligned.jpg,3,3,6e-06,1.8e-05,6e-06,0.999931,3e-05,2e-06,6e-06
data/raf_db/test/3/test_0236_aligned.jpg,3,3,4e-06,1.1e-05,6e-06,0.999956,9e-06,4e-06,1e-05
data/raf_db/test/3/test_1960_aligned.jpg,3,3,7e-06,9.9e-05,3e-06,0.999829,5e-06,3.4e-05,2.3e-05
data/raf_db/test/3/test_0082_aligned.jpg,3,3,2.2e-05,2e-06,1.1e-05,0.999934,1.3e-05,1.5e-05,4e-06
data/raf_db/test/3/test_1690_aligned.jpg,3,3,6e-06,6e-06,8e-06,0.999954,1.5e-05,6e-06,4e-06
data/raf_db/test/3/test_1016_aligned.jpg,3,3,9.4e-05,0.164048,0.026837,0.798397,0.010241,0.000354,2.9e-05
data/raf_db/test/3/test_0604_aligned.jpg,3,3,2e-05,5e-06,1.6e-05,0.999938,3e-06,5e-06,1.3e-05
data/raf_db/test/3/test_1189_aligned.jpg,3,3,1.9e-05,0.000218,7e-06,0.995166,1.1e-05,5e-06,0.004573
data/raf_db/test/3/test_1518_aligned.jpg,3,1,4.3e-05,0.654252,0.000131,0.013198,0.008639,0.000155,0.323581
data/raf_db/test/3/test_0835_aligned.jpg,3,3,6e-06,3.7e-05,0.000252,0.996353,0.003327,4e-06,1.9e-05
data/raf_db/test/3/test_0143_aligned.jpg,3,3,1.1e-05,7e-06,3e-06,0.999934,3.1e-05,5e-06,8e-06
data/raf_db/test/3/test_1201_aligned.jpg,3,3,6e-06,3e-06,9e-06,0.999954,4e-06,9e-06,1.5e-05
data/raf_db/test/3/test_1363_aligned.jpg,3,3,4e-06,4e-06,9e-06,0.999956,6e-06,5e-06,1.5e-05
data/raf_db/test/3/test_0571_aligned.jpg,3,3,6e-06,1.5e-05,4e-06,0.999954,7e-06,3e-06,1.1e-05
data/raf_db/test/3/test_1633_aligned.jpg,3,3,6e-06,4e-06,5e-06,0.999935,3.1e-05,5e-06,1.4e-05
data/raf_db/test/3/test_0021_aligned.jpg,3,3,6e-06,1.4e-05,6e-06,0.999683,2.4e-05,2e-06,0.000265
data/raf_db/test/3/test_0268_aligned.jpg,3,3,7e-06,2e-05,7e-06,0.999939,6e-06,2e-06,1.8e-05
data/raf_db/test/3/test_2010_aligned.jpg,3,3,3e-06,9e-06,6e-06,0.999958,6e-06,5e-06,1.3e-05
data/raf_db/test/3/test_0133_aligned.jpg,3,3,4e-06,3e-06,4.9e-05,0.999901,2.8e-05,7e-06,8e-06
data/raf_db/test/3/test_0463_aligned.jpg,3,3,6e-06,1.1e-05,6e-06,0.999946,2e-06,7e-06,2e-05
data/raf_db/test/3/test_0501_aligned.jpg,3,3,1.6e-05,7e-06,6e-06,0.999949,2e-06,6e-06,1.3e-05
data/raf_db/test/3/test_1313_aligned.jpg,3,3,7e-06,2.4e-05,3e-06,0.999873,1.7e-05,3e-06,7.3e-05
data/raf_db/test/3/test_0051_aligned.jpg,3,3,1.1e-05,8e-06,1.2e-05,0.99995,9e-06,3e-06,5e-06
data/raf_db/test/3/test_2229_aligned.jpg,3,3,0.000437,2e-06,5e-05,0.999401,3.2e-05,1.1e-05,6.7e-05
data/raf_db/test/3/test_1595_aligned.jpg,3,3,3e-06,9e-06,4e-06,0.999952,1.3e-05,3e-06,1.5e-05
data/raf_db/test/3/test_2060_aligned.jpg,3,3,3e-06,7e-06,6e-06,0.999954,1.6e-05,8e-06,7e-06
data/raf_db/test/3/test_0204_aligned.jpg,3,3,1.2e-05,1.3e-05,2.4e-05,0.999872,7.3e-05,2e-06,5e-06
data/raf_db/test/3/test_1589_aligned.jpg,3,3,1.7e-05,5e-06,1.1e-05,0.999935,2e-06,2.4e-05,6e-06
data/raf_db/test/3/test_1290_aligned.jpg,3,5,0.004878,5.1e-05,0.000341,0.017852,0.000289,0.973706,0.002881
data/raf_db/test/3/test_2235_aligned.jpg,3,3,8e-06,2e-06,1.2e-05,0.999933,6e-06,2e-05,2e-05
data/raf_db/test/3/test_2081_aligned.jpg,3,3,5e-06,5e-06,9e-06,0.999959,4e-06,1e-05,7e-06
data/raf_db/test/3/test_0636_aligned.jpg,3,3,6e-06,7e-06,9e-06,0.999955,1.1e-05,2e-06,1e-05
data/raf_db/test/3/test_0366_aligned.jpg,3,3,5e-06,9e-06,5e-06,0.99995,4e-06,4e-06,2.3e-05
data/raf_db/test/3/test_1466_aligned.jpg,3,3,4e-06,2e-06,2e-05,0.999908,2.7e-05,8e-06,3.1e-05
data/raf_db/test/3/test_0724_aligned.jpg,3,3,4e-06,1.2e-05,5e-06,0.999957,6e-06,4e-06,1.2e-05
data/raf_db/test/3/test_0590_aligned.jpg,3,3,9e-06,4e-06,1.1e-05,0.999955,4e-06,8e-06,9e-06
data/raf_db/test/3/test_0646_aligned.jpg,3,3,4e-06,6e-06,1.4e-05,0.99995,1.6e-05,5e-06,6e-06
data/raf_db/test/3/test_0289_aligned.jpg,3,3,7e-06,9e-06,7e-06,0.99995,3e-06,4e-06,1.9e-05
data/raf_db/test/3/test_0829_aligned.jpg,3,3,3e-06,6e-06,1.3e-05,0.999948,1.9e-05,4e-06,6e-06
data/raf_db/test/3/test_0618_aligned.jpg,3,3,5e-06,3e-06,1.2e-05,0.999953,1e-05,4e-06,1.3e-05
data/raf_db/test/3/test_0787_aligned.jpg,3,3,1.3e-05,1.6e-05,3e-06,0.999594,3e-06,1e-05,0.00036
data/raf_db/test/3/test_1243_aligned.jpg,3,6,1.1e-05,4.9e-05,3e-05,0.045829,6e-05,0.000158,0.953863
data/raf_db/test/3/test_0451_aligned.jpg,3,3,7e-06,1.4e-05,7e-06,0.999929,3.5e-05,3e-06,5e-06
data/raf_db/test/3/test_1713_aligned.jpg,3,3,4e-06,3e-06,9e-06,0.999942,1.2e-05,4e-06,2.6e-05
data/raf_db/test/3/test_0101_aligned.jpg,3,6,2.3e-05,5.4e-05,1.9e-05,0.001784,2e-05,2.1e-05,0.998078
data/raf_db/test/3/test_0063_aligned.jpg,3,3,4e-06,4e-06,8e-06,0.999881,4.1e-05,5e-06,5.7e-05
data/raf_db/test/3/test_1321_aligned.jpg,3,3,8e-06,5e-06,1e-05,0.999947,2e-06,1.9e-05,9e-06
data/raf_db/test/3/test_0533_aligned.jpg,3,3,6e-06,6e-06,2.5e-05,0.999945,7e-06,7e-06,4e-06
data/raf_db/test/3/test_1438_aligned.jpg,3,3,7e-06,1.3e-05,8e-06,0.999956,6e-06,6e-06,4e-06
data/raf_db/test/3/test_0915_aligned.jpg,3,3,6e-06,9e-06,6e-06,0.999935,2e-06,3.2e-05,1.1e-05
data/raf_db/test/3/test_0338_aligned.jpg,3,3,0.000317,5e-05,0.000217,0.983353,0.016009,4e-06,5.1e-05
data/raf_db/test/3/test_0668_aligned.jpg,3,5,0.000102,0.073664,0.000589,0.009652,0.020385,0.892255,0.003354
data/raf_db/test/3/test_2140_aligned.jpg,3,3,3.6e-05,2.6e-05,8e-06,0.993436,0.000142,5e-06,0.006348
data/raf_db/test/3/test_0421_aligned.jpg,3,3,9e-06,9e-06,5e-06,0.999956,3e-06,7e-06,1.1e-05
data/raf_db/test/3/test_0013_aligned.jpg,3,3,5e-06,4e-06,1e-05,0.999959,9e-06,7e-06,6e-06
data/raf_db/test/3/test_0543_aligned.jpg,3,3,0.006523,1.3e-05,0.00025,0.993115,8e-06,7e-05,2.1e-05
data/raf_db/test/3/test_1351_aligned.jpg,3,3,2.9e-05,3e-06,0.000227,0.999631,9e-06,9.9e-05,3e-06
data/raf_db/test/3/test_1448_aligned.jpg,3,3,2.8e-05,2e-06,2.1e-05,0.999918,3e-06,1.7e-05,1.1e-05
data/raf_db/test/3/test_0060_aligned.jpg,3,3,8e-06,1e-06,5.7e-05,0.999799,4.1e-05,8.1e-05,1.3e-05
data/raf_db/test/3/test_0530_aligned.jpg,3,3,6e-06,3e-06,1.5e-05,0.999948,1.3e-05,1e-05,6e-06
data/raf_db/test/3/test_1322_aligned.jpg,3,3,1e-06,5e-06,5e-06,0.999932,2.3e-05,1.4e-05,1.9e-05
data/raf_db/test/3/test_1240_aligned.jpg,3,3,6e-06,0.000115,3e-06,0.999851,7e-06,6e-06,1.1e-05
data/raf_db/test/3/test_1710_aligned.jpg,3,3,1.9e-05,4e-06,4.6e-05,0.999785,0.000137,4e-06,5e-06
data/raf_db/test/3/test_1559_aligned.jpg,3,3,4e-06,1.8e-05,4e-06,0.999947,7e-06,3e-06,1.6e-05
data/raf_db/test/3/test_1196_aligned.jpg,3,3,2e-06,8e-06,4e-06,0.999918,3.2e-05,3e-06,3.2e-05
data/raf_db/test/3/test_0784_aligned.jpg,3,3,3e-06,2.9e-05,4e-06,0.999774,2.2e-05,4e-06,0.000163
data/raf_db/test/3/test_2133_aligned.jpg,3,3,3e-06,2.7e-05,5e-06,0.998121,6.3e-05,6e-06,0.001776
data/raf_db/test/3/test_0709_aligned.jpg,3,3,1e-05,2e-06,7e-06,0.999869,8.7e-05,5e-06,2e-05
data/raf_db/test/3/test_0696_aligned.jpg,3,3,1.1e-05,6e-06,7e-06,0.999957,4e-06,5e-06,1e-05
data/raf_db/test/3/test_0010_aligned.jpg,3,3,2e-06,1.2e-05,1.8e-05,0.999921,2.8e-05,1.5e-05,4e-06
data/raf_db/test/3/test_1352_aligned.jpg,3,3,5e-06,2.2e-05,1.8e-05,0.999916,3e-05,3e-06,5e-06
data/raf_db/test/3/test_1230_aligned.jpg,3,3,6.2e-05,4e-06,0.003117,0.995837,4.5e-05,0.000931,4e-06
data/raf_db/test/3/test_0422_aligned.jpg,3,3,5e-06,1.5e-05,5e-06,0.999957,5e-06,5e-06,7e-06
data/raf_db/test/3/test_2143_aligned.jpg,3,3,5e-06,7.9e-05,3e-06,0.999859,1.7e-05,2e-06,3.5e-05
data/raf_db/test/3/test_0635_aligned.jpg,3,3,1.4e-05,4e-06,7e-06,0.999942,2.1e-05,3e-06,9e-06
data/raf_db/test/3/test_2082_aligned.jpg,3,3,6.3e-05,0.000211,3.6e-05,0.850847,3.5e-05,7.8e-05,0.148729
data/raf_db/test/3/test_2236_aligned.jpg,3,3,3e-06,2e-06,2e-05,0.999838,0.000108,1.3e-05,1.5e-05
data/raf_db/test/3/test_0481_aligned.jpg,3,3,2.3e-05,1.1e-05,9.9e-05,0.999391,0.000463,4e-06,9e-06
data/raf_db/test/3/test_1415_aligned.jpg,3,3,3e-06,6e-06,1.1e-05,0.999727,6e-06,7e-06,0.000239
data/raf_db/test/3/test_0757_aligned.jpg,3,3,7e-06,1.3e-05,1.1e-05,0.999686,0.000268,2e-06,1.3e-05
data/raf_db/test/3/test_0938_aligned.jpg,3,3,1e-05,9e-06,9e-06,0.999946,2e-05,3e-06,4e-06
data/raf_db/test/3/test_0398_aligned.jpg,3,3,8e-06,4e-06,2.5e-05,0.999943,8e-06,6e-06,7e-06
data/raf_db/test/3/test_0645_aligned.jpg,3,3,9e-06,4e-06,4e-05,0.999926,9e-06,8e-06,4e-06
data/raf_db/test/3/test_1507_aligned.jpg,3,3,0.000456,0.003224,2.5e-05,0.996237,4.3e-05,1.2e-05,4e-06
data/raf_db/test/3/test_1498_aligned.jpg,3,3,1e-05,2e-06,3.3e-05,0.998971,1.4e-05,0.000954,1.6e-05
data/raf_db/test/3/test_1921_aligned.jpg,3,3,7e-06,9.8e-05,5e-06,0.998851,5e-06,1.3e-05,0.00102
data/raf_db/test/3/test_0277_aligned.jpg,3,3,8e-06,5e-06,4e-06,0.999959,4e-06,9e-06,1.1e-05
data/raf_db/test/3/test_1465_aligned.jpg,3,3,1e-05,5e-06,4e-06,0.999933,5e-06,4e-06,3.9e-05
data/raf_db/test/3/test_0727_aligned.jpg,3,3,8e-06,3e-06,1.5e-05,0.999948,3e-06,1.3e-05,9e-06
data/raf_db/test/3/test_2190_aligned.jpg,3,3,1.4e-05,3e-06,2.3e-05,0.999935,5e-06,1.4e-05,6e-06
data/raf_db/test/3/test_1135_aligned.jpg,3,3,6e-06,4e-06,1.2e-05,0.999956,7e-06,9e-06,7e-06
data/raf_db/test/3/test_0954_aligned.jpg,3,3,3e-06,4e-06,1.2e-05,0.999954,6e-06,1.1e-05,1e-05
data/raf_db/test/3/test_0572_aligned.jpg,3,3,0.005081,7e-06,6.6e-05,0.994491,0.000277,5.8e-05,2e-05
data/raf_db/test/3/test_1360_aligned.jpg,3,3,5e-06,5e-06,4e-06,0.999928,1.6e-05,4e-06,3.8e-05
data/raf_db/test/3/test_0140_aligned.jpg,3,3,3e-06,1e-05,3e-06,0.999935,1.2e-05,6e-06,3.2e-05
data/raf_db/test/3/test_1752_aligned.jpg,3,3,4e-06,1.4e-05,9e-06,0.999953,4e-06,1.1e-05,5e-06
data/raf_db/test/3/test_0410_aligned.jpg,3,3,5e-06,3e-06,4e-06,0.999927,2.9e-05,5e-06,2.7e-05
data/raf_db/test/3/test_1202_aligned.jpg,3,3,9e-06,4.5e-05,2e-06,0.999919,3e-06,1.1e-05,1.1e-05
data/raf_db/test/3/test_0309_aligned.jpg,3,3,1.1e-05,1.3e-05,2.4e-05,0.999938,3e-06,4e-06,8e-06
data/raf_db/test/3/test_2171_aligned.jpg,3,3,2.2e-05,4.3e-05,2e-06,0.999862,1e-06,1.3e-05,5.6e-05
data/raf_db/test/3/test_0836_aligned.jpg,3,3,5e-06,2.7e-05,1.8e-05,0.999934,8e-06,3e-06,6e-06
data/raf_db/test/3/test_1409_aligned.jpg,3,3,6e-06,3.9e-05,3e-06,0.999842,1.1e-05,2e-06,9.8e-05
data/raf_db/test/3/test_1159_aligned.jpg,3,3,5.8e-05,3e-06,4.1e-05,0.999874,4e-06,1.5e-05,5e-06
data/raf_db/test/3/test_0384_aligned.jpg,3,3,7e-06,2e-06,1.2e-05,0.999855,0.000104,5e-06,1.4e-05
data/raf_db/test/3/test_1596_aligned.jpg,3,3,0.000159,0.000197,9e-05,0.555088,1.6e-05,0.000144,0.444305
data/raf_db/test/3/test_2063_aligned.jpg,3,3,3e-05,2.3e-05,1.3e-05,0.98118,2.8e-05,1.5e-05,0.018712
data/raf_db/test/3/test_0924_aligned.jpg,3,3,2e-06,8e-06,2e-05,0.99975,0.000199,6e-06,1.4e-05
data/raf_db/test/3/test_1310_aligned.jpg,3,3,3e-06,0.000236,3e-06,0.999438,5.6e-05,4e-06,0.000259
data/raf_db/test/3/test_0502_aligned.jpg,3,3,5e-06,9e-06,5e-06,0.99992,4.9e-05,3e-06,8e-06
data/raf_db/test/3/test_1640_aligned.jpg,3,3,5e-06,1.3e-05,5e-06,0.999958,4e-06,6e-06,8e-06
data/raf_db/test/3/test_0052_aligned.jpg,3,3,2.1e-05,3.9e-05,2.3e-05,0.970469,5.6e-05,2e-05,0.029372
data/raf_db/test/3/test_0130_aligned.jpg,3,3,5e-06,5e-06,4e-06,0.999945,9e-06,6e-06,2.6e-05
data/raf_db/test/3/test_0460_aligned.jpg,3,3,1e-06,7e-06,1.8e-05,0.999936,8e-06,2e-05,1e-05
data/raf_db/test/3/test_0379_aligned.jpg,3,3,2.1e-05,6e-06,0.000408,0.999137,0.000125,0.000299,5e-06
data/raf_db/test/3/test_0846_aligned.jpg,3,3,2.6e-05,3e-06,6e-06,0.99993,3e-06,2.2e-05,1e-05
data/raf_db/test/3/test_0677_aligned.jpg,3,3,0.000239,1.2e-05,1.4e-05,0.999694,3.2e-05,4e-06,5e-06
data/raf_db/test/3/test_0818_aligned.jpg,3,3,6e-06,9e-06,8e-06,0.999943,2.4e-05,4e-06,7e-06
data/raf_db/test/3/test_0193_aligned.jpg,3,3,5e-06,9e-06,1e-05,0.999956,4e-06,4e-06,1e-05
data/raf_db/test/3/test_1871_aligned.jpg,3,3,4e-06,7.4e-05,1.5e-05,0.999875,2.4e-05,4e-06,5e-06
data/raf_db/test/3/test_1107_aligned.jpg,3,3,2e-06,7e-06,4.6e-05,0.999858,6e-05,2.2e-05,5e-06
data/raf_db/test/3/test_0715_aligned.jpg,3,3,6e-06,6e-06,8e-06,0.99957,5.9e-05,0.000304,4.6e-05
data/raf_db/test/3/test_1457_aligned.jpg,3,3,5.6e-05,7e-06,1e-05,0.999846,5e-06,7.3e-05,2e-06
data/raf_db/test/3/test_1545_aligned.jpg,3,3,7e-06,6e-06,5e-06,0.999925,4.5e-05,3e-06,8e-06
data/raf_db/test/3/test_0607_aligned.jpg,3,3,4e-06,5e-06,6e-06,0.999961,1.1e-05,7e-06,7e-06
data/raf_db/test/3/test_0798_aligned.jpg,3,3,1.3e-05,5e-06,1e-05,0.999944,4e-06,1.1e-05,1.3e-05
data/raf_db/test/3/test_1693_aligned.jpg,3,0,0.496931,7.3e-05,0.018527,0.480985,0.003376,6.2e-05,4.6e-05
data/raf_db/test/3/test_1177_aligned.jpg,3,3,5.2e-05,7e-06,3.2e-05,0.999857,2e-06,4.7e-05,3e-06
data/raf_db/test/3/test_0662_aligned.jpg,3,3,4e-06,6e-06,5e-06,0.999961,5e-06,9e-06,1e-05
data/raf_db/test/3/test_1070_aligned.jpg,3,3,1.3e-05,3.3e-05,3.1e-05,0.999841,7.2e-05,4e-06,6e-06
data/raf_db/test/3/test_0332_aligned.jpg,3,3,9e-06,5e-06,9e-06,0.99996,4e-06,7e-06,6e-06
data/raf_db/test/3/test_0992_aligned.jpg,3,3,3e-06,1.4e-05,6e-06,0.9999,5.1e-05,3e-06,2.3e-05
data/raf_db/test/3/test_1906_aligned.jpg,3,3,3e-06,2.1e-05,4e-06,0.999949,1e-05,8e-06,6e-06
data/raf_db/test/3/test_1899_aligned.jpg,3,3,3e-06,9e-06,8e-06,0.999923,3.8e-05,2e-06,1.6e-05
data/raf_db/test/3/test_1239_aligned.jpg,3,3,4e-06,2.5e-05,9e-06,0.999942,7e-06,3e-06,9e-06
data/raf_db/test/3/test_1794_aligned.jpg,3,3,2e-05,6.2e-05,3.8e-05,0.999815,6e-05,3e-06,2e-06
data/raf_db/test/3/test_0549_aligned.jpg,3,3,1e-05,3e-06,9e-06,0.999949,1.6e-05,7e-06,6e-06
data/raf_db/test/3/test_0019_aligned.jpg,3,3,9e-06,4e-06,1.1e-05,0.999953,4e-06,5e-06,1.3e-05
data/raf_db/test/3/test_2028_aligned.jpg,3,3,2e-06,1.9e-05,1.8e-05,0.999273,0.000594,3e-06,9.2e-05
data/raf_db/test/3/test_0250_aligned.jpg,3,3,5.3e-05,0.000165,0.001821,0.956561,0.04137,2.1e-05,1e-05
data/raf_db/test/3/test_0700_aligned.jpg,3,3,7e-06,4e-06,1.5e-05,0.999954,6e-06,8e-06,6e-06
data/raf_db/test/3/test_0612_aligned.jpg,3,3,4e-06,3.4e-05,1.1e-05,0.999922,2e-06,1.4e-05,1.3e-05
data/raf_db/test/3/test_1550_aligned.jpg,3,3,4e-06,5e-06,1e-05,0.999938,3.2e-05,6e-06,5e-06
data/raf_db/test/3/test_1686_aligned.jpg,3,3,7e-06,1e-06,2.5e-05,0.999689,4.9e-05,0.00021,2e-05
data/raf_db/test/3/test_1719_aligned.jpg,3,1,1.2e-05,0.993514,2.7e-05,0.000646,0.001403,1.2e-05,0.004386
data/raf_db/test/3/test_1249_aligned.jpg,3,3,4e-06,2e-06,2.9e-05,0.999911,8e-06,8e-06,3.8e-05
data/raf_db/test/3/test_0539_aligned.jpg,3,3,3e-06,1.7e-05,2e-05,0.999933,1.3e-05,1.2e-05,3e-06
data/raf_db/test/3/test_0880_aligned.jpg,3,3,1.2e-05,7.3e-05,1.2e-05,0.999889,4e-06,6e-06,4e-06
data/raf_db/test/3/test_0941_aligned.jpg,3,3,5e-06,1.7e-05,7e-06,0.999938,2e-06,2.1e-05,1e-05
data/raf_db/test/3/test_2006_aligned.jpg,3,3,3.7e-05,2.1e-05,4e-06,0.999821,6.8e-05,1e-06,4.8e-05
data/raf_db/test/3/test_2199_aligned.jpg,3,3,3e-06,7e-06,4e-06,0.999957,8e-06,1.1e-05,1.1e-05
data/raf_db/test/3/test_0567_aligned.jpg,3,3,3e-06,4e-06,5e-06,0.99995,1.1e-05,9e-06,1.9e-05
data/raf_db/test/3/test_1388_aligned.jpg,3,3,8e-06,7e-06,4.5e-05,0.99449,1.4e-05,0.005412,2.5e-05
data/raf_db/test/3/test_0405_aligned.jpg,3,3,2e-06,9e-06,6e-06,0.99993,1.6e-05,3e-06,3.4e-05
data/raf_db/test/3/test_1491_aligned.jpg,3,3,1e-06,5.3e-05,5e-06,0.999659,2e-05,6e-06,0.000256
data/raf_db/test/3/test_2164_aligned.jpg,3,3,2e-06,1e-05,8e-06,0.999944,2.1e-05,4e-06,1.1e-05
data/raf_db/test/3/test_0823_aligned.jpg,3,3,7e-06,8e-06,4.4e-05,0.999923,1e-05,3e-06,5e-06
data/raf_db/test/3/test_1583_aligned.jpg,3,3,1e-05,0.000348,1e-05,0.994575,7e-06,4.9e-05,0.005
data/raf_db/test/3/test_0391_aligned.jpg,3,3,6e-06,5e-06,6e-06,0.999963,6e-06,7e-06,7e-06
data/raf_db/test/3/test_0488_aligned.jpg,3,3,9e-06,3e-06,1.4e-05,0.999867,9.1e-05,5e-06,1.1e-05
data/raf_db/test/3/test_0047_aligned.jpg,3,3,6e-06,1.4e-05,4e-06,0.999956,4e-06,9e-06,8e-06
data/raf_db/test/3/test_1655_aligned.jpg,3,3,9e-06,4e-06,6e-06,0.999915,3.9e-05,2e-06,2.4e-05
data/raf_db/test/3/test_0475_aligned.jpg,3,3,1.1e-05,1.7e-05,1.6e-05,0.992413,0.007494,2.6e-05,2.3e-05
data/raf_db/test/3/test_2114_aligned.jpg,3,3,0.000135,1.6e-05,6.2e-05,0.863401,0.129975,7.3e-05,0.006337
data/raf_db/test/3/test_2108_aligned.jpg,3,3,1.9e-05,0.001421,2e-06,0.997907,3.3e-05,8e-06,0.000611
data/raf_db/test/3/test_0370_aligned.jpg,3,3,3e-06,4e-06,1.3e-05,0.999956,9e-06,9e-06,6e-06
data/raf_db/test/3/test_1562_aligned.jpg,3,3,8e-06,2e-06,5e-06,0.999948,1.5e-05,6e-06,1.6e-05
data/raf_db/test/3/test_0620_aligned.jpg,3,3,8e-06,4e-06,6e-06,0.999953,6e-06,5e-06,1.8e-05
data/raf_db/test/3/test_0469_aligned.jpg,3,3,7e-06,2e-06,2.6e-05,0.999923,1.9e-05,1.8e-05,6e-06
data/raf_db/test/3/test_0139_aligned.jpg,3,3,5e-06,5e-06,6.4e-05,0.99982,2.7e-05,7.7e-05,3e-06
data/raf_db/test/3/test_1286_aligned.jpg,3,3,6e-06,4e-06,1.2e-05,0.999957,5e-06,5e-06,1e-05
data/raf_db/test/3/test_0494_aligned.jpg,3,3,3e-06,1.2e-05,5e-06,0.999955,1.1e-05,4e-06,1e-05
data/raf_db/test/3/test_1826_aligned.jpg,3,3,7e-06,9e-06,5e-06,0.99996,4e-06,5e-06,1e-05
data/raf_db/test/3/test_1319_aligned.jpg,3,3,8e-06,2.6e-05,3e-06,0.999649,3.6e-05,2e-06,0.000276
data/raf_db/test/3/test_0742_aligned.jpg,3,3,6e-06,5e-06,5e-06,0.999957,3e-06,1.2e-05,1e-05
data/raf_db/test/3/test_0212_aligned.jpg,3,3,1.5e-05,6e-06,6e-06,0.999957,6e-06,6e-06,5e-06
data/raf_db/test/3/test_2178_aligned.jpg,3,3,9e-06,8e-06,8e-06,0.999957,3e-06,7e-06,8e-06
data/raf_db/test/3/test_1512_aligned.jpg,3,3,4e-06,4e-06,6e-06,0.999958,1.2e-05,6e-06,1.1e-05
data/raf_db/test/3/test_0650_aligned.jpg,3,3,1.9e-05,3e-06,3.8e-05,0.999915,5e-06,1.2e-05,1e-05
data/raf_db/test/3/test_0586_aligned.jpg,3,3,4.4e-05,3e-06,7.2e-05,0.998092,0.001758,1.8e-05,1.3e-05
data/raf_db/test/3/test_1394_aligned.jpg,3,3,7e-06,4e-06,1e-05,0.999956,5e-06,6e-06,1.1e-05
data/raf_db/test/3/test_0419_aligned.jpg,3,3,8e-06,2.1e-05,4e-06,0.999934,3e-06,2.4e-05,7e-06
data/raf_db/test/3/test_1369_aligned.jpg,3,3,7e-06,6e-06,6e-06,0.999946,2.3e-05,3e-06,8e-06
data/raf_db/test/3/test_1120_aligned.jpg,3,3,2e-06,2e-05,6e-06,0.999935,4e-06,6e-06,2.7e-05
data/raf_db/test/3/test_0732_aligned.jpg,3,3,8e-06,1e-05,1.2e-05,0.999945,1.7e-05,2e-06,7e-06
data/raf_db/test/3/test_2185_aligned.jpg,3,3,3e-06,6e-06,5.7e-05,0.999516,0.000201,1.8e-05,0.000199
data/raf_db/test/3/test_0262_aligned.jpg,3,3,1.2e-05,5e-06,7e-06,0.999936,2e-06,2.6e-05,1.1e-05
data/raf_db/test/3/test_2044_aligned.jpg,3,3,4e-06,1.2e-05,2e-06,0.9972,0.000293,2.3e-05,0.002465
data/raf_db/test/3/test_1337_aligned.jpg,3,3,4e-06,9e-06,4e-06,0.999862,3e-06,2.9e-05,8.9e-05
data/raf_db/test/3/test_0525_aligned.jpg,3,3,1e-06,8.5e-05,4e-06,0.999732,2.1e-05,2e-05,0.000138
data/raf_db/test/3/test_1667_aligned.jpg,3,3,2.3e-05,6e-06,0.002628,0.997195,0.000103,4e-05,4e-06
data/raf_db/test/3/test_0075_aligned.jpg,3,3,4e-06,6e-06,1.1e-05,0.999948,2e-05,4e-06,7e-06
data/raf_db/test/3/test_1705_aligned.jpg,3,3,9e-06,6e-06,1.6e-05,0.999948,3e-06,1.1e-05,7e-06
data/raf_db/test/3/test_0117_aligned.jpg,3,3,7e-06,1e-06,1.3e-05,0.999931,1.2e-05,2.5e-05,9e-06
data/raf_db/test/3/test_1255_aligned.jpg,3,3,7e-06,6e-06,2.4e-05,0.997847,0.000749,6e-06,0.001362
data/raf_db/test/3/test_0447_aligned.jpg,3,3,1.3e-05,4e-06,5e-06,0.999921,3.3e-05,5e-06,2e-05
data/raf_db/test/3/test_0791_aligned.jpg,3,3,4e-06,1.4e-05,6e-06,0.999954,1.1e-05,3e-06,8e-06
data/raf_db/test/3/test_2126_aligned.jpg,3,3,6e-06,4e-06,7e-06,0.999955,1.3e-05,3e-06,1.1e-05
data/raf_db/test/3/test_0861_aligned.jpg,3,3,1.2e-05,3e-06,7e-06,0.999951,5e-06,1.2e-05,1e-05
data/raf_db/test/3/test_0683_aligned.jpg,3,3,4e-06,8e-06,6e-06,0.999955,1.6e-05,5e-06,7e-06
data/raf_db/test/3/test_0973_aligned.jpg,3,3,0.000114,1.1e-05,3.8e-05,0.999819,3e-06,1.1e-05,3e-06
data/raf_db/test/3/test_1878_aligned.jpg,3,3,6e-06,3e-06,5e-06,0.999911,3.3e-05,4e-06,3.9e-05
data/raf_db/test/3/test_0555_aligned.jpg,3,3,1e-05,2e-06,2e-05,0.999934,2.1e-05,7e-06,4e-06
data/raf_db/test/3/test_1617_aligned.jpg,3,3,6e-06,3e-06,7e-06,0.999948,1.9e-05,9e-06,8e-06
data/raf_db/test/3/test_0167_aligned.jpg,3,3,0.083033,0.000235,0.000732,0.913073,0.002889,1.4e-05,2.4e-05
data/raf_db/test/3/test_1775_aligned.jpg,3,3,1.7e-05,8e-06,0.000586,0.993227,0.006119,1.6e-05,2.7e-05
data/raf_db/test/3/test_0437_aligned.jpg,3,3,1.3e-05,4e-06,7e-06,0.999947,3e-06,1e-05,1.7e-05
data/raf_db/test/3/test_1225_aligned.jpg,3,3,5e-06,4.3e-05,5e-06,0.999587,2e-05,2e-06,0.000337
data/raf_db/test/3/test_1885_aligned.jpg,3,3,5e-06,2e-06,2e-05,0.999904,8e-06,5.3e-05,9e-06
data/raf_db/test/3/test_0811_aligned.jpg,3,3,0.000187,4e-06,2.3e-05,0.999762,7e-06,7e-06,1e-05
data/raf_db/test/3/test_0120_aligned.jpg,3,3,1.7e-05,3.4e-05,0.000757,0.998848,0.000311,3.2e-05,1e-06
data/raf_db/test/3/test_0856_aligned.jpg,3,3,3e-06,4e-06,9e-06,0.999941,1.3e-05,4e-06,2.6e-05
data/raf_db/test/3/test_0369_aligned.jpg,3,3,4e-06,8e-06,1.8e-05,0.999916,4.4e-05,7e-06,4e-06
data/raf_db/test/3/test_0934_aligned.jpg,3,3,8e-06,3e-06,8e-06,0.99995,4e-06,1.7e-05,9e-06
data/raf_db/test/3/test_0394_aligned.jpg,3,3,8e-06,1.3e-05,3e-06,0.999153,2.8e-05,8e-06,0.000787
data/raf_db/test/3/test_1419_aligned.jpg,3,3,1.1e-05,7e-06,1.4e-05,0.999952,6e-06,8e-06,3e-06
data/raf_db/test/3/test_0512_aligned.jpg,3,3,4e-06,5e-06,2.8e-05,0.999931,2.1e-05,4e-06,6e-06
data/raf_db/test/3/test_0400_aligned.jpg,3,3,1e-05,3e-06,1.5e-05,0.999935,3e-06,7e-06,2.6e-05
data/raf_db/test/3/test_0150_aligned.jpg,3,3,2e-06,6e-06,3e-06,0.9999,3.3e-05,7e-06,5e-05
data/raf_db/test/3/test_0826_aligned.jpg,3,3,3e-06,1.8e-05,6e-06,0.99995,7e-06,4e-06,1.1e-05
data/raf_db/test/3/test_2161_aligned.jpg,3,3,6e-06,3.2e-05,1.1e-05,0.999935,4e-06,9e-06,4e-06
data/raf_db/test/3/test_0649_aligned.jpg,3,1,9e-05,0.864199,0.000102,0.003753,0.121656,0.000212,0.009988
data/raf_db/test/3/test_2003_aligned.jpg,3,3,3e-06,3.8e-05,2.3e-05,0.999914,9e-06,8e-06,5e-06
data/raf_db/test/3/test_0944_aligned.jpg,3,3,6e-06,9e-06,7e-06,0.99996,3e-06,6e-06,9e-06
data/raf_db/test/3/test_1469_aligned.jpg,3,3,3e-06,1.2e-05,1e-05,0.999942,3e-06,2.1e-05,8e-06
data/raf_db/test/3/test_0032_aligned.jpg,3,3,6e-06,9.8e-05,3e-06,0.999867,4e-06,7e-06,1.3e-05
data/raf_db/test/3/test_0562_aligned.jpg,3,3,1.8e-05,6e-06,1e-05,0.999923,1e-06,2.1e-05,2e-05
data/raf_db/test/3/test_0885_aligned.jpg,3,3,2e-06,1.6e-05,4e-06,0.99995,9e-06,5e-06,1.4e-05
data/raf_db/test/3/test_0775_aligned.jpg,3,3,8e-06,6e-06,3.8e-05,0.999739,8e-06,0.000198,3e-06
data/raf_db/test/3/test_1167_aligned.jpg,3,3,1e-05,5e-06,6e-06,0.999956,5e-06,6e-06,1.2e-05
data/raf_db/test/3/test_0788_aligned.jpg,3,3,1.3e-05,8e-06,1.3e-05,0.99995,7e-06,4e-06,4e-06
data/raf_db/test/3/test_0617_aligned.jpg,3,3,7e-06,7e-06,1e-05,0.999951,2e-06,1.1e-05,1.2e-05
data/raf_db/test/3/test_1005_aligned.jpg,3,3,2e-06,1.4e-05,5e-06,0.999939,4e-06,1.7e-05,1.9e-05
data/raf_db/test/3/test_0183_aligned.jpg,3,3,5.9e-05,4e-06,3.5e-05,0.999884,7e-06,5e-06,5e-06
data/raf_db/test/3/test_0255_aligned.jpg,3,3,6e-06,2.9e-05,2e-06,0.999929,4e-06,7e-06,2.4e-05
data/raf_db/test/3/test_1117_aligned.jpg,3,3,6.8e-05,8e-06,0.006199,0.958506,0.000275,0.034752,0.000191
data/raf_db/test/3/test_0705_aligned.jpg,3,3,3e-06,1e-05,6e-06,0.999923,4e-06,4.3e-05,1.1e-05
data/raf_db/test/3/test_0808_aligned.jpg,3,3,4e-06,5e-06,6e-06,0.999943,2.9e-05,5e-06,9e-06
data/raf_db/test/3/test_1075_aligned.jpg,3,3,1e-05,2e-06,1.2e-05,0.999937,6e-06,9e-06,2.3e-05
data/raf_db/test/3/test_0667_aligned.jpg,3,3,1.3e-05,3.9e-05,8e-06,0.999911,4e-06,2e-05,4e-06
data/raf_db/test/3/test_1525_aligned.jpg,3,3,1.5e-05,6e-06,6e-06,0.999949,4e-06,3e-06,1.7e-05
data/raf_db/test/3/test_0337_aligned.jpg,3,3,0.000285,0.000301,8.1e-05,0.999143,0.000185,2e-06,3e-06
data/raf_db/test/3/test_1770_aligned.jpg,3,3,5e-06,9e-06,8e-06,0.99996,7e-06,4e-06,8e-06
data/raf_db/test/3/test_1220_aligned.jpg,3,3,7e-06,6e-06,4e-06,0.999952,1.9e-05,4e-06,7e-06
data/raf_db/test/3/test_2153_aligned.jpg,3,3,0.000151,6e-06,0.000167,0.996005,0.001132,0.0005,0.002039
data/raf_db/test/3/test_0814_aligned.jpg,3,3,1.7e-05,4e-06,2.2e-05,0.999939,6e-06,7e-06,5e-06
data/raf_db/test/3/test_1069_aligned.jpg,3,3,3e-06,1.4e-05,9e-06,0.999943,2.1e-05,3e-06,7e-06
data/raf_db/test/3/test_0976_aligned.jpg,3,3,5e-06,7e-06,5e-05,0.999899,1.4e-05,2.2e-05,4e-06
data/raf_db/test/3/test_2031_aligned.jpg,3,3,2e-06,7e-06,9e-06,0.999902,3.7e-05,1e-05,3.3e-05
data/raf_db/test/3/test_0112_aligned.jpg,3,3,1.6e-05,0.005072,0.000177,0.994427,0.000293,9e-06,7e-06
data/raf_db/test/3/test_0442_aligned.jpg,3,3,1.4e-05,3e-06,1e-05,0.999953,6e-06,9e-06,5e-06
data/raf_db/test/3/test_0864_aligned.jpg,3,3,1.2e-05,7e-06,1.2e-05,0.999942,2e-06,1.7e-05,8e-06
data/raf_db/test/3/test_0794_aligned.jpg,3,3,8e-06,3e-06,4e-06,0.999949,1.6e-05,1e-05,1e-05
data/raf_db/test/3/test_1019_aligned.jpg,3,3,0.000269,0.000104,1.8e-05,0.996857,0.002622,1.4e-05,0.000116
data/raf_db/test/3/test_2041_aligned.jpg,3,3,7e-06,5e-06,5e-06,0.999958,5e-06,6e-06,1.5e-05
data/raf_db/test/3/test_0906_aligned.jpg,3,3,0.006768,9e-05,0.476861,0.505923,0.002166,0.008157,3.5e-05
data/raf_db/test/3/test_0239_aligned.jpg,3,3,8e-06,4e-06,4e-06,0.999956,1.4e-05,6e-06,7e-06
data/raf_db/test/3/test_0769_aligned.jpg,3,3,0.008812,0.021075,0.000115,0.615065,0.000153,0.000108,0.354672
data/raf_db/test/3/test_0899_aligned.jpg,3,3,9.3e-05,0.007741,7.6e-05,0.745329,3.9e-05,0.241717,0.005004
data/raf_db/test/3/test_2208_aligned.jpg,3,3,0.000459,0.000163,0.000145,0.509904,1.3e-05,0.000242,0.489073
data/raf_db/test/3/test_1992_aligned.jpg,3,3,5e-06,1.1e-05,4e-06,0.999816,7e-06,5e-06,0.000152
data/raf_db/test/3/test_0520_aligned.jpg,3,3,4e-06,5e-06,7e-06,0.999942,2.8e-05,4e-06,1e-05
data/raf_db/test/3/test_0958_aligned.jpg,3,3,5e-05,3e-06,7.4e-05,0.999843,1.8e-05,9e-06,4e-06
data/raf_db/test/3/test_2180_aligned.jpg,3,3,9e-06,9e-06,9e-06,0.999957,4e-06,8e-06,5e-06
data/raf_db/test/3/test_0737_aligned.jpg,3,3,5e-06,4e-06,1.4e-05,0.99993,1e-05,3.4e-05,4e-06
data/raf_db/test/3/test_1125_aligned.jpg,3,3,6e-06,8e-06,4e-06,0.999909,2e-06,1.8e-05,5.3e-05
data/raf_db/test/3/test_0267_aligned.jpg,3,3,1.1e-05,5e-06,6e-06,0.999955,5e-06,4e-06,1.5e-05
data/raf_db/test/3/test_1488_aligned.jpg,3,3,1.4e-05,4e-06,9e-06,0.99995,3e-06,1.2e-05,9e-06
data/raf_db/test/3/test_0305_aligned.jpg,3,3,3e-06,2e-05,4e-06,0.999947,1e-05,3e-06,1.1e-05
data/raf_db/test/3/test_1047_aligned.jpg,3,3,0.00015,8e-06,0.000225,0.998098,7.8e-05,0.001372,6.9e-05
data/raf_db/test/3/test_0583_aligned.jpg,3,3,1.8e-05,2e-06,1.8e-05,0.999231,0.0007,1e-05,2e-05
data/raf_db/test/3/test_0388_aligned.jpg,3,3,6e-06,2e-06,0.000326,0.999441,4e-05,0.000154,3.2e-05
data/raf_db/test/3/test_0928_aligned.jpg,3,3,1.3e-05,1.1e-05,4e-06,0.999955,4e-06,5e-06,8e-06
data/raf_db/test/3/test_1155_aligned.jpg,3,3,9e-06,2.5e-05,3e-06,0.999685,6e-06,3e-06,0.000269
data/raf_db/test/3/test_0747_aligned.jpg,3,3,6e-06,7e-06,9e-06,0.999951,7e-06,3e-06,1.8e-05
data/raf_db/test/3/test_1405_aligned.jpg,3,3,3e-06,6e-06,4e-06,0.999889,6e-05,3e-06,3.4e-05
data/raf_db/test/3/test_1567_aligned.jpg,3,3,7e-06,2e-06,5e-06,0.999932,1.9e-05,5e-06,3e-05
data/raf_db/test/3/test_0375_aligned.jpg,3,3,1.5e-05,6e-06,2e-05,0.999937,4e-06,8e-06,1e-05
data/raf_db/test/3/test_2092_aligned.jpg,3,3,4e-06,4e-06,2.7e-05,0.999942,9e-06,6e-06,8e-06
data/raf_db/test/3/test_0625_aligned.jpg,3,3,7e-06,4e-06,4e-06,0.999958,6e-06,1.4e-05,8e-06
data/raf_db/test/3/test_1941_aligned.jpg,3,3,7e-06,4e-06,4e-06,0.99996,8e-06,6e-06,1.2e-05
data/raf_db/test/3/test_1629_aligned.jpg,3,3,3e-06,6e-06,7e-06,0.999945,4e-06,1.5e-05,1.9e-05
data/raf_db/test/3/test_1460_aligned.jpg,3,3,1e-05,2e-06,2.2e-05,0.999944,8e-06,8e-06,6e-06
data/raf_db/test/3/test_0272_aligned.jpg,3,3,7e-06,2.4e-05,6e-06,0.999943,4e-06,1e-05,5e-06
data/raf_db/test/3/test_1130_aligned.jpg,3,3,2.2e-05,4.8e-05,4.5e-05,0.898028,0.001004,3.4e-05,0.10082
data/raf_db/test/3/test_1502_aligned.jpg,3,3,3.8e-05,0.000108,1.1e-05,0.997673,4e-06,1.1e-05,0.002154
data/raf_db/test/3/test_0310_aligned.jpg,3,3,5e-06,1.2e-05,1.3e-05,0.999918,4.1e-05,5e-06,5e-06
data/raf_db/test/3/test_2168_aligned.jpg,3,3,0.000397,0.001715,4.7e-05,0.868098,5e-05,1e-05,0.129683
data/raf_db/test/3/test_0159_aligned.jpg,3,3,3e-06,2.9e-05,2.2e-05,0.997319,0.001399,5e-06,0.001222
data/raf_db/test/3/test_1924_aligned.jpg,3,3,1e-05,8e-06,3e-06,0.999948,5e-06,6e-06,1.9e-05
data/raf_db/test/3/test_0596_aligned.jpg,3,3,1.8e-05,7e-06,4e-06,0.999948,5e-06,4e-06,1.5e-05
data/raf_db/test/3/test_1384_aligned.jpg,3,3,3e-06,7e-06,5e-06,0.999957,1e-05,4e-06,1.4e-05
data/raf_db/test/3/test_1659_aligned.jpg,3,3,9e-06,8e-06,3e-06,0.999808,3.5e-05,3e-06,0.000134
data/raf_db/test/3/test_1296_aligned.jpg,3,3,6e-06,1.9e-05,9e-06,0.999948,3e-06,9e-06,7e-06
data/raf_db/test/3/test_0484_aligned.jpg,3,3,5e-06,0.002121,7e-06,0.996647,0.000847,4e-06,0.000369
data/raf_db/test/3/test_2233_aligned.jpg,3,3,5e-06,7e-06,6e-06,0.998361,8e-06,5.8e-05,0.001555
data/raf_db/test/3/test_1410_aligned.jpg,3,3,3e-06,9.1e-05,4e-06,0.999448,7e-06,1.1e-05,0.000436
data/raf_db/test/3/test_0752_aligned.jpg,3,3,4e-06,1.2e-05,6e-06,0.999958,7e-06,4e-06,8e-06
data/raf_db/test/3/test_1140_aligned.jpg,3,3,4e-06,6e-06,1.7e-05,0.99995,6e-06,1e-05,7e-06
data/raf_db/test/3/test_2087_aligned.jpg,3,3,0.017647,0.000609,2.6e-05,0.981382,5e-06,5.8e-05,0.000273
data/raf_db/test/3/test_0630_aligned.jpg,3,3,8e-06,3e-06,2e-05,0.999935,4e-06,2.5e-05,5e-06
data/raf_db/test/3/test_1022_aligned.jpg,3,3,6e-06,3e-06,1.2e-05,0.999955,8e-06,6e-06,9e-06
data/raf_db/test/3/test_0129_aligned.jpg,3,3,6e-06,2e-06,6e-06,0.999944,1.4e-05,1e-05,1.8e-05
data/raf_db/test/3/test_0479_aligned.jpg,3,3,2.6e-05,2e-06,6.4e-05,0.999852,2.9e-05,8e-06,2e-05
data/raf_db/test/3/test_1895_aligned.jpg,3,3,0.000112,3.1e-05,0.00018,0.695735,0.300303,0.00309,0.000548
data/raf_db/test/3/test_0427_aligned.jpg,3,3,7e-06,5e-06,5e-06,0.999946,1.1e-05,3e-06,2.4e-05
data/raf_db/test/3/test_1235_aligned.jpg,3,3,7e-06,3e-06,2.5e-05,0.999884,6.9e-05,6e-06,6e-06
data/raf_db/test/3/test_0177_aligned.jpg,3,3,5e-06,6.5e-05,2.2e-05,0.999476,0.000421,2e-06,9e-06
data/raf_db/test/3/test_1765_aligned.jpg,3,3,4e-06,3e-06,1.6e-05,0.999698,0.00023,8e-06,4.1e-05
data/raf_db/test/3/test_0801_aligned.jpg,3,3,6e-06,5e-06,9e-06,0.999953,3e-06,1.6e-05,8e-06
data/raf_db/test/3/test_0963_aligned.jpg,3,3,3e-06,3e-06,9e-06,0.99994,2.5e-05,5e-06,1.5e-05
data/raf_db/test/3/test_0693_aligned.jpg,3,3,4e-06,1.2e-05,1.2e-05,0.999956,6e-06,5e-06,5e-06
data/raf_db/test/3/test_0545_aligned.jpg,3,3,4e-06,1.6e-05,6e-06,0.999954,8e-06,3e-06,1e-05
data/raf_db/test/3/test_1357_aligned.jpg,3,3,2.8e-05,9e-06,0.00032,0.995413,6e-06,0.004215,8e-06
data/raf_db/test/3/test_0457_aligned.jpg,3,3,5e-06,3e-06,8e-06,0.999933,6e-06,3.5e-05,9e-06
data/raf_db/test/3/test_0098_aligned.jpg,3,3,4e-06,5e-06,5e-06,0.999943,1.4e-05,3e-06,2.5e-05
data/raf_db/test/3/test_0871_aligned.jpg,3,3,2e-06,6e-06,5e-06,0.999898,8e-06,6.2e-05,1.9e-05
data/raf_db/test/3/test_2136_aligned.jpg,3,3,5e-06,4e-06,3e-05,0.997989,1.1e-05,0.001913,4.7e-05
data/raf_db/test/3/test_0781_aligned.jpg,3,3,1e-05,1.2e-05,1.1e-05,0.999949,3e-06,4e-06,1e-05
data/raf_db/test/3/test_1193_aligned.jpg,3,3,5.2e-05,7e-06,1.5e-05,0.999904,3e-06,4e-06,1.5e-05
data/raf_db/test/3/test_1987_aligned.jpg,3,3,1.6e-05,0.000181,4.7e-05,0.997732,0.002013,2e-06,8e-06
data/raf_db/test/3/test_1677_aligned.jpg,3,3,3e-06,6.9e-05,2e-05,0.999635,0.000261,3e-06,1.1e-05
data/raf_db/test/3/test_0065_aligned.jpg,3,3,5e-06,7e-06,6e-06,0.999961,5e-06,7e-06,1e-05
data/raf_db/test/3/test_1327_aligned.jpg,3,3,4e-06,0.000202,1.8e-05,0.9996,5e-06,0.000166,5e-06
data/raf_db/test/3/test_0535_aligned.jpg,3,3,4e-06,4e-06,7e-06,0.999955,7e-06,1e-05,1.3e-05
data/raf_db/test/3/test_0079_aligned.jpg,3,3,3.2e-05,9e-06,0.000114,0.971773,0.02018,2.4e-05,0.007868
data/raf_db/test/3/test_0529_aligned.jpg,3,3,8e-06,2.4e-05,3e-06,0.999875,5e-06,3e-06,8.3e-05
data/raf_db/test/3/test_2201_aligned.jpg,3,3,7e-06,4e-06,5e-06,0.999955,4e-06,6e-06,1.8e-05
data/raf_db/test/3/test_0890_aligned.jpg,3,3,4e-06,8e-06,7e-06,0.999959,4e-06,6e-06,1.2e-05
data/raf_db/test/3/test_1172_aligned.jpg,3,3,7e-06,1.2e-05,1.1e-05,0.999951,5e-06,4e-06,1e-05
data/raf_db/test/3/test_0760_aligned.jpg,3,3,6e-06,2.4e-05,9e-06,0.999917,3e-06,3.5e-05,6e-06
data/raf_db/test/3/test_1422_aligned.jpg,3,3,6e-06,5e-06,7e-06,0.999956,6e-06,4e-06,1.7e-05
data/raf_db/test/3/test_0230_aligned.jpg,3,3,1.1e-05,3e-06,1.5e-05,0.999938,1.4e-05,9e-06,1.1e-05
data/raf_db/test/3/test_2048_aligned.jpg,3,3,4e-06,1.2e-05,4e-06,0.999951,8e-06,3e-06,1.7e-05
data/raf_db/test/3/test_1540_aligned.jpg,3,3,0.148816,0.012039,0.027319,0.807714,0.003951,7.3e-05,8.9e-05
data/raf_db/test/3/test_0352_aligned.jpg,3,3,1.7e-05,3e-06,1.1e-05,0.999948,5e-06,7e-06,9e-06
data/raf_db/test/3/test_1010_aligned.jpg,3,3,4.3e-05,1.3e-05,3.8e-05,0.999883,5e-06,1.5e-05,3e-06
data/raf_db/test/3/test_0602_aligned.jpg,3,3,7.4e-05,4e-05,1.8e-05,0.999839,1e-05,3e-06,1.6e-05
data/raf_db/test/3/test_1696_aligned.jpg,3,3,3e-06,4e-06,8e-06,0.999955,1.1e-05,6e-06,1.1e-05
data/raf_db/test/3/test_0009_aligned.jpg,3,3,6e-06,5e-06,1.2e-05,0.999954,3e-06,9e-06,1e-05
data/raf_db/test/3/test_0559_aligned.jpg,3,3,2e-06,9e-06,2.2e-05,0.999846,0.000105,1.1e-05,6e-06
data/raf_db/test/3/test_1784_aligned.jpg,3,3,4e-06,0.00016,2.8e-05,0.99978,1.4e-05,1.2e-05,3e-06
data/raf_db/test/3/test_0710_aligned.jpg,3,3,7e-06,7e-06,7e-06,0.99996,3e-06,7e-06,9e-06
data/raf_db/test/3/test_1102_aligned.jpg,3,3,0.000109,0.000765,0.000133,0.998872,9.3e-05,2.6e-05,2e-06
data/raf_db/test/3/test_0322_aligned.jpg,3,3,7e-06,4e-06,9e-06,0.999951,7e-06,3e-06,1.8e-05
data/raf_db/test/3/test_0672_aligned.jpg,3,3,4.3e-05,1.2e-05,6e-06,0.999922,6e-06,3e-06,9e-06
data/raf_db/test/3/test_1229_aligned.jpg,3,3,3e-06,4.5e-05,7e-06,0.993518,0.000161,1.4e-05,0.006252
data/raf_db/test/3/test_1889_aligned.jpg,3,3,2e-06,5e-06,8e-06,0.999934,2.2e-05,1.5e-05,1.4e-05
data/raf_db/test/3/test_1916_aligned.jpg,3,3,6e-06,5e-06,2.9e-05,0.999934,1.8e-05,4e-06,5e-06
data/raf_db/test/3/test_0465_aligned.jpg,3,3,2.9e-05,5e-06,5e-06,0.999912,3e-06,3e-05,1.6e-05
data/raf_db/test/3/test_2104_aligned.jpg,3,3,2e-06,9e-06,3e-06,0.999874,2.7e-05,8e-06,7.5e-05
data/raf_db/test/3/test_0843_aligned.jpg,3,3,4e-06,9e-06,4e-06,0.999961,6e-06,5e-06,1e-05
data/raf_db/test/3/test_0921_aligned.jpg,3,3,1e-05,5.4e-05,3e-06,0.999913,4e-06,5e-06,1.1e-05
data/raf_db/test/3/test_1593_aligned.jpg,3,3,4e-06,3e-06,6e-06,0.999947,1.1e-05,7e-06,2.2e-05
data/raf_db/test/3/test_0498_aligned.jpg,3,3,7e-06,1e-06,2.5e-05,0.999892,2.8e-05,4.1e-05,6e-06
data/raf_db/test/3/test_1757_aligned.jpg,3,3,1.2e-05,1.4e-05,8e-06,0.999951,4e-06,7e-06,4e-06
data/raf_db/test/3/test_0415_aligned.jpg,3,3,3e-06,3e-06,5e-06,0.999951,9e-06,1.2e-05,1.6e-05
data/raf_db/test/3/test_1398_aligned.jpg,3,3,1e-06,4e-06,8e-06,0.999863,2e-05,2.3e-05,8.2e-05
data/raf_db/test/3/test_0833_aligned.jpg,3,3,1.8e-05,1.2e-05,2.3e-05,0.999927,1e-06,9e-06,1e-05
data/raf_db/test/3/test_2189_aligned.jpg,3,3,1.1e-05,3e-06,1.6e-05,0.999946,3e-06,1.1e-05,1.1e-05
data/raf_db/test/3/test_1635_aligned.jpg,3,3,3e-06,0.0002,5e-06,0.99931,4.4e-05,4e-06,0.000435
data/raf_db/test/4/test_1923_aligned.jpg,4,4,7e-06,9.2e-05,1.2e-05,2.5e-05,0.9997,9e-06,0.000154
data/raf_db/test/4/test_1137_aligned.jpg,4,4,5.3e-05,0.002068,1e-05,1e-05,0.996118,4.6e-05,0.001696
data/raf_db/test/4/test_1467_aligned.jpg,4,4,3.3e-05,1e-05,6.4e-05,7.1e-05,0.999793,1.9e-05,1.1e-05
data/raf_db/test/4/test_1575_aligned.jpg,4,4,1.5e-05,3.8e-05,9e-06,2.8e-05,0.999874,1.1e-05,2.5e-05
data/raf_db/test/4/test_2080_aligned.jpg,4,4,1.9e-05,1.1e-05,9e-06,0.000139,0.999734,1.5e-05,7.3e-05
data/raf_db/test/4/test_1831_aligned.jpg,4,4,8e-06,8.6e-05,8e-06,7.2e-05,0.999709,3e-06,0.000113
data/raf_db/test/4/test_0483_aligned.jpg,4,4,4.1e-05,0.000135,1.2e-05,0.001796,0.997981,1.2e-05,2.3e-05
data/raf_db/test/4/test_0205_aligned.jpg,4,4,0.000298,1.3e-05,7.1e-05,0.000216,0.999365,2.1e-05,1.6e-05
data/raf_db/test/4/test_1086_aligned.jpg,4,4,1.7e-05,2.5e-05,9e-06,2.8e-05,0.99988,1.1e-05,3.1e-05
data/raf_db/test/4/test_1449_aligned.jpg,4,4,1.1e-05,3e-05,4.4e-05,3e-05,0.999867,6e-06,1.2e-05
data/raf_db/test/4/test_0339_aligned.jpg,4,4,1.6e-05,6e-06,2.9e-05,8.6e-05,0.999618,9e-06,0.000236
data/raf_db/test/4/test_1439_aligned.jpg,4,4,1.4e-05,4.6e-05,8e-06,1.5e-05,0.999788,5e-06,0.000125
data/raf_db/test/4/test_0062_aligned.jpg,4,1,0.000292,0.908598,3.9e-05,6.9e-05,0.090364,7.5e-05,0.000564
data/raf_db/test/4/test_0100_aligned.jpg,4,4,6e-06,3.7e-05,0.000102,7.3e-05,0.999706,3.6e-05,4e-05
data/raf_db/test/4/test_0876_aligned.jpg,4,4,7e-06,5.1e-05,5.1e-05,0.000926,0.998872,3e-06,9e-05
data/raf_db/test/4/test_2131_aligned.jpg,4,4,3.4e-05,0.000332,0.001264,0.000716,0.997637,4e-06,1.3e-05
data/raf_db/test/4/test_1017_aligned.jpg,4,4,3.2e-05,5.9e-05,6.1e-05,1e-05,0.999821,8e-06,9e-06
data/raf_db/test/4/test_1547_aligned.jpg,4,4,1.7e-05,2.5e-05,5e-06,4.2e-05,0.998896,2.3e-05,0.000993
data/raf_db/test/4/test_1961_aligned.jpg,4,4,1.4e-05,0.048168,0.000233,0.000459,0.951007,2e-05,9.8e-05
data/raf_db/test/4/test_1425_aligned.jpg,4,6,5.2e-05,0.000204,9e-06,0.000297,0.117313,4.3e-05,0.882084
data/raf_db/test/4/test_1537_aligned.jpg,4,4,2.2e-05,2.5e-05,2e-05,1.2e-05,0.999886,1.7e-05,1.8e-05
data/raf_db/test/4/test_1873_aligned.jpg,4,4,1.4e-05,0.000152,2e-05,0.001013,0.944759,8.1e-05,0.053963
data/raf_db/test/4/test_2061_aligned.jpg,4,4,2.6e-05,5.2e-05,9e-06,1.8e-05,0.997685,1.5e-05,0.002194
data/raf_db/test/4/test_1642_aligned.jpg,4,4,2.1e-05,4.7e-05,0.000164,3.5e-05,0.999712,1.4e-05,6e-06
data/raf_db/test/4/test_1312_aligned.jpg,4,4,8e-06,1.2e-05,2.3e-05,0.000131,0.99978,6e-06,4e-05
data/raf_db/test/4/test_1720_aligned.jpg,4,4,1.4e-05,2.1e-05,2e-05,0.000107,0.999815,1e-05,1.3e-05
data/raf_db/test/4/test_1632_aligned.jpg,4,4,3.5e-05,0.000497,1.8e-05,1.6e-05,0.999411,8e-06,1.4e-05
data/raf_db/test/4/test_0142_aligned.jpg,4,4,8e-06,1.6e-05,2.1e-05,9e-06,0.99971,3.7e-05,0.000199
data/raf_db/test/4/test_0834_aligned.jpg,4,4,2.9e-05,0.000129,0.000243,9e-06,0.999566,1.6e-05,7e-06
data/raf_db/test/4/test_1049_aligned.jpg,4,6,3e-05,0.004478,1.6e-05,4.9e-05,0.123237,0.000866,0.871323
data/raf_db/test/4/test_1657_aligned.jpg,4,6,1.5e-05,0.000188,5e-06,0.000129,0.020381,2.6e-05,0.979256
data/raf_db/test/4/test_0045_aligned.jpg,4,4,6.7e-05,1.3e-05,0.000422,0.0015,0.997968,2e-05,1e-05
data/raf_db/test/4/test_1735_aligned.jpg,4,3,3.7e-05,2.3e-05,0.000163,0.527725,0.075826,0.004982,0.391244
data/raf_db/test/4/test_1377_aligned.jpg,4,4,0.000504,0.000646,0.005237,0.173231,0.820319,5.4e-05,9e-06
data/raf_db/test/4/test_1745_aligned.jpg,4,4,2.1e-05,3.6e-05,1.2e-05,1.1e-05,0.999053,0.000128,0.000739
data/raf_db/test/4/test_0598_aligned.jpg,4,4,1.8e-05,3e-05,1.5e-05,1.6e-05,0.999892,8e-06,2.1e-05
data/raf_db/test/4/test_0610_aligned.jpg,4,4,2.6e-05,1e-05,2.6e-05,8e-05,0.999824,1.4e-05,2e-05
data/raf_db/test/4/test_2138_aligned.jpg,4,4,8e-06,0.000207,9e-06,2.7e-05,0.999704,7e-06,3.9e-05
data/raf_db/test/4/test_1974_aligned.jpg,4,4,2.6e-05,0.000183,3.2e-05,1.7e-05,0.999726,8e-06,8e-06
data/raf_db/test/4/test_1329_aligned.jpg,4,4,1.7e-05,1.9e-05,1.9e-05,2.2e-05,0.999894,1.1e-05,1.8e-05
data/raf_db/test/4/test_0772_aligned.jpg,4,4,0.003286,0.000181,0.008609,0.006504,0.981319,9.3e-05,9e-06
data/raf_db/test/4/test_1160_aligned.jpg,4,4,1.3e-05,2.4e-05,9.9e-05,2.8e-05,0.999817,9e-06,1e-05
data/raf_db/test/4/test_1440_aligned.jpg,4,4,2e-05,1.4e-05,0.000115,3.6e-05,0.999793,5e-06,1.7e-05
data/raf_db/test/4/test_1615_aligned.jpg,4,4,0.000349,0.178102,0.000146,2.4e-05,0.82117,5.4e-05,0.000156
data/raf_db/test/4/test_1777_aligned.jpg,4,4,1.9e-05,4.3e-05,2.8e-05,0.000276,0.999582,4.1e-05,1.1e-05
data/raf_db/test/4/test_1918_aligned.jpg,4,4,9e-06,7.4e-05,4e-06,3.2e-05,0.99934,1e-05,0.000531
data/raf_db/test/4/test_1335_aligned.jpg,4,4,6.5e-05,3e-05,0.000106,0.000557,0.999222,1.3e-05,7e-06
data/raf_db/test/4/test_1698_aligned.jpg,4,4,5.3e-05,0.000179,0.000436,0.000386,0.99892,2.2e-05,3e-06
data/raf_db/test/4/test_1968_aligned.jpg,4,4,6e-06,2.9e-05,0.000123,9e-06,0.999779,2e-05,3.4e-05
data/raf_db/test/4/test_2124_aligned.jpg,4,4,0.00283,0.458502,0.001357,1e-05,0.53686,0.000197,0.000245
data/raf_db/test/4/test_1936_aligned.jpg,4,4,1e-05,1.8e-05,1.5e-05,0.00057,0.999287,2.2e-05,7.6e-05
data/raf_db/test/4/test_1396_aligned.jpg,4,4,1.3e-05,2.2e-05,9e-06,2.7e-05,0.999838,4.5e-05,4.6e-05
data/raf_db/test/4/test_1854_aligned.jpg,4,4,1.5e-05,3.3e-05,0.000378,0.017844,0.981664,2.7e-05,3.9e-05
data/raf_db/test/4/test_2095_aligned.jpg,4,4,0.000419,2.8e-05,1.1e-05,0.000118,0.999,7e-05,0.000354
data/raf_db/test/4/test_1279_aligned.jpg,4,6,1.9e-05,0.004564,1.3e-05,0.011301,0.408535,6.8e-05,0.5755
data/raf_db/test/4/test_1824_aligned.jpg,4,4,0.000185,2.6e-05,0.00068,0.002647,0.944203,0.004494,0.047765
data/raf_db/test/4/test_0210_aligned.jpg,4,4,2.8e-05,0.000176,0.001288,1.7e-05,0.998462,2.1e-05,8e-06
data/raf_db/test/4/test_0968_aligned.jpg,4,4,0.124407,7.9e-05,0.071592,0.051644,0.751671,0.000112,0.000496
data/raf_db/test/4/test_2216_aligned.jpg,4,4,2.8e-05,6.2e-05,2.3e-05,1.5e-05,0.999848,1.5e-05,9e-06
data/raf_db/test/4/test_0918_aligned.jpg,4,4,7e-05,1e-05,3.6e-05,3.2e-05,0.999821,8e-06,2.2e-05
data/raf_db/test/4/test_1557_aligned.jpg,4,4,2.5e-05,0.000261,0.000127,1.1e-05,0.999533,1e-05,3.3e-05
data/raf_db/test/4/test_1198_aligned.jpg,4,4,0.000105,0.014509,2.5e-05,4.2e-05,0.976923,7.4e-05,0.008322
data/raf_db/test/4/test_1740_aligned.jpg,4,4,6.2e-05,4.3e-05,2.7e-05,0.001646,0.998197,7e-06,1.8e-05
data/raf_db/test/4/test_0152_aligned.jpg,4,4,6e-05,0.002993,5.4e-05,8e-06,0.996843,1.6e-05,2.7e-05
data/raf_db/test/4/test_1509_aligned.jpg,4,4,3e-05,1.5e-05,2.2e-05,1.2e-05,0.999786,8.5e-05,5e-05
data/raf_db/test/4/test_0284_aligned.jpg,4,4,1.8e-05,7e-05,1.1e-05,6e-06,0.999573,9e-06,0.000313
data/raf_db/test/4/test_1372_aligned.jpg,4,4,4e-06,3.9e-05,1e-05,0.000349,0.992784,0.000104,0.00671
data/raf_db/test/4/test_0560_aligned.jpg,4,4,1.5e-05,1.3e-05,1.8e-05,7.2e-05,0.999851,9e-06,2.2e-05
data/raf_db/test/4/test_1622_aligned.jpg,4,4,0.000108,6.3e-05,4.7e-05,5e-05,0.985742,0.012692,0.001298
data/raf_db/test/4/test_0030_aligned.jpg,4,4,1.5e-05,4.8e-05,3.2e-05,0.000176,0.999662,7e-06,5.9e-05
data/raf_db/test/4/test_1730_aligned.jpg,4,4,0.000132,2.9e-05,0.000213,9.6e-05,0.999513,7e-06,1e-05
data/raf_db/test/4/test_0472_aligned.jpg,4,4,2.6e-05,0.004723,0.001405,0.006531,0.987284,1.4e-05,1.6e-05
data/raf_db/test/4/test_2113_aligned.jpg,4,4,1.1e-05,7e-06,3.8e-05,4.1e-05,0.999761,6e-05,8.3e-05
data/raf_db/test/4/test_1584_aligned.jpg,4,6,1.1e-05,0.000868,0.000146,0.002772,0.270984,1.4e-05,0.725205
data/raf_db/test/4/test_2071_aligned.jpg,4,4,1.8e-05,5.3e-05,7e-06,8e-06,0.999774,1.1e-05,0.000128
data/raf_db/test/4/test_0936_aligned.jpg,4,4,1.4e-05,3.5e-05,1.6e-05,7e-06,0.99972,7e-06,0.000202
data/raf_db/test/4/test_1652_aligned.jpg,4,4,2e-05,2.8e-05,7e-06,0.000459,0.999417,1.2e-05,5.7e-05
data/raf_db/test/4/test_1598_aligned.jpg,4,4,0.000337,0.002649,0.000131,3e-06,0.996793,1e-05,7.7e-05
data/raf_db/test/4/test_1565_aligned.jpg,4,4,1.1e-05,0.000455,0.000268,0.000126,0.998515,1.8e-05,0.000606
data/raf_db/test/4/test_1943_aligned.jpg,4,4,0.003451,6.7e-05,0.000107,4.2e-05,0.9961,2e-05,0.000213
data/raf_db/test/4/test_1851_aligned.jpg,4,4,1e-05,4.3e-05,0.000217,0.000328,0.950962,0.000429,0.048011
data/raf_db/test/4/test_1515_aligned.jpg,4,4,2.7e-05,1.1e-05,0.000105,0.000455,0.999372,2e-05,1e-05
data/raf_db/test/4/test_0298_aligned.jpg,4,4,1.9e-05,7.2e-05,1.6e-05,7e-06,0.999758,9e-06,0.000119
data/raf_db/test/4/test_1660_aligned.jpg,4,4,0.001839,0.019221,0.000696,1.4e-05,0.978183,2.1e-05,2.7e-05
data/raf_db/test/4/test_0160_aligned.jpg,4,4,9.1e-05,0.047012,3.8e-05,0.000136,0.952309,8e-05,0.000333
data/raf_db/test/4/test_1882_aligned.jpg,4,4,2.4e-05,6.8e-05,6e-05,0.025677,0.974097,1.6e-05,5.7e-05
data/raf_db/test/4/test_1688_aligned.jpg,4,6,6.1e-05,0.006382,0.000201,7.2e-05,0.108121,0.001749,0.883414
data/raf_db/test/4/test_0537_aligned.jpg,4,4,7e-06,5.5e-05,1.1e-05,5.1e-05,0.998166,0.000561,0.001149
data/raf_db/test/4/test_1675_aligned.jpg,4,4,0.000142,1.5e-05,3.9e-05,0.010381,0.988633,1.3e-05,0.000777
data/raf_db/test/4/test_1908_aligned.jpg,4,4,2.1e-05,0.000164,3.1e-05,5e-06,0.999746,1.2e-05,2.1e-05
data/raf_db/test/4/test_1767_aligned.jpg,4,4,2.3e-05,2.5e-05,1.3e-05,1.2e-05,0.999524,8e-06,0.000395
data/raf_db/test/4/test_0691_aligned.jpg,4,4,7e-06,7.3e-05,6e-06,2.2e-05,0.998851,2.4e-05,0.001017
data/raf_db/test/4/test_2026_aligned.jpg,4,4,9.3e-05,1.4e-05,2.1e-05,0.000197,0.999634,2.6e-05,1.5e-05
data/raf_db/test/4/test_1083_aligned.jpg,4,4,3.7e-05,2e-05,5.1e-05,3.2e-05,0.999836,1.7e-05,7e-06
data/raf_db/test/4/test_1355_aligned.jpg,4,4,3.9e-05,1.1e-05,1.5e-05,4.2e-05,0.999841,8e-06,4.4e-05
data/raf_db/test/4/test_0049_aligned.jpg,4,4,0.014937,0.053421,1.5e-05,0.000313,0.924795,2.7e-05,0.006491
data/raf_db/test/4/test_2078_aligned.jpg,4,4,0.000182,0.000155,1.5e-05,4e-06,0.999353,1.3e-05,0.000278
data/raf_db/test/4/test_1142_aligned.jpg,4,4,1.3e-05,6e-06,0.000189,3.3e-05,0.998838,0.000183,0.000738
data/raf_db/test/4/test_1412_aligned.jpg,4,4,1.2e-05,2.5e-05,3.6e-05,8.7e-05,0.999822,6e-06,1.3e-05
data/raf_db/test/4/test_1956_aligned.jpg,4,4,0.000119,6.7e-05,0.001085,0.007079,0.99163,1.2e-05,9e-06
data/raf_db/test/4/test_0039_aligned.jpg,4,4,3.9e-05,5.9e-05,1.1e-05,0.000387,0.978639,5e-05,0.020814
data/raf_db/test/4/test_1386_aligned.jpg,4,4,6e-06,2.8e-05,1e-05,1.3e-05,0.999727,2e-05,0.000197
data/raf_db/test/4/test_1637_aligned.jpg,4,6,0.000127,0.224926,0.000168,0.000457,0.307214,3.7e-05,0.467072
data/raf_db/test/4/test_1349_aligned.jpg,4,4,0.00013,2.6e-05,0.00037,6.3e-05,0.978309,0.003442,0.017661
data/raf_db/test/4/test_1619_aligned.jpg,4,4,6e-06,3.8e-05,4.2e-05,7e-06,0.999826,1.2e-05,6.9e-05
data/raf_db/test/4/test_1450_aligned.jpg,4,4,5.9e-05,0.000131,0.001599,4e-05,0.998155,1e-05,6e-06
data/raf_db/test/4/test_0242_aligned.jpg,4,4,4.5e-05,4.3e-05,7.1e-05,0.000162,0.999667,4e-06,7e-06
data/raf_db/test/4/test_2158_aligned.jpg,4,4,1.5e-05,5.1e-05,1.3e-05,1.1e-05,0.998237,2.2e-05,0.001651
data/raf_db/test/4/test_1806_aligned.jpg,4,4,1.5e-05,5.7e-05,6e-06,1.5e-05,0.999783,4e-05,8.5e-05
data/raf_db/test/4/test_1542_aligned.jpg,4,4,2.8e-05,0.001132,1.5e-05,1.9e-05,0.998762,2.4e-05,2.1e-05
data/raf_db/test/4/test_0119_aligned.jpg,4,4,0.001187,0.003778,3.2e-05,5e-06,0.99473,0.00011,0.000158
data/raf_db/test/4/test_1228_aligned.jpg,4,4,2.6e-05,0.000329,0.000703,0.433055,0.565722,0.000107,5.7e-05
data/raf_db/test/4/test_0323_aligned.jpg,4,4,0.000101,2.1e-05,0.000363,7.6e-05,0.999422,1e-05,8e-06
data/raf_db/test/4/test_1453_aligned.jpg,4,4,7.1e-05,1.1e-05,0.00017,3e-05,0.999667,1e-05,4.1e-05
data/raf_db/test/4/test_1875_aligned.jpg,4,4,0.000522,0.24524,5e-05,3.6e-05,0.751082,6.8e-05,0.003002
data/raf_db/test/4/test_0085_aligned.jpg,4,4,2.1e-05,0.002217,4e-05,0.006492,0.989135,5e-06,0.00209
data/raf_db/test/4/test_0891_aligned.jpg,4,4,6.5e-05,2.7e-05,3e-05,0.002094,0.997753,9e-06,2.2e-05
data/raf_db/test/4/test_1634_aligned.jpg,4,4,3.1e-05,0.000229,0.001827,2e-05,0.997866,1.8e-05,1e-05
data/raf_db/test/4/test_2017_aligned.jpg,4,4,6.1e-05,0.000171,3.2e-05,1.4e-05,0.935399,0.000224,0.064098
data/raf_db/test/4/test_0950_aligned.jpg,4,4,2.6e-05,0.016808,4.8e-05,4.8e-05,0.982944,8e-06,0.000119
data/raf_db/test/4/test_2188_aligned.jpg,4,4,0.004833,0.000165,1.3e-05,0.046494,0.943647,0.000216,0.004631
data/raf_db/test/4/test_1399_aligned.jpg,4,4,2.2e-05,1e-05,4.1e-05,2.9e-05,0.999858,2.3e-05,1.6e-05
data/raf_db/test/4/test_1592_aligned.jpg,4,4,1e-05,1.6e-05,1.6e-05,4.5e-05,0.999871,1.2e-05,3.1e-05
data/raf_db/test/4/test_1949_aligned.jpg,4,4,0.000226,0.000512,3.3e-05,0.000135,0.856143,0.002692,0.140259
data/raf_db/test/4/test_0134_aligned.jpg,4,4,2e-05,2e-05,1e-05,2.1e-05,0.999882,1e-05,3.7e-05
data/raf_db/test/4/test_2119_aligned.jpg,4,4,1.2e-05,1.1e-05,2.3e-05,3.1e-05,0.999862,9e-06,5.2e-05
data/raf_db/test/4/test_1573_aligned.jpg,4,4,1e-05,8e-06,3.2e-05,3e-05,0.999802,1.3e-05,0.000104
data/raf_db/test/4/test_1023_aligned.jpg,4,4,4.8e-05,0.000121,0.000263,2.2e-05,0.999532,9e-06,4e-06
data/raf_db/test/4/test_1141_aligned.jpg,4,4,3.1e-05,0.005144,0.000557,0.000107,0.957809,8.4e-05,0.036268
data/raf_db/test/4/test_0203_aligned.jpg,4,4,9e-06,1.5e-05,2.3e-05,1.1e-05,0.99977,1.3e-05,0.00016
data/raf_db/test/4/test_1411_aligned.jpg,4,4,0.000363,0.000383,0.000543,9e-06,0.998683,9e-06,1.1e-05
data/raf_db/test/4/test_2169_aligned.jpg,4,6,2.8e-05,0.017934,0.000104,0.000267,0.155972,0.000108,0.825588
data/raf_db/test/4/test_1131_aligned.jpg,4,4,6.7e-05,8e-06,5.5e-05,6.5e-05,0.996983,0.000746,0.002077
data/raf_db/test/4/test_2194_aligned.jpg,4,4,6.7e-05,0.000731,0.002058,0.000797,0.99632,2.4e-05,3e-06
data/raf_db/test/4/test_1461_aligned.jpg,4,4,0.000602,0.009993,0.03838,2.6e-05,0.950715,0.000233,5.2e-05
data/raf_db/test/4/test_0273_aligned.jpg,4,4,0.000235,5.9e-05,3.4e-05,2.7e-05,0.99959,2.6e-05,2.9e-05
data/raf_db/test/4/test_1847_aligned.jpg,4,4,0.000112,0.000164,8.7e-05,0.000423,0.999205,3e-06,7e-06
data/raf_db/test/4/test_1986_aligned.jpg,4,4,9e-06,3.5e-05,1.6e-05,2.9e-05,0.999882,1.2e-05,1.6e-05
data/raf_db/test/4/test_1326_aligned.jpg,4,1,0.00185,0.946581,0.00026,7.4e-05,0.051183,1.1e-05,4.2e-05
data/raf_db/test/4/test_1799_aligned.jpg,4,4,7e-06,7.3e-05,7e-06,1.7e-05,0.998621,2.8e-05,0.001247
data/raf_db/test/4/test_1606_aligned.jpg,4,4,1.4e-05,0.000244,1.3e-05,1.2e-05,0.999654,4e-06,5.9e-05
data/raf_db/test/4/test_2025_aligned.jpg,4,4,6e-06,9e-06,4e-05,4.6e-05,0.999836,2.7e-05,3.6e-05
data/raf_db/test/4/test_2147_aligned.jpg,4,4,2.9e-05,4.6e-05,7e-06,2.8e-05,0.999844,5e-06,4.1e-05
data/raf_db/test/4/test_1663_aligned.jpg,4,3,0.000628,8e-06,1.8e-05,0.988591,0.010028,3.3e-05,0.000694
data/raf_db/test/4/test_2209_aligned.jpg,4,4,9e-06,7e-06,2.9e-05,5.5e-05,0.999317,2.3e-05,0.000561
data/raf_db/test/4/test_1187_aligned.jpg,4,6,6e-06,0.000279,5e-06,3.8e-05,0.002839,1.1e-05,0.996822
data/raf_db/test/4/test_1613_aligned.jpg,4,4,5.5e-05,0.000558,0.000111,3.6e-05,0.950998,1.5e-05,0.048227
data/raf_db/test/4/test_0001_aligned.jpg,4,4,2e-05,3.1e-05,0.000155,1.3e-05,0.999759,1.2e-05,1.1e-05
data/raf_db/test/4/test_1343_aligned.jpg,4,4,2.1e-05,8.1e-05,2.4e-05,1.4e-05,0.999841,9e-06,1e-05
data/raf_db/test/4/test_0687_aligned.jpg,4,4,7e-06,8.5e-05,7e-06,3.8e-05,0.999816,1.3e-05,3.4e-05
data/raf_db/test/4/test_1095_aligned.jpg,4,5,0.155879,0.0003,0.004912,0.248832,0.002311,0.587651,0.000115
data/raf_db/test/4/test_1221_aligned.jpg,4,4,1.7e-05,9.7e-05,0.001109,0.001422,0.997313,3.7e-05,5e-06
data/raf_db/test/4/test_1771_aligned.jpg,4,4,1.8e-05,1.9e-05,0.000152,6e-06,0.999734,4e-05,3.1e-05
data/raf_db/test/4/test_1036_aligned.jpg,4,1,0.004483,0.866074,0.005901,0.03574,0.08776,2.3e-05,2e-05
data/raf_db/test/4/test_1566_aligned.jpg,4,4,8.1e-05,0.000274,6.5e-05,1.7e-05,0.797276,0.000225,0.202063
data/raf_db/test/4/test_1154_aligned.jpg,4,4,4.2e-05,9e-06,0.000341,3.3e-05,0.9995,6e-06,7e-05
data/raf_db/test/4/test_0389_aligned.jpg,4,4,0.000149,0.07434,0.00043,0.010777,0.914245,1.4e-05,4.4e-05
data/raf_db/test/4/test_2227_aligned.jpg,4,4,2.1e-05,1e-05,1.2e-05,0.000317,0.999565,2.2e-05,5.3e-05
data/raf_db/test/4/test_1474_aligned.jpg,4,4,0.000372,0.00114,0.000327,0.000131,0.993274,0.000122,0.004634
data/raf_db/test/4/test_0736_aligned.jpg,4,4,8e-06,1.2e-05,5e-05,3.8e-05,0.999833,1.9e-05,4.1e-05
data/raf_db/test/4/test_1124_aligned.jpg,4,5,0.206578,0.001515,0.191997,8.1e-05,0.239077,0.360405,0.000346
data/raf_db/test/4/test_1621_aligned.jpg,4,6,1.7e-05,0.00023,1.3e-05,8.6e-05,0.035394,3.7e-05,0.964223
data/raf_db/test/4/test_0318_aligned.jpg,4,4,1.2e-05,0.000269,1.8e-05,4e-06,0.999454,4.5e-05,0.000197
data/raf_db/test/4/test_1495_aligned.jpg,4,4,5.6e-05,2.5e-05,1.7e-05,1.4e-05,0.999726,1.5e-05,0.000148
data/raf_db/test/4/test_0401_aligned.jpg,4,4,8e-06,3.4e-05,1.5e-05,5.9e-05,0.998425,7e-06,0.001452
data/raf_db/test/4/test_0513_aligned.jpg,4,4,6.6e-05,6e-06,0.00013,7.2e-05,0.999677,2.4e-05,2.4e-05
data/raf_db/test/4/test_1148_aligned.jpg,4,4,6e-06,8e-06,2.4e-05,7.4e-05,0.999474,2.7e-05,0.000386
data/raf_db/test/4/test_0368_aligned.jpg,4,4,3.5e-05,3.4e-05,2.1e-05,0.002559,0.997268,4.8e-05,3.5e-05
data/raf_db/test/4/test_0471_aligned.jpg,4,4,3e-05,0.006369,0.000116,1.7e-05,0.993359,2.8e-05,8e-05
data/raf_db/test/4/test_1902_aligned.jpg,4,4,1.3e-05,0.000158,1.1e-05,1.6e-05,0.99977,1.1e-05,2.1e-05
data/raf_db/test/4/test_0336_aligned.jpg,4,4,0.000122,0.00014,5e-06,1.4e-05,0.999267,1e-05,0.000441
data/raf_db/test/4/test_1074_aligned.jpg,4,4,1.4e-05,6.6e-05,9e-06,5.4e-05,0.999824,1.8e-05,1.5e-05
data/raf_db/test/4/test_1116_aligned.jpg,4,4,6e-06,2.4e-05,1.1e-05,8.4e-05,0.999828,1.5e-05,3.2e-05
data/raf_db/test/4/test_1446_aligned.jpg,4,4,0.000137,2.7e-05,0.001033,3e-05,0.998754,9e-06,1.1e-05
data/raf_db/test/4/test_1682_aligned.jpg,4,4,2.4e-05,7.5e-05,2.2e-05,5e-06,0.999815,1.1e-05,4.8e-05
data/raf_db/test/4/test_0616_aligned.jpg,4,4,4.6e-05,0.000107,6.5e-05,3e-06,0.999731,1.8e-05,3e-05
data/raf_db/test/4/test_1436_aligned.jpg,4,4,2.2e-05,4.7e-05,4.3e-05,8e-06,0.995319,0.000412,0.004149
data/raf_db/test/4/test_1810_aligned.jpg,4,4,1.2e-05,0.000353,4.6e-05,0.000118,0.599475,0.00022,0.399777
data/raf_db/test/4/test_1121_aligned.jpg,4,4,2.9e-05,7.4e-05,5e-06,0.000168,0.999427,9e-06,0.000288
data/raf_db/test/4/test_1368_aligned.jpg,4,4,3e-05,1.6e-05,1e-05,5.8e-05,0.999845,1.4e-05,2.8e-05
data/raf_db/test/4/test_1857_aligned.jpg,4,4,3.9e-05,1.5e-05,1.1e-05,2e-05,0.999837,1.7e-05,6.1e-05
data/raf_db/test/4/test_1043_aligned.jpg,4,4,4.8e-05,1.4e-05,1.2e-05,9.5e-05,0.999473,0.000227,0.000131
data/raf_db/test/4/test_1563_aligned.jpg,4,6,4e-06,0.000999,7.3e-05,0.032619,9.3e-05,0.000221,0.965991
data/raf_db/test/4/test_0810_aligned.jpg,4,4,3.7e-05,2.1e-05,1.6e-05,3.4e-05,0.998605,3.7e-05,0.001249
data/raf_db/test/4/test_2157_aligned.jpg,4,4,7e-06,0.000226,1.8e-05,0.000123,0.998426,0.000979,0.000221
data/raf_db/test/4/test_1224_aligned.jpg,4,2,0.092803,0.170986,0.637163,0.024065,0.074878,6.5e-05,4.1e-05
data/raf_db/test/4/test_1789_aligned.jpg,4,4,2.5e-05,1.4e-05,6.3e-05,0.000599,0.996912,0.002252,0.000136
data/raf_db/test/4/test_1090_aligned.jpg,4,4,7e-06,0.000648,6.7e-05,1.5e-05,0.994837,0.000568,0.003858
data/raf_db/test/4/test_2035_aligned.jpg,4,4,1.4e-05,0.001256,2.5e-05,6e-06,0.998574,2.6e-05,9.9e-05
data/raf_db/test/4/test_0089_aligned.jpg,4,4,0.020844,0.008314,0.005551,0.008573,0.93614,0.018929,0.001648
data/raf_db/test/4/test_1666_aligned.jpg,4,4,6e-06,0.001325,0.000202,0.001827,0.996607,1.2e-05,2e-05
data/raf_db/test/4/test_1996_aligned.jpg,4,4,5.7e-05,7e-06,6.8e-05,0.001612,0.998172,5.2e-05,3.2e-05
data/raf_db/test/4/test_1809_aligned.jpg,4,4,2.4e-05,4.1e-05,2.3e-05,1.2e-05,0.999873,1.4e-05,1.2e-05
data/raf_db/test/4/test_1433_aligned.jpg,4,4,8.2e-05,2.8e-05,4e-05,0.024906,0.974803,8.5e-05,5.7e-05
data/raf_db/test/4/test_2210_aligned.jpg,4,4,4.4e-05,2.8e-05,6e-06,9.8e-05,0.999776,1.1e-05,3.9e-05
data/raf_db/test/4/test_1248_aligned.jpg,4,4,1.7e-05,2.4e-05,9e-06,3.3e-05,0.997449,1.3e-05,0.002454
data/raf_db/test/4/test_0095_aligned.jpg,4,4,4.3e-05,3.7e-05,0.000213,0.000267,0.995586,0.003765,9e-05
data/raf_db/test/4/test_1687_aligned.jpg,4,4,1.1e-05,5.1e-05,7e-06,6.1e-05,0.999806,5e-06,5.9e-05
data/raf_db/test/4/test_1795_aligned.jpg,4,4,0.00016,6.1e-05,8e-05,9e-06,0.999646,3.6e-05,8e-06
data/raf_db/test/4/test_2115_aligned.jpg,4,4,4.7e-05,1.9e-05,2.3e-05,5.6e-05,0.999583,0.000244,2.8e-05
data/raf_db/test/4/test_1736_aligned.jpg,4,4,3.7e-05,9.8e-05,0.000138,2.4e-05,0.999623,7.2e-05,8e-06
data/raf_db/test/4/test_1654_aligned.jpg,4,4,1.3e-05,4.7e-05,0.000101,0.009217,0.990557,4e-05,2.5e-05
data/raf_db/test/4/test_2077_aligned.jpg,4,6,3.2e-05,0.00014,1.3e-05,0.000118,0.141112,0.000218,0.858367
data/raf_db/test/4/test_0404_aligned.jpg,4,4,0.000253,0.01033,2.9e-05,1.7e-05,0.989292,9e-06,7e-05
data/raf_db/test/4/test_1929_aligned.jpg,4,1,8.4e-05,0.40403,5.2e-05,0.000407,0.288897,8.5e-05,0.306445
data/raf_db/test/4/test_0566_aligned.jpg,4,4,1.4e-05,0.000322,1.6e-05,5e-06,0.999503,1e-05,0.00013
data/raf_db/test/4/test_0036_aligned.jpg,4,4,7e-06,2e-05,7e-06,4.3e-05,0.999252,1.7e-05,0.000654
data/raf_db/test/4/test_0847_aligned.jpg,4,4,9.3e-05,1.1e-05,3.2e-05,0.000106,0.999683,2.2e-05,5.3e-05
data/raf_db/test/4/test_1723_aligned.jpg,4,4,3e-05,5.1e-05,1.9e-05,0.000297,0.999542,2e-06,5.9e-05
data/raf_db/test/4/test_0385_aligned.jpg,4,4,9.9e-05,0.002263,5.7e-05,5.8e-05,0.997504,6e-06,1.5e-05
data/raf_db/test/4/test_0925_aligned.jpg,4,4,3.2e-05,1.7e-05,1.7e-05,7.9e-05,0.999784,5.5e-05,1.7e-05
data/raf_db/test/4/test_1158_aligned.jpg,4,4,9e-06,5.7e-05,1.7e-05,1.6e-05,0.994433,3.5e-05,0.005434
data/raf_db/test/4/test_1408_aligned.jpg,4,4,7.3e-05,6.1e-05,1.7e-05,0.0002,0.999632,4e-06,1.2e-05
data/raf_db/test/4/test_1753_aligned.jpg,4,4,2.3e-05,1.1e-05,1.9e-05,0.000304,0.999604,1.4e-05,2.4e-05
data/raf_db/test/4/test_1426_aligned.jpg,4,4,1.1e-05,5e-05,7e-06,0.00017,0.999656,3e-06,0.000103
data/raf_db/test/4/test_1800_aligned.jpg,4,4,4.6e-05,3.1e-05,2.2e-05,1.2e-05,0.999855,1.6e-05,1.6e-05
data/raf_db/test/4/test_0080_aligned.jpg,4,4,3.6e-05,0.000194,2.3e-05,9e-06,0.999715,7e-06,1.6e-05
data/raf_db/test/4/test_0606_aligned.jpg,4,4,0.002799,0.010613,7.1e-05,0.000978,0.517956,1.4e-05,0.467569
data/raf_db/test/4/test_0356_aligned.jpg,4,4,4.9e-05,7.8e-05,9e-06,2e-05,0.999801,2.6e-05,1.6e-05
data/raf_db/test/4/test_1780_aligned.jpg,4,4,2.3e-05,7.7e-05,9.7e-05,0.001021,0.998768,6e-06,8e-06
data/raf_db/test/4/test_2142_aligned.jpg,4,6,4e-05,0.045216,9.6e-05,0.000162,0.004366,5.6e-05,0.950063
data/raf_db/test/4/test_1078_aligned.jpg,4,4,6e-06,3e-05,2.1e-05,0.000112,0.999803,1.2e-05,1.5e-05
data/raf_db/test/4/test_0541_aligned.jpg,4,4,2.5e-05,1e-05,3.5e-05,0.00051,0.999382,1.2e-05,2.7e-05
data/raf_db/test/4/test_1603_aligned.jpg,4,4,2.6e-05,3.3e-05,5e-06,2.7e-05,0.999782,3.7e-05,9e-05
data/raf_db/test/4/test_1085_aligned.jpg,4,4,1.9e-05,1.9e-05,3.9e-05,2.6e-05,0.999866,2e-05,1e-05
data/raf_db/test/4/test_2132_aligned.jpg,4,4,0.000105,4.9e-05,2.5e-05,1.6e-05,0.999783,8e-06,1.4e-05
data/raf_db/test/4/test_0875_aligned.jpg,4,4,1.9e-05,0.000129,3.8e-05,9e-06,0.999783,1.1e-05,1.1e-05
data/raf_db/test/4/test_1008_aligned.jpg,4,4,4.1e-05,0.000331,0.000102,0.397316,0.601923,2.4e-05,0.000262
data/raf_db/test/4/test_0103_aligned.jpg,4,4,3.4e-05,0.000531,1.2e-05,1.2e-05,0.997443,4e-06,0.001963
data/raf_db/test/4/test_1711_aligned.jpg,4,4,0.000365,1e-05,0.000137,1.8e-05,0.999366,7.1e-05,3.3e-05
data/raf_db/test/4/test_1241_aligned.jpg,4,4,2.9e-05,2.9e-05,3.4e-05,4.1e-05,0.999801,8e-06,5.8e-05
data/raf_db/test/4/test_1673_aligned.jpg,4,4,2.2e-05,1.4e-05,4.4e-05,6.5e-05,0.999764,7.6e-05,1.4e-05
data/raf_db/test/4/test_1983_aligned.jpg,4,4,5.9e-05,0.021383,4.6e-05,1.4e-05,0.978267,3.3e-05,0.000198
data/raf_db/test/4/test_0917_aligned.jpg,4,4,4.6e-05,1.8e-05,5.7e-05,0.003336,0.945637,4.2e-05,0.050865
data/raf_db/test/4/test_2050_aligned.jpg,4,4,1.6e-05,9.2e-05,1e-05,0.001707,0.998101,1e-05,6.4e-05
data/raf_db/test/4/test_0888_aligned.jpg,4,4,7.9e-05,4e-05,3.5e-05,6e-06,0.999805,1.7e-05,1.9e-05
data/raf_db/test/4/test_0949_aligned.jpg,4,4,6.5e-05,0.002668,0.000293,6e-06,0.996917,3.3e-05,1.8e-05
data/raf_db/test/4/test_2191_aligned.jpg,4,4,3.2e-05,0.000396,1e-05,0.022199,0.977004,1.1e-05,0.000347
data/raf_db/test/4/test_0276_aligned.jpg,4,4,4.8e-05,4.7e-05,9e-06,1.3e-05,0.999807,3e-05,4.7e-05
data/raf_db/test/4/test_1842_aligned.jpg,4,4,9e-06,0.000134,0.000111,0.000224,0.999504,4e-06,1.4e-05
data/raf_db/test/4/test_1832_aligned.jpg,4,4,0.000163,3.4e-05,0.00018,0.001285,0.998318,1.3e-05,6e-06
data/raf_db/test/4/test_1576_aligned.jpg,4,4,6.6e-05,1e-05,1.4e-05,7.2e-05,0.99969,7.6e-05,7.2e-05
data/raf_db/test/4/test_1316_aligned.jpg,4,4,4.8e-05,7e-06,0.000474,0.001083,0.998338,3.7e-05,1.4e-05
data/raf_db/test/4/test_1646_aligned.jpg,4,4,2.5e-05,0.001077,0.000602,2.5e-05,0.987928,0.009946,0.000398
data/raf_db/test/4/test_1829_aligned.jpg,4,4,4.9e-05,0.00028,1.5e-05,1.5e-05,0.999614,1.3e-05,1.4e-05
data/raf_db/test/4/test_0024_aligned.jpg,4,4,9e-06,0.00214,1.5e-05,0.002937,0.789465,6.1e-05,0.205374
data/raf_db/test/4/test_0952_aligned.jpg,4,4,0.000279,0.000569,4e-05,0.026775,0.960693,8.5e-05,0.011559
data/raf_db/test/4/test_0290_aligned.jpg,4,4,2.1e-05,2.7e-05,9e-06,1.8e-05,0.999849,2.6e-05,4.9e-05
data/raf_db/test/4/test_1754_aligned.jpg,4,4,2.2e-05,0.000262,1.8e-05,0.000477,0.760354,3.4e-05,0.238832
data/raf_db/test/4/test_0351_aligned.jpg,4,4,2e-05,3.2e-05,1e-05,0.000433,0.999469,9e-06,2.6e-05
data/raf_db/test/4/test_1668_aligned.jpg,4,4,6e-06,4e-05,1.5e-05,0.00017,0.999735,5e-06,2.9e-05
data/raf_db/test/4/test_0438_aligned.jpg,4,4,8.9e-05,4.3e-05,2.3e-05,7e-06,0.999795,7e-06,3.4e-05
data/raf_db/test/4/test_1451_aligned.jpg,4,4,0.000116,0.000215,0.001569,3.2e-05,0.998054,8e-06,7e-06
data/raf_db/test/4/test_1348_aligned.jpg,4,4,3.9e-05,3.4e-05,7.7e-05,2.1e-05,0.995853,0.00239,0.001585
data/raf_db/test/4/test_1877_aligned.jpg,4,4,0.000459,0.000238,0.000138,0.000377,0.998773,2e-06,1.3e-05
data/raf_db/test/4/test_1082_aligned.jpg,4,4,2.1e-05,1.8e-05,0.000149,5.4e-05,0.999647,0.000103,7e-06
data/raf_db/test/4/test_1766_aligned.jpg,4,4,1.9e-05,2.9e-05,3.1e-05,8.1e-05,0.999823,7e-06,1e-05
data/raf_db/test/4/test_1909_aligned.jpg,4,4,0.00067,2e-05,0.001342,0.071298,0.926446,1.5e-05,0.000208
data/raf_db/test/4/test_1674_aligned.jpg,4,4,1.3e-05,6.6e-05,4.8e-05,1.3e-05,0.999805,6e-06,4.9e-05
data/raf_db/test/4/test_1324_aligned.jpg,4,4,4.5e-05,1.4e-05,3.7e-05,3e-05,0.999765,9.3e-05,1.6e-05
data/raf_db/test/4/test_1984_aligned.jpg,4,4,1.2e-05,1.3e-05,3.5e-05,2.9e-05,0.997343,1.6e-05,0.002552
data/raf_db/test/4/test_0910_aligned.jpg,4,4,1.5e-05,1.7e-05,2.8e-05,0.000439,0.999473,1.1e-05,1.6e-05
data/raf_db/test/4/test_1246_aligned.jpg,4,4,0.000136,0.001026,4.9e-05,8.2e-05,0.496989,0.005023,0.496695
data/raf_db/test/4/test_1716_aligned.jpg,4,4,0.00011,4e-05,8e-06,0.000137,0.99699,0.000272,0.002443
data/raf_db/test/4/test_1748_aligned.jpg,4,3,6e-06,1.5e-05,1.6e-05,0.998429,0.001505,4e-06,2.4e-05
data/raf_db/test/4/test_0595_aligned.jpg,4,4,5.4e-05,2.4e-05,0.000247,3e-05,0.999628,8e-06,8e-06
data/raf_db/test/4/test_1927_aligned.jpg,4,4,2.6e-05,1.5e-05,3.1e-05,1.2e-05,0.999783,1.1e-05,0.000122
data/raf_db/test/4/test_1051_aligned.jpg,4,4,1.7e-05,9e-06,1.9e-05,9.8e-05,0.999814,1.8e-05,2.5e-05
data/raf_db/test/4/test_0721_aligned.jpg,4,4,1.9e-05,1e-05,2.9e-05,0.000118,0.999795,7e-06,2.2e-05
data/raf_db/test/4/test_1133_aligned.jpg,4,4,2e-05,2.2e-05,0.000124,1.2e-05,0.999796,1.5e-05,1.1e-05
data/raf_db/test/4/test_1268_aligned.jpg,4,4,6.3e-05,7.6e-05,0.000309,0.000137,0.999404,7e-06,4e-06
data/raf_db/test/4/test_1932_aligned.jpg,4,4,0.012105,0.000462,0.018592,5.2e-05,0.968636,0.000146,8e-06
data/raf_db/test/4/test_1476_aligned.jpg,4,4,4e-05,0.000202,0.001383,0.000332,0.997933,0.000107,2e-06
data/raf_db/test/4/test_0264_aligned.jpg,4,4,1.6e-05,0.000102,1.7e-05,7.4e-05,0.999763,5e-06,2.3e-05
data/raf_db/test/4/test_1942_aligned.jpg,4,4,6.1e-05,5.1e-05,2e-05,5.5e-05,0.947114,0.000215,0.052485
data/raf_db/test/4/test_1156_aligned.jpg,4,4,0.000744,0.000239,0.000203,1.8e-05,0.998771,1.8e-05,5e-06
data/raf_db/test/4/test_2225_aligned.jpg,4,4,2.9e-05,9.4e-05,5.1e-05,1.1e-05,0.999758,1e-05,4.6e-05
data/raf_db/test/4/test_1611_aligned.jpg,4,4,2.3e-05,1.6e-05,1.8e-05,4e-05,0.999874,1.2e-05,1.7e-05
data/raf_db/test/4/test_0988_aligned.jpg,4,4,1.5e-05,4.5e-05,3.3e-05,1.8e-05,0.999871,5e-06,1.3e-05
data/raf_db/test/4/test_0328_aligned.jpg,4,4,2.2e-05,0.000313,0.001145,0.011581,0.986907,2.1e-05,1.2e-05
data/raf_db/test/4/test_1223_aligned.jpg,4,4,4.1e-05,6.2e-05,1.1e-05,1.6e-05,0.999833,1.7e-05,2e-05
data/raf_db/test/4/test_1185_aligned.jpg,4,4,1.4e-05,1.3e-05,5.3e-05,0.001546,0.998271,7.9e-05,2.3e-05
data/raf_db/test/4/test_1199_aligned.jpg,4,4,1.1e-05,1.1e-05,4.6e-05,2.2e-05,0.998426,0.000126,0.001359
data/raf_db/test/4/test_0344_aligned.jpg,4,4,2.2e-05,1.2e-05,7.9e-05,0.000696,0.999163,1.2e-05,1.6e-05
data/raf_db/test/4/test_1812_aligned.jpg,4,4,2.6e-05,0.008059,0.000813,0.000229,0.990631,0.000223,1.8e-05
data/raf_db/test/4/test_2217_aligned.jpg,4,4,0.000119,3e-05,0.000924,1.3e-05,0.996243,0.002457,0.000213
data/raf_db/test/4/test_1076_aligned.jpg,4,4,9e-06,2.3e-05,3e-05,4.6e-05,0.999853,2.3e-05,1.6e-05
data/raf_db/test/4/test_0969_aligned.jpg,4,4,0.00034,4e-05,0.001411,7.4e-05,0.99808,4.8e-05,7e-06
data/raf_db/test/4/test_0180_aligned.jpg,4,4,4.3e-05,2.3e-05,5e-06,6.8e-05,0.999781,3e-05,5.1e-05
data/raf_db/test/4/test_1303_aligned.jpg,4,4,1.5e-05,1.5e-05,0.000124,3.2e-05,0.999759,1e-05,4.3e-05
data/raf_db/test/4/test_2070_aligned.jpg,4,4,0.000156,1.3e-05,2.1e-05,0.000751,0.998986,3e-05,4.2e-05
data/raf_db/test/4/test_0937_aligned.jpg,4,4,4.1e-05,0.000142,0.000103,1.1e-05,0.992868,0.005377,0.001458
data/raf_db/test/4/test_1578_aligned.jpg,4,4,2.7e-05,7e-06,1.4e-05,0.000482,0.998863,0.000137,0.00047
data/raf_db/test/4/test_1731_aligned.jpg,4,4,2.8e-05,0.000304,0.000171,0.002846,0.996615,2.3e-05,1.3e-05
data/raf_db/test/4/test_0031_aligned.jpg,4,4,0.000861,0.000544,0.012588,3.7e-05,0.985877,7.8e-05,1.5e-05
data/raf_db/test/4/test_0947_aligned.jpg,4,4,0.00013,0.005264,3.5e-05,0.002029,0.538712,9.3e-05,0.453738
data/raf_db/test/4/test_0278_aligned.jpg,4,4,4e-05,0.001563,1.2e-05,1.1e-05,0.997757,1.3e-05,0.000604
data/raf_db/test/4/test_0403_aligned.jpg,4,4,1.4e-05,0.00035,9.2e-05,4.2e-05,0.999488,5e-06,9e-06
data/raf_db/test/4/test_1256_aligned.jpg,4,4,3.7e-05,1.7e-05,5.8e-05,5e-05,0.999819,5e-06,1.4e-05
data/raf_db/test/4/test_0076_aligned.jpg,4,4,2.5e-05,1.2e-05,0.000104,2.9e-05,0.999776,6e-06,4.6e-05
data/raf_db/test/4/test_1664_aligned.jpg,4,4,0.016477,0.00025,0.006205,0.122185,0.854821,1.7e-05,4.5e-05
data/raf_db/test/4/test_1776_aligned.jpg,4,4,1.5e-05,9e-06,2.6e-05,0.000742,0.998911,0.000199,9.8e-05
data/raf_db/test/4/test_0164_aligned.jpg,4,4,5e-06,3.5e-05,2.5e-05,2.1e-05,0.995968,3.9e-05,0.003906
data/raf_db/test/4/test_0434_aligned.jpg,4,4,3.1e-05,8e-06,8.3e-05,4.2e-05,0.999459,0.000312,6.5e-05
data/raf_db/test/4/test_1344_aligned.jpg,4,4,0.0001,2.1e-05,2.4e-05,5.3e-05,0.999779,1.2e-05,1.2e-05
data/raf_db/test/4/test_0006_aligned.jpg,4,4,9e-06,0.000242,3.2e-05,0.000116,0.934218,9.9e-05,0.065285
data/raf_db/test/4/test_0211_aligned.jpg,4,4,1.3e-05,2.2e-05,2e-05,0.000187,0.999735,7e-06,1.6e-05
data/raf_db/test/4/test_1947_aligned.jpg,4,4,2.1e-05,3.7e-05,5.6e-05,4.2e-05,0.999829,9e-06,6e-06
data/raf_db/test/4/test_1728_aligned.jpg,4,4,2.2e-05,2e-05,6.3e-05,6.2e-05,0.9998,2.6e-05,7e-06
data/raf_db/test/4/test_1473_aligned.jpg,4,4,5e-05,0.000193,3.5e-05,5e-06,0.997834,0.000123,0.001761
data/raf_db/test/4/test_1937_aligned.jpg,4,4,1.3e-05,8.1e-05,0.000147,5.9e-05,0.998938,0.000743,1.8e-05
data/raf_db/test/4/test_1397_aligned.jpg,4,4,1.7e-05,1.2e-05,4.3e-05,0.009609,0.988848,2.7e-05,0.001444
data/raf_db/test/4/test_1758_aligned.jpg,4,4,0.000321,0.094615,0.002057,0.001438,0.815867,0.000326,0.085376
data/raf_db/test/4/test_1492_aligned.jpg,4,4,1.3e-05,2e-05,1.6e-05,7.4e-05,0.999848,1.3e-05,1.5e-05
data/raf_db/test/4/test_2167_aligned.jpg,4,4,7e-06,4.8e-05,1.9e-05,1.3e-05,0.999817,1e-05,8.6e-05
data/raf_db/test/4/test_0156_aligned.jpg,4,1,0.001448,0.795113,8.8e-05,5.4e-05,0.137722,0.000463,0.065112
data/raf_db/test/4/test_1849_aligned.jpg,4,4,1.6e-05,2.3e-05,3.9e-05,5.6e-05,0.999847,1.1e-05,8e-06
data/raf_db/test/4/test_2005_aligned.jpg,4,4,0.000146,0.001124,0.004774,0.242977,0.750918,3.7e-05,2.4e-05
data/raf_db/test/4/test_2117_aligned.jpg,4,4,0.004001,0.000673,0.000794,7.4e-05,0.979372,0.000195,0.014891
data/raf_db/test/4/test_2088_aligned.jpg,4,4,5e-06,2.1e-05,0.000306,0.000143,0.999258,0.000238,3e-05
data/raf_db/test/4/test_0476_aligned.jpg,4,4,1.8e-05,6.1e-05,1.2e-05,2.4e-05,0.999859,1.1e-05,1.5e-05
data/raf_db/test/4/test_1306_aligned.jpg,4,4,1.9e-05,0.000165,0.006531,0.000114,0.993086,7.6e-05,8e-06
data/raf_db/test/4/test_0514_aligned.jpg,4,4,6.1e-05,5e-06,9.5e-05,0.000101,0.999667,5.3e-05,1.8e-05
data/raf_db/test/4/test_1441_aligned.jpg,4,4,2.6e-05,9e-06,0.000161,2e-05,0.999752,1.3e-05,2e-05
data/raf_db/test/4/test_0991_aligned.jpg,4,4,1.8e-05,4.1e-05,2e-05,5e-06,0.999827,1.8e-05,7.2e-05
data/raf_db/test/4/test_1161_aligned.jpg,4,4,1.6e-05,0.0001,0.000199,0.036384,0.959198,0.000453,0.00365
data/raf_db/test/4/test_1975_aligned.jpg,4,4,3.1e-05,0.000115,1e-05,1.2e-05,0.999437,3.2e-05,0.000363
data/raf_db/test/4/test_0341_aligned.jpg,4,4,1.8e-05,0.000563,3.5e-05,7e-06,0.999314,5e-06,5.9e-05
data/raf_db/test/4/test_0716_aligned.jpg,4,4,1.5e-05,2.2e-05,1.2e-05,8.3e-05,0.999833,1.8e-05,1.7e-05
data/raf_db/test/4/test_1104_aligned.jpg,4,4,0.000256,8.1e-05,0.02135,2.4e-05,0.978082,0.000179,2.7e-05
data/raf_db/test/4/test_1454_aligned.jpg,4,4,1.7e-05,8.6e-05,1.4e-05,0.017573,0.981991,2.5e-05,0.000294
data/raf_db/test/4/test_1872_aligned.jpg,4,4,0.062189,0.153824,0.00688,8.5e-05,0.709203,0.007797,0.060021
data/raf_db/test/4/test_1910_aligned.jpg,4,4,7e-06,1.6e-05,1.4e-05,3.2e-05,0.999648,1.6e-05,0.000268
data/raf_db/test/4/test_1536_aligned.jpg,4,4,0.000129,0.010134,0.001415,0.002414,0.98588,2e-05,8e-06
data/raf_db/test/4/test_1066_aligned.jpg,4,4,2.3e-05,0.000279,9.3e-05,0.108581,0.848866,2.2e-05,0.042136
data/raf_db/test/4/test_1174_aligned.jpg,4,4,0.000263,3e-05,0.000175,0.083608,0.915821,4.5e-05,5.8e-05
data/raf_db/test/4/test_1546_aligned.jpg,4,4,0.000103,0.000396,0.000182,3e-05,0.999278,3e-06,7e-06
data/raf_db/test/4/test_0738_aligned.jpg,4,4,1.5e-05,1.1e-05,2.4e-05,0.000159,0.99974,3.3e-05,1.9e-05
data/raf_db/test/4/test_0957_aligned.jpg,4,4,5.1e-05,0.000987,0.000235,2.4e-05,0.997731,0.000948,2.4e-05
data/raf_db/test/4/test_2102_aligned.jpg,4,4,0.000983,0.000435,3.5e-05,0.000224,0.610621,0.00022,0.387482
data/raf_db/test/4/test_0845_aligned.jpg,4,4,0.009392,0.000163,0.000103,0.000397,0.989908,9e-06,2.8e-05
data/raf_db/test/4/test_1721_aligned.jpg,4,4,3.4e-05,6.1e-05,1.7e-05,0.002533,0.997314,1.2e-05,2.9e-05
data/raf_db/test/4/test_0927_aligned.jpg,4,4,1.3e-05,9e-06,2e-05,0.000135,0.99941,8e-06,0.000406
data/raf_db/test/4/test_0387_aligned.jpg,4,4,3.1e-05,6.7e-05,0.000224,0.009617,0.990024,2.7e-05,1e-05
data/raf_db/test/4/test_1416_aligned.jpg,4,4,5.9e-05,1.1e-05,9e-06,0.000133,0.999635,5.8e-05,9.5e-05
data/raf_db/test/4/test_1952_aligned.jpg,4,6,8e-06,1.2e-05,2.9e-05,1.4e-05,0.000307,5.7e-05,0.999574
data/raf_db/test/4/test_1024_aligned.jpg,4,4,3.5e-05,0.000117,0.00014,0.085495,0.914124,3.4e-05,5.4e-05
data/raf_db/test/4/test_1574_aligned.jpg,4,4,2.5e-05,0.00394,0.000222,1.2e-05,0.99576,1.4e-05,2.6e-05
data/raf_db/test/4/test_2193_aligned.jpg,4,4,0.003674,0.001569,1.4e-05,2.1e-05,0.990576,3.5e-05,0.004112
data/raf_db/test/4/test_1922_aligned.jpg,4,4,2.3e-05,7e-05,8e-06,0.000109,0.988311,4.5e-05,0.011432
data/raf_db/test/4/test_1382_aligned.jpg,4,4,0.00022,8.7e-05,1.6e-05,9.1e-05,0.970333,1.9e-05,0.029235
data/raf_db/test/4/test_1054_aligned.jpg,4,4,3.2e-05,3.7e-05,6.3e-05,2e-05,0.999818,2.5e-05,6e-06
data/raf_db/test/4/test_0348_aligned.jpg,4,6,5.4e-05,0.002026,5e-06,0.000115,9.2e-05,9e-06,0.997699
data/raf_db/test/4/test_1195_aligned.jpg,4,4,5.4e-05,1.3e-05,2.9e-05,0.000235,0.999642,1.3e-05,1.3e-05
data/raf_db/test/4/test_2052_aligned.jpg,4,4,4.1e-05,1.5e-05,0.000167,0.024708,0.974886,0.000111,7.2e-05
data/raf_db/test/4/test_1893_aligned.jpg,4,4,2.1e-05,4.3e-05,6e-06,0.000177,0.999698,1.6e-05,3.9e-05
data/raf_db/test/4/test_1233_aligned.jpg,4,4,1.2e-05,3.6e-05,1.2e-05,1.9e-05,0.99986,1.5e-05,4.7e-05
data/raf_db/test/4/test_0171_aligned.jpg,4,4,0.000243,0.000461,0.000269,0.129661,0.782402,0.000282,0.086683
data/raf_db/test/4/test_1763_aligned.jpg,4,4,2.5e-05,0.000385,0.000116,1e-05,0.999446,7e-06,1e-05
data/raf_db/test/4/test_1118_aligned.jpg,4,4,3.3e-05,0.005525,3.2e-05,2.4e-05,0.994268,5.7e-05,6.1e-05
data/raf_db/test/4/test_0965_aligned.jpg,4,4,2.9e-05,0.002128,7e-06,0.004099,0.992834,7e-06,0.000897
data/raf_db/test/4/test_1087_aligned.jpg,4,4,2.4e-05,2.6e-05,2.8e-05,1.5e-05,0.999879,1.5e-05,1.2e-05
data/raf_db/test/4/test_2022_aligned.jpg,4,4,1.1e-05,0.001219,1.2e-05,0.000328,0.938352,2.3e-05,0.060056
data/raf_db/test/4/test_0889_aligned.jpg,4,4,0.000391,0.002121,0.050584,0.018019,0.928836,3.7e-05,1.2e-05
data/raf_db/test/4/test_0229_aligned.jpg,4,6,4.4e-05,0.000748,1.3e-05,2.7e-05,0.038953,5.7e-05,0.960157
data/raf_db/test/4/test_0916_aligned.jpg,4,4,0.001173,2.8e-05,0.014078,5.2e-05,0.975381,0.008922,0.000367
data/raf_db/test/4/test_1009_aligned.jpg,4,4,9e-06,0.000229,8e-06,0.000444,0.999272,1.3e-05,2.5e-05
data/raf_db/test/4/test_2021_aligned.jpg,4,4,3.5e-05,0.001489,9.8e-05,0.000157,0.998209,4e-06,8e-06
data/raf_db/test/4/test_1084_aligned.jpg,4,4,1.6e-05,3.6e-05,2.6e-05,1.3e-05,0.999883,1.3e-05,1.3e-05
data/raf_db/test/4/test_0966_aligned.jpg,4,4,4.3e-05,1.6e-05,3e-05,4.1e-05,0.999845,1.3e-05,1.2e-05
data/raf_db/test/4/test_1529_aligned.jpg,4,4,0.000227,0.000104,0.000168,2e-05,0.999441,2e-06,3.8e-05
data/raf_db/test/4/test_1079_aligned.jpg,4,4,2.7e-05,5.1e-05,3e-05,0.000162,0.918993,0.000191,0.080546
data/raf_db/test/4/test_0365_aligned.jpg,4,4,4.5e-05,7e-06,0.000122,2e-05,0.99961,0.00016,3.6e-05
data/raf_db/test/4/test_1951_aligned.jpg,4,4,2e-05,9.6e-05,5.3e-05,5e-06,0.999797,9e-06,2e-05
data/raf_db/test/4/test_1293_aligned.jpg,4,4,6.4e-05,0.004131,0.001512,0.352504,0.641721,3e-05,3.7e-05
data/raf_db/test/4/test_0315_aligned.jpg,4,4,1.4e-05,3e-05,3.1e-05,0.000115,0.999656,0.000143,1.2e-05
data/raf_db/test/4/test_1381_aligned.jpg,4,4,1.7e-05,1.6e-05,1.6e-05,1.1e-05,0.99988,1.7e-05,4.2e-05
data/raf_db/test/4/test_0593_aligned.jpg,4,4,6.3e-05,0.000208,0.005508,2.2e-05,0.992963,0.001221,1.7e-05
data/raf_db/test/4/test_1843_aligned.jpg,4,4,0.001791,0.021141,0.001221,0.241281,0.707311,0.000299,0.026957
data/raf_db/test/4/test_0948_aligned.jpg,4,4,2.7e-05,1.3e-05,0.000102,0.000135,0.999681,3.3e-05,1e-05
data/raf_db/test/4/test_1479_aligned.jpg,4,4,9e-06,8.9e-05,9e-06,1.6e-05,0.999666,7e-06,0.000204
data/raf_db/test/4/test_2013_aligned.jpg,4,4,5.3e-05,1.6e-05,7.9e-05,1.5e-05,0.999794,3e-05,1.4e-05
data/raf_db/test/4/test_0022_aligned.jpg,4,4,4.6e-05,3.5e-05,0.000167,4e-06,0.999706,1.4e-05,2.7e-05
data/raf_db/test/4/test_1630_aligned.jpg,4,4,1.6e-05,1.4e-05,2.3e-05,4e-05,0.999867,2.4e-05,1.6e-05
data/raf_db/test/4/test_1272_aligned.jpg,4,4,0.0001,0.000105,5.4e-05,1.7e-05,0.930956,0.00119,0.067578
data/raf_db/test/4/test_0629_aligned.jpg,4,4,1.4e-05,1.7e-05,1.8e-05,2.8e-05,0.999892,1.1e-05,2e-05
data/raf_db/test/4/test_1535_aligned.jpg,4,4,9e-06,2.2e-05,2.2e-05,1.8e-05,0.999097,0.000232,0.0006
data/raf_db/test/4/test_1065_aligned.jpg,4,4,4.1e-05,0.000113,4.8e-05,8.3e-05,0.939147,0.00018,0.060388
data/raf_db/test/4/test_1098_aligned.jpg,4,4,5e-06,0.000488,8e-06,2.9e-05,0.99881,6e-06,0.000654
data/raf_db/test/4/test_0868_aligned.jpg,4,4,2e-05,7.2e-05,0.000798,9e-06,0.99887,1.1e-05,0.000219
data/raf_db/test/4/test_2204_aligned.jpg,4,4,9e-06,1.3e-05,6.8e-05,0.000261,0.999617,1.9e-05,1.4e-05
data/raf_db/test/4/test_0765_aligned.jpg,4,4,2e-05,9.1e-05,7.9e-05,9e-06,0.999783,8e-06,1e-05
data/raf_db/test/4/test_0895_aligned.jpg,4,4,2.9e-05,1.4e-05,1.2e-05,4.8e-05,0.999855,1.7e-05,2.3e-05
data/raf_db/test/4/test_1864_aligned.jpg,4,4,0.001221,0.046482,3.5e-05,0.000465,0.945761,6.8e-05,0.005968
data/raf_db/test/4/test_1112_aligned.jpg,4,4,8e-06,0.000538,1.1e-05,1e-05,0.99882,9e-06,0.000604
data/raf_db/test/4/test_0342_aligned.jpg,4,4,9.1e-05,1.3e-05,0.000362,0.000225,0.999274,3e-05,6e-06
data/raf_db/test/4/test_1814_aligned.jpg,4,4,1.9e-05,4.3e-05,9e-06,8e-06,0.999833,1.3e-05,7.6e-05
data/raf_db/test/4/test_2211_aligned.jpg,4,6,5.3e-05,0.000108,8.9e-05,2.9e-05,0.00153,0.000276,0.997915
data/raf_db/test/4/test_0069_aligned.jpg,4,4,2.9e-05,3.2e-05,8e-06,1.3e-05,0.999775,3.6e-05,0.000107
data/raf_db/test/4/test_0220_aligned.jpg,4,4,2.4e-05,1.2e-05,0.00018,3.5e-05,0.999699,3.4e-05,1.6e-05
data/raf_db/test/4/test_1162_aligned.jpg,4,4,2.9e-05,0.000119,0.000495,0.006381,0.992951,1.6e-05,8e-06
data/raf_db/test/4/test_0770_aligned.jpg,4,4,2e-05,3.2e-05,1.2e-05,1.3e-05,0.999883,1.4e-05,2.6e-05
data/raf_db/test/4/test_1747_aligned.jpg,4,4,0.000128,0.001994,1.2e-05,5e-06,0.997064,7.6e-05,0.000721
data/raf_db/test/4/test_0931_aligned.jpg,4,4,2.9e-05,0.000218,0.000641,0.000197,0.989473,0.00942,2.1e-05
data/raf_db/test/4/test_1737_aligned.jpg,4,4,1.6e-05,3.6e-05,2.5e-05,0.001266,0.998627,1.5e-05,1.6e-05
data/raf_db/test/4/test_2097_aligned.jpg,4,4,5.2e-05,7.8e-05,0.000329,0.000115,0.759567,0.000824,0.239035
data/raf_db/test/4/test_2223_aligned.jpg,4,4,8e-06,2.2e-05,2e-05,6.5e-05,0.9998,6.5e-05,2e-05
data/raf_db/test/4/test_0300_aligned.jpg,4,4,7e-06,2.9e-05,1.8e-05,1.1e-05,0.999841,1.5e-05,7.9e-05
data/raf_db/test/4/test_1042_aligned.jpg,4,1,0.000399,0.474974,0.000105,0.00034,0.249436,0.000377,0.274368
data/raf_db/test/4/test_1856_aligned.jpg,4,4,2.3e-05,4.9e-05,0.000114,0.004209,0.995575,1.3e-05,1.5e-05
data/raf_db/test/4/test_1639_aligned.jpg,4,4,3.1e-05,0.00198,1.2e-05,7e-06,0.997684,7.4e-05,0.000211
data/raf_db/test/4/test_1470_aligned.jpg,4,4,1.9e-05,1.5e-05,1.6e-05,3.1e-05,0.998307,0.00017,0.001442
data/raf_db/test/4/test_1808_aligned.jpg,4,4,1.8e-05,1.2e-05,3.8e-05,4.9e-05,0.999829,4e-05,1.4e-05
data/raf_db/test/4/test_0088_aligned.jpg,4,4,3.3e-05,6.8e-05,1.7e-05,4e-06,0.99977,1.5e-05,9.4e-05
data/raf_db/test/4/test_1183_aligned.jpg,4,4,6.2e-05,0.000322,8e-06,8e-06,0.999522,2.7e-05,5e-05
data/raf_db/test/4/test_1091_aligned.jpg,4,4,5.7e-05,4.4e-05,1.5e-05,5e-06,0.999364,5.2e-05,0.000464
data/raf_db/test/4/test_0005_aligned.jpg,4,4,1.6e-05,4e-05,1.7e-05,1.1e-05,0.999876,1.1e-05,2.9e-05
data/raf_db/test/4/test_2156_aligned.jpg,4,4,0.000132,0.001022,0.000167,0.000248,0.998403,2.4e-05,4e-06
data/raf_db/test/4/test_1262_aligned.jpg,4,4,7e-06,2e-05,7e-06,0.000101,0.999774,2.3e-05,6.8e-05
data/raf_db/test/4/test_0470_aligned.jpg,4,4,0.000255,8e-06,3e-05,0.000407,0.999042,0.000168,9e-05
data/raf_db/test/4/test_2111_aligned.jpg,4,4,3.4e-05,6e-05,1.1e-05,4.5e-05,0.99983,8e-06,1.2e-05
data/raf_db/test/4/test_1586_aligned.jpg,4,4,0.00057,0.002736,0.001282,0.093539,0.901786,3.1e-05,5.6e-05
data/raf_db/test/4/test_1149_aligned.jpg,4,4,2.8e-05,3.4e-05,0.000206,0.0001,0.999615,1.1e-05,5e-06
data/raf_db/test/4/test_1300_aligned.jpg,4,4,2.1e-05,9.1e-05,3.2e-05,1.8e-05,0.999822,5e-06,1e-05
data/raf_db/test/4/test_1212_aligned.jpg,4,4,0.000326,0.002175,0.00017,6.2e-05,0.9584,0.035577,0.00329
data/raf_db/test/4/test_1742_aligned.jpg,4,4,2.8e-05,0.001522,5e-06,0.00018,0.998159,9e-06,9.6e-05
data/raf_db/test/4/test_1494_aligned.jpg,4,4,0.000227,0.152029,0.000773,0.00016,0.574029,0.005902,0.26688
data/raf_db/test/4/test_0319_aligned.jpg,4,6,0.000397,0.000174,9.6e-05,4.9e-05,0.012122,0.000127,0.987035
data/raf_db/test/4/test_1139_aligned.jpg,4,4,0.000335,0.359819,0.001707,0.000282,0.637772,5.7e-05,2.8e-05
data/raf_db/test/4/test_1370_aligned.jpg,4,4,2.1e-05,1.3e-05,1.8e-05,2.6e-05,0.999878,1.8e-05,2.7e-05
data/raf_db/test/4/test_1811_aligned.jpg,4,4,1.7e-05,0.000336,5.9e-05,7e-06,0.999551,6e-06,2.3e-05
data/raf_db/test/4/test_1973_aligned.jpg,4,4,3.4e-05,0.000919,0.000521,0.000796,0.997715,1e-05,6e-06
data/raf_db/test/4/test_1088_aligned.jpg,4,4,1.8e-05,9.2e-05,2.4e-05,1.3e-05,0.999825,1.9e-05,1e-05
data/raf_db/test/4/test_1447_aligned.jpg,4,4,0.212495,0.030402,0.000959,0.000497,0.75543,0.000194,2.4e-05
data/raf_db/test/4/test_0162_aligned.jpg,4,4,7.9e-05,7.6e-05,3.8e-05,0.000259,0.866716,7.1e-05,0.132762
data/raf_db/test/4/test_1094_aligned.jpg,4,4,6e-06,0.000139,1.5e-05,0.000138,0.99965,1e-05,4.3e-05
data/raf_db/test/4/test_0719_aligned.jpg,4,4,0.303747,0.000252,0.000375,0.278766,0.415492,0.00011,0.001258
data/raf_db/test/4/test_0550_aligned.jpg,4,4,1.9e-05,0.000122,4.2e-05,1.1e-05,0.999785,1.3e-05,9e-06
data/raf_db/test/4/test_1612_aligned.jpg,4,4,1.2e-05,1.3e-05,2.8e-05,1.4e-05,0.99984,3.3e-05,6e-05
data/raf_db/test/4/test_1700_aligned.jpg,4,4,2.1e-05,2.1e-05,3.2e-05,0.000258,0.999649,6e-06,1.4e-05
data/raf_db/test/4/test_1186_aligned.jpg,4,4,1.5e-05,4.9e-05,1.2e-05,7e-06,0.999857,1e-05,5e-05
data/raf_db/test/4/test_2123_aligned.jpg,4,4,4.1e-05,3.6e-05,1e-05,4.2e-05,0.999839,1.3e-05,1.9e-05
data/raf_db/test/4/test_0070_aligned.jpg,4,4,2.3e-05,6.7e-05,6e-06,0.000172,0.999663,1.5e-05,5.4e-05
data/raf_db/test/4/test_1662_aligned.jpg,4,4,9e-06,0.00077,8e-06,3.6e-05,0.990087,2.8e-05,0.009061
data/raf_db/test/4/test_1853_aligned.jpg,4,4,1e-05,5.7e-05,1.1e-05,3.9e-05,0.999835,4e-06,4.4e-05
data/raf_db/test/4/test_1517_aligned.jpg,4,4,1.4e-05,2.8e-05,1.2e-05,1.9e-05,0.999874,2.7e-05,2.6e-05
data/raf_db/test/4/test_0655_aligned.jpg,4,4,1.7e-05,2.8e-05,1.1e-05,1e-05,0.999542,9.8e-05,0.000293
data/raf_db/test/4/test_1823_aligned.jpg,4,4,1.9e-05,0.000444,0.000101,2.2e-05,0.999353,5.3e-05,9e-06
data/raf_db/test/4/test_0217_aligned.jpg,4,4,1.9e-05,1.3e-05,2.2e-05,0.000392,0.99952,1.2e-05,2.3e-05
data/raf_db/test/4/test_1846_aligned.jpg,4,4,2.1e-05,4.3e-05,8e-06,0.000103,0.994635,9e-06,0.00518
data/raf_db/test/4/test_2195_aligned.jpg,4,1,0.000216,0.869994,0.000187,1.6e-05,0.117774,0.001475,0.010337
data/raf_db/test/4/test_1052_aligned.jpg,4,4,3.9e-05,1.6e-05,5.9e-05,1.5e-05,0.999824,3.1e-05,1.6e-05
data/raf_db/test/4/test_0202_aligned.jpg,4,4,2e-05,3.3e-05,2.3e-05,0.001598,0.998282,5e-06,4e-05
data/raf_db/test/4/test_2118_aligned.jpg,4,4,1.5e-05,2.3e-05,0.000159,0.000104,0.999676,1.6e-05,7e-06
data/raf_db/test/4/test_1081_aligned.jpg,4,4,0.000134,2.3e-05,2.4e-05,2.2e-05,0.999748,3.4e-05,1.6e-05
data/raf_db/test/4/test_1607_aligned.jpg,4,4,2.1e-05,3.5e-05,2.3e-05,8e-06,0.999877,6e-06,3.1e-05
data/raf_db/test/4/test_1798_aligned.jpg,4,6,5.5e-05,0.000139,1.2e-05,0.003578,0.256951,0.000319,0.738946
data/raf_db/test/4/test_1245_aligned.jpg,4,4,2.3e-05,1.9e-05,1.7e-05,0.0001,0.999814,4e-06,2.2e-05
data/raf_db/test/4/test_1715_aligned.jpg,4,4,8.4e-05,1.8e-05,3.9e-05,0.000227,0.999296,0.000259,7.7e-05
data/raf_db/test/4/test_0107_aligned.jpg,4,4,2.9e-05,3.7e-05,9e-06,0.003268,0.996191,0.000145,0.000321
data/raf_db/test/4/test_2054_aligned.jpg,4,4,0.02137,0.016002,0.001839,0.001679,0.593368,0.000215,0.365528
data/raf_db/test/4/test_1818_aligned.jpg,4,4,3.7e-05,9e-06,1.3e-05,3.8e-05,0.999387,1.4e-05,0.000503
data/raf_db/test/4/test_1804_aligned.jpg,4,4,1e-05,0.000111,3e-05,3e-06,0.999397,3.6e-05,0.000413
data/raf_db/test/4/test_1259_aligned.jpg,4,4,0.000261,6.5e-05,0.006941,0.000226,0.992476,2.7e-05,5e-06
data/raf_db/test/4/test_1709_aligned.jpg,4,4,2.8e-05,0.000308,3.1e-05,8.8e-05,0.999527,1.2e-05,6e-06
data/raf_db/test/4/test_0240_aligned.jpg,4,4,3.1e-05,1.2e-05,1.1e-05,5.1e-05,0.99983,2.5e-05,3.9e-05
data/raf_db/test/4/test_2038_aligned.jpg,4,4,4.6e-05,0.000171,1.1e-05,9e-06,0.999263,2.6e-05,0.000474
data/raf_db/test/4/test_0982_aligned.jpg,4,4,1.5e-05,4.3e-05,1.2e-05,7.6e-05,0.999832,6e-06,1.6e-05
data/raf_db/test/4/test_1060_aligned.jpg,4,4,1.7e-05,7e-06,1.8e-05,0.000394,0.999469,3.6e-05,5.7e-05
data/raf_db/test/4/test_1277_aligned.jpg,4,4,0.000139,0.000134,8e-06,0.000223,0.999469,8e-06,1.8e-05
data/raf_db/test/4/test_2066_aligned.jpg,4,6,1.7e-05,1.3e-05,4.7e-05,7e-05,0.013402,7.2e-05,0.986379
data/raf_db/test/4/test_0507_aligned.jpg,4,4,9.2e-05,4.9e-05,0.007874,7e-05,0.99186,4.7e-05,8e-06
data/raf_db/test/4/test_1315_aligned.jpg,4,4,1.7e-05,0.024536,0.00363,0.006263,0.965458,2.4e-05,7.2e-05
data/raf_db/test/4/test_1645_aligned.jpg,4,4,2.2e-05,2.8e-05,2.8e-05,0.000154,0.999733,2.4e-05,1.1e-05
data/raf_db/test/4/test_0145_aligned.jpg,4,4,9e-06,0.000338,8e-06,5e-05,0.999464,2e-06,0.000128
data/raf_db/test/4/test_1481_aligned.jpg,4,6,3e-06,0.000149,7e-06,8.3e-05,2.9e-05,6e-05,0.999668
data/raf_db/test/4/test_0951_aligned.jpg,4,4,5e-05,3.5e-05,0.001149,0.00164,0.997032,8.8e-05,7e-06
data/raf_db/test/4/test_1365_aligned.jpg,4,4,2e-05,8.7e-05,2.3e-05,6e-06,0.999831,1.2e-05,2.1e-05
data/raf_db/test/5/test_0288_aligned.jpg,5,5,2.9e-05,8e-06,4.3e-05,8.4e-05,0.000152,0.993936,0.005748
data/raf_db/test/5/test_1055_aligned.jpg,5,5,0.000162,8e-06,0.01119,0.000161,1.4e-05,0.988457,8e-06
data/raf_db/test/5/test_2192_aligned.jpg,5,5,0.000442,0.000314,0.000182,9.1e-05,0.024561,0.80708,0.16733
data/raf_db/test/5/test_2234_aligned.jpg,5,5,2.3e-05,5.1e-05,2.4e-05,3.3e-05,1.1e-05,0.999845,1.3e-05
data/raf_db/test/5/test_1417_aligned.jpg,5,5,0.000108,2.3e-05,6.7e-05,5.3e-05,5e-05,0.98695,0.01275
data/raf_db/test/5/test_0964_aligned.jpg,5,5,2.1e-05,0.001404,0.000224,0.000176,0.001565,0.996124,0.000487
data/raf_db/test/5/test_0694_aligned.jpg,5,5,1e-05,1.5e-05,2.7e-05,4.3e-05,2.9e-05,0.999856,2.2e-05
data/raf_db/test/5/test_1119_aligned.jpg,5,5,1.5e-05,1.5e-05,2.3e-05,3.6e-05,7e-06,0.999858,4.6e-05
data/raf_db/test/5/test_0542_aligned.jpg,5,5,1.6e-05,4.6e-05,0.000204,3.2e-05,3.3e-05,0.999664,6e-06
data/raf_db/test/5/test_1320_aligned.jpg,5,5,0.000174,0.000123,0.000295,9e-05,0.176939,0.815724,0.006654
data/raf_db/test/5/test_1670_aligned.jpg,5,3,4.6e-05,0.000615,3.8e-05,0.598997,5.1e-05,0.400027,0.000226
data/raf_db/test/5/test_1194_aligned.jpg,5,5,1.7e-05,3.3e-05,3e-05,2.3e-05,7.1e-05,0.996587,0.003239
data/raf_db/test/5/test_1188_aligned.jpg,5,5,0.000123,1.9e-05,1.5e-05,0.00019,5e-06,0.999609,3.9e-05
data/raf_db/test/5/test_0355_aligned.jpg,5,5,2.2e-05,7e-06,8.5e-05,0.004829,7.1e-05,0.994967,1.9e-05
data/raf_db/test/5/test_0675_aligned.jpg,5,5,3e-05,0.001307,5.3e-05,0.000106,7e-06,0.998196,0.000301
data/raf_db/test/5/test_0325_aligned.jpg,5,5,2.5e-05,7e-06,6.1e-05,2.5e-05,4.2e-05,0.998029,0.001811
data/raf_db/test/5/test_1105_aligned.jpg,5,5,1.1e-05,1.5e-05,1.6e-05,0.00014,6e-06,0.999758,5.5e-05
data/raf_db/test/5/test_0926_aligned.jpg,5,5,6.1e-05,0.001247,0.000251,0.000101,0.000249,0.997537,0.000554
data/raf_db/test/5/test_0219_aligned.jpg,5,5,6.9e-05,1.3e-05,0.000257,8.2e-05,1.7e-05,0.988994,0.010569
data/raf_db/test/5/test_2103_aligned.jpg,5,5,0.000708,0.001143,0.005135,6.4e-05,0.344469,0.636691,0.011791
data/raf_db/test/5/test_0956_aligned.jpg,5,3,1.2e-05,4.3e-05,0.001406,0.923393,0.072646,0.001544,0.000956
data/raf_db/test/5/test_1750_aligned.jpg,5,5,0.226318,0.000299,0.010444,0.007931,0.002779,0.393816,0.358414
data/raf_db/test/5/test_0294_aligned.jpg,5,5,7.1e-05,0.008452,0.000636,5.2e-05,0.016225,0.932054,0.042509
data/raf_db/test/5/test_1519_aligned.jpg,5,5,6e-05,7.2e-05,3.5e-05,1.1e-05,6e-06,0.999595,0.000222
data/raf_db/test/5/test_0127_aligned.jpg,5,5,0.001416,0.00246,0.323161,0.001772,0.004286,0.666883,2.3e-05
data/raf_db/test/5/test_0851_aligned.jpg,5,5,6e-06,5.3e-05,2.8e-05,0.000234,7e-05,0.99958,3e-05
data/raf_db/test/5/test_0035_aligned.jpg,5,5,0.000371,5.4e-05,0.000118,7.7e-05,6.1e-05,0.906362,0.092958
data/raf_db/test/5/test_0340_aligned.jpg,5,5,0.000362,8.8e-05,2.7e-05,3.8e-05,1.1e-05,0.999463,1.1e-05
data/raf_db/test/5/test_1002_aligned.jpg,5,5,1.8e-05,7e-06,0.000156,1e-05,1e-05,0.999769,3.1e-05
data/raf_db/test/5/test_0096_aligned.jpg,5,5,1e-05,8e-06,4.2e-05,0.00021,0.000684,0.998942,0.000106
data/raf_db/test/5/test_1816_aligned.jpg,5,5,3.3e-05,1.8e-05,4.7e-05,1.6e-05,1.2e-05,0.999865,1e-05
data/raf_db/test/5/test_1072_aligned.jpg,5,5,0.003271,0.002355,0.004178,5e-06,0.000291,0.989871,3e-05
data/raf_db/test/5/test_0429_aligned.jpg,5,5,6.6e-05,0.00016,5.6e-05,1e-05,1.7e-05,0.999662,2.9e-05
data/raf_db/test/5/test_1904_aligned.jpg,5,5,0.006549,8.1e-05,0.001178,0.001828,0.000714,0.961239,0.028412
data/raf_db/test/5/test_1609_aligned.jpg,5,5,7e-06,1.8e-05,0.000858,1.4e-05,0.000308,0.998654,0.000141
data/raf_db/test/5/test_2036_aligned.jpg,5,5,3.6e-05,5e-06,1.7e-05,4.6e-05,2.9e-05,0.999826,4e-05
data/raf_db/test/5/test_1345_aligned.jpg,5,5,0.000554,0.000973,0.000384,3.8e-05,0.012976,0.984281,0.000794
data/raf_db/test/5/test_0198_aligned.jpg,5,5,0.000158,1e-05,0.00039,3.2e-05,2e-06,0.99939,1.8e-05
data/raf_db/test/5/test_1227_aligned.jpg,5,5,0.003019,1.5e-05,0.000146,3.9e-05,1.3e-05,0.996751,1.7e-05
data/raf_db/test/5/test_0165_aligned.jpg,5,5,2.6e-05,2.6e-05,1.8e-05,5.8e-05,1.9e-05,0.999834,1.8e-05
data/raf_db/test/5/test_0863_aligned.jpg,5,5,2.3e-05,4.1e-05,0.000385,0.009638,0.003057,0.986815,4.2e-05
data/raf_db/test/5/test_0652_aligned.jpg,5,5,7e-06,5e-06,0.000241,0.002546,0.000244,0.996901,5.7e-05
data/raf_db/test/5/test_1759_aligned.jpg,5,5,4.6e-05,9.9e-05,4.7e-05,0.000208,0.002424,0.997152,2.4e-05
data/raf_db/test/5/test_0059_aligned.jpg,5,5,0.007904,0.00139,0.08792,2.5e-05,0.044432,0.857824,0.000505
data/raf_db/test/5/test_2068_aligned.jpg,5,5,0.000111,5.9e-05,0.045263,0.005755,0.00014,0.948666,6e-06
data/raf_db/test/5/test_1077_aligned.jpg,5,3,0.000137,0.000363,0.209902,0.64146,0.001181,0.146942,1.5e-05
data/raf_db/test/5/test_1165_aligned.jpg,5,5,2.1e-05,3.7e-05,4.5e-05,4.5e-05,1.3e-05,0.999833,6e-06
data/raf_db/test/5/test_0777_aligned.jpg,5,2,0.000296,1.5e-05,0.982561,0.00014,2.5e-05,0.016957,5e-06
data/raf_db/test/5/test_1435_aligned.jpg,5,5,0.006046,0.003635,0.000166,6.8e-05,7.4e-05,0.987328,0.002683
data/raf_db/test/5/test_1971_aligned.jpg,5,5,8.2e-05,4.4e-05,9.1e-05,4.2e-05,8e-06,0.994091,0.005642
data/raf_db/test/5/test_1210_aligned.jpg,5,5,0.000365,0.005965,0.087992,0.009065,0.004847,0.780716,0.111049
data/raf_db/test/5/test_1029_aligned.jpg,5,5,2.3e-05,2.5e-05,0.001401,0.00034,3.8e-05,0.998169,4e-06
data/raf_db/test/5/test_1821_aligned.jpg,5,5,0.000139,1.1e-05,1.5e-05,4.7e-05,8e-06,0.999452,0.000327
data/raf_db/test/5/test_1157_aligned.jpg,5,5,1.5e-05,1.8e-05,9e-06,4.9e-05,4.3e-05,0.999747,0.000119
data/raf_db/test/5/test_1933_aligned.jpg,5,5,0.000447,4.1e-05,0.000156,0.00018,0.001268,0.537345,0.460563
data/raf_db/test/5/test_0440_aligned.jpg,5,5,4.8e-05,7.3e-05,0.000105,0.000446,1.2e-05,0.962861,0.036455
data/raf_db/test/5/test_0359_aligned.jpg,5,5,0.000151,2e-05,1.5e-05,0.00025,2.1e-05,0.998843,0.0007
data/raf_db/test/5/test_2121_aligned.jpg,5,5,3e-05,2e-05,2.2e-05,8.3e-05,5e-06,0.999828,1.2e-05
data/raf_db/test/5/test_1429_aligned.jpg,5,5,7.8e-05,1.4e-05,5.6e-05,6e-06,1.1e-05,0.999782,5.2e-05
data/raf_db/test/5/test_0430_aligned.jpg,5,5,7.6e-05,3.3e-05,0.000104,4e-06,1.5e-05,0.999687,8.3e-05
data/raf_db/test/5/test_1772_aligned.jpg,5,5,9e-06,1.5e-05,6.4e-05,1e-05,6e-05,0.999798,4.3e-05
data/raf_db/test/5/test_0679_aligned.jpg,5,2,0.000228,0.001543,0.486227,0.092969,0.004538,0.414465,3.1e-05
data/raf_db/test/5/test_1459_aligned.jpg,5,5,2.6e-05,3.9e-05,9.3e-05,6e-06,8.8e-05,0.999726,2.2e-05
data/raf_db/test/5/test_0684_aligned.jpg,5,5,6.1e-05,1.3e-05,4.8e-05,3.5e-05,1.3e-05,0.999824,6e-06
data/raf_db/test/5/test_0002_aligned.jpg,5,5,6.7e-05,0.000199,0.000638,2.5e-05,0.001284,0.828763,0.169025
data/raf_db/test/5/test_1610_aligned.jpg,5,5,7.7e-05,9.3e-05,0.00082,5e-06,0.000622,0.998358,2.5e-05
data/raf_db/test/5/test_1340_aligned.jpg,5,5,3.2e-05,6.4e-05,9e-06,2e-05,3.6e-05,0.999676,0.000163
data/raf_db/test/5/test_0873_aligned.jpg,5,5,8e-06,1.5e-05,2.6e-05,2.3e-05,1.6e-05,0.9998,0.000112
data/raf_db/test/5/test_1985_aligned.jpg,5,5,0.000194,2.2e-05,2.6e-05,1.7e-05,6e-06,0.99971,2.4e-05
data/raf_db/test/5/test_0200_aligned.jpg,5,5,0.112414,0.000513,0.017525,0.00862,5e-06,0.860887,3.5e-05
data/raf_db/test/5/test_1500_aligned.jpg,5,5,0.000241,0.019169,9.6e-05,0.003669,6e-06,0.976338,0.00048
data/raf_db/test/5/test_1926_aligned.jpg,5,5,2.2e-05,5.8e-05,1.2e-05,3.1e-05,6e-06,0.999742,0.000128
data/raf_db/test/5/test_0147_aligned.jpg,5,5,0.004618,0.000277,0.000968,0.002789,3.3e-05,0.978348,0.012966
data/raf_db/test/5/test_2014_aligned.jpg,5,5,8.5e-05,2.6e-05,0.000128,0.000155,2.8e-05,0.955532,0.044046
data/raf_db/test/5/test_1367_aligned.jpg,5,5,8e-06,2.2e-05,0.00029,0.001186,0.000973,0.997492,3e-05
data/raf_db/test/5/test_1725_aligned.jpg,5,5,3.4e-05,8e-06,3.1e-05,3.8e-05,4e-06,0.999729,0.000156
data/raf_db/test/5/test_1317_aligned.jpg,5,5,1.7e-05,9e-05,0.000372,0.003945,0.099437,0.887532,0.008606
data/raf_db/test/5/test_1786_aligned.jpg,5,5,4.6e-05,1.8e-05,0.000251,1.1e-05,1.3e-05,0.999655,6e-06
data/raf_db/test/5/test_0169_aligned.jpg,5,5,3.3e-05,0.0031,0.000282,0.017208,0.000174,0.978638,0.000565
data/raf_db/test/5/test_1339_aligned.jpg,5,6,0.0033,0.000125,0.00316,0.000235,0.000751,0.205713,0.786715
data/raf_db/test/5/test_0762_aligned.jpg,5,5,6.1e-05,8e-06,3.6e-05,2.7e-05,8e-06,0.999786,7.4e-05
data/raf_db/test/5/test_0892_aligned.jpg,5,5,1.6e-05,7.4e-05,3.2e-05,1.1e-05,2.5e-05,0.999804,3.9e-05
data/raf_db/test/5/test_0086_aligned.jpg,5,5,0.004525,0.000354,0.000127,0.004088,6e-06,0.990884,1.5e-05
data/raf_db/test/5/test_0241_aligned.jpg,5,5,4.1e-05,7e-06,1.8e-05,0.000101,5e-06,0.999722,0.000105
data/raf_db/test/5/test_1103_aligned.jpg,5,5,0.004858,0.000103,0.001654,0.000374,0.004013,0.98881,0.000187
data/raf_db/test/5/test_0197_aligned.jpg,5,1,0.012609,0.769578,0.001135,0.002514,1.5e-05,0.103258,0.110891
data/raf_db/test/5/test_0008_aligned.jpg,5,5,3.7e-05,5e-05,2.6e-05,2.7e-05,7e-06,0.999839,1.2e-05
data/raf_db/test/5/test_1967_aligned.jpg,5,5,2.9e-05,2.4e-05,9e-06,5.2e-05,9e-06,0.999533,0.000343
data/raf_db/test/5/test_1258_aligned.jpg,5,5,4.2e-05,6e-06,1.9e-05,4.7e-05,7e-06,0.999753,0.000126
data/raf_db/test/5/test_1173_aligned.jpg,5,5,2.7e-05,4.1e-05,2.2e-05,5.7e-05,9e-06,0.999833,1.1e-05
data/raf_db/test/5/test_0761_aligned.jpg,5,5,1.4e-05,7e-06,2.4e-05,2.9e-05,1.2e-05,0.999819,9.4e-05
data/raf_db/test/5/test_0499_aligned.jpg,5,5,3.2e-05,6e-06,1.5e-05,0.000831,2.9e-05,0.998899,0.000189
data/raf_db/test/5/test_0920_aligned.jpg,5,5,1e-05,7e-06,2.6e-05,6.7e-05,9e-06,0.99984,4.1e-05
data/raf_db/test/5/test_2067_aligned.jpg,5,5,9e-06,7.2e-05,7.8e-05,4.1e-05,5e-06,0.999774,2.1e-05
data/raf_db/test/5/test_0361_aligned.jpg,5,5,0.026307,0.11743,0.287186,0.00735,0.093524,0.464756,0.003449
data/raf_db/test/5/test_1503_aligned.jpg,5,5,1.7e-05,3.2e-05,2.5e-05,3e-05,6e-06,0.99987,1.9e-05
data/raf_db/test/5/test_1378_aligned.jpg,5,5,3e-05,3e-05,1.9e-05,2e-05,1e-05,0.999869,2.1e-05
data/raf_db/test/5/test_0912_aligned.jpg,5,0,0.988167,0.00105,0.000132,0.001868,4e-06,0.008763,1.7e-05
data/raf_db/test/5/test_0099_aligned.jpg,5,5,0.000229,5.6e-05,8.2e-05,0.004147,3e-06,0.995262,0.00022
data/raf_db/test/5/test_1714_aligned.jpg,5,5,1.4e-05,8e-06,0.00021,3.4e-05,1.5e-05,0.999708,1.2e-05
data/raf_db/test/5/test_1244_aligned.jpg,5,5,1.6e-05,1.5e-05,1.3e-05,2.6e-05,2.3e-05,0.999841,6.6e-05
data/raf_db/test/5/test_1869_aligned.jpg,5,5,0.000122,7e-06,6.7e-05,1.4e-05,9e-06,0.999761,2e-05
data/raf_db/test/5/test_1080_aligned.jpg,5,5,3.6e-05,2e-06,5.1e-05,0.000258,1e-05,0.999587,5.6e-05
data/raf_db/test/5/test_1333_aligned.jpg,5,5,2.2e-05,8e-06,1.9e-05,1.8e-05,2e-05,0.999843,7e-05
data/raf_db/test/5/test_0907_aligned.jpg,5,5,7.7e-05,1.2e-05,2.2e-05,2.2e-05,9e-06,0.99981,4.8e-05
data/raf_db/test/5/test_0795_aligned.jpg,5,5,0.000783,2.4e-05,0.000561,4.5e-05,2.6e-05,0.998557,4e-06
data/raf_db/test/5/test_1251_aligned.jpg,5,0,0.983554,0.005571,0.000788,1.7e-05,6.3e-05,0.010001,6e-06
data/raf_db/test/5/test_0163_aligned.jpg,5,6,3.3e-05,0.00015,0.0003,0.000181,0.000132,0.232103,0.7671
data/raf_db/test/5/test_0624_aligned.jpg,5,5,1.8e-05,2.8e-05,1.4e-05,7.8e-05,1.6e-05,0.999817,2.9e-05
data/raf_db/test/5/test_1822_aligned.jpg,5,1,0.001702,0.727154,0.000829,0.000758,0.001028,0.268506,2.3e-05
data/raf_db/test/5/test_1282_aligned.jpg,5,5,5.1e-05,0.000647,8.7e-05,1.9e-05,0.000546,0.998585,6.5e-05
data/raf_db/test/5/test_1138_aligned.jpg,5,5,8.4e-05,1.1e-05,3.4e-05,2.1e-05,1.1e-05,0.999825,1.4e-05
data/raf_db/test/5/test_0151_aligned.jpg,5,5,1.3e-05,1.1e-05,6.9e-05,2.3e-05,9e-06,0.999863,1.1e-05
data/raf_db/test/5/test_1651_aligned.jpg,5,5,1.5e-05,1.6e-05,2.1e-05,3.7e-05,1.1e-05,0.999877,2.3e-05
data/raf_db/test/5/test_0043_aligned.jpg,5,5,1.8e-05,1.7e-05,2e-05,3.6e-05,1.4e-05,0.999878,1.8e-05
data/raf_db/test/5/test_1587_aligned.jpg,5,5,1.4e-05,5.6e-05,0.000163,0.000133,7.9e-05,0.999548,6e-06
data/raf_db/test/5/test_0121_aligned.jpg,5,6,0.002994,0.000127,0.000727,0.001411,0.011477,0.036435,0.946828
data/raf_db/test/5/test_0090_aligned.jpg,5,5,0.028624,0.038195,0.000689,0.00044,0.000373,0.929699,0.00198
data/raf_db/test/5/test_0346_aligned.jpg,5,5,4.2e-05,6e-06,3.4e-05,0.000581,3.8e-05,0.999283,1.7e-05
data/raf_db/test/5/test_0789_aligned.jpg,5,5,2.1e-05,8.6e-05,2.3e-05,6.7e-05,0.000452,0.992053,0.007298
data/raf_db/test/5/test_1166_aligned.jpg,5,5,6.3e-05,1.8e-05,3e-05,4.6e-05,8e-06,0.999827,8e-06
data/raf_db/test/5/test_1638_aligned.jpg,5,5,6.7e-05,2.8e-05,0.000203,2e-05,5.3e-05,0.98224,0.017388
data/raf_db/test/5/test_1827_aligned.jpg,5,5,5.3e-05,2.1e-05,2.4e-05,7.5e-05,6e-06,0.99981,1.1e-05
data/raf_db/test/5/test_1945_aligned.jpg,5,6,8e-06,0.000455,7.9e-05,0.000112,4.1e-05,0.005486,0.993819
data/raf_db/test/5/test_1033_aligned.jpg,5,5,7.2e-05,1.4e-05,0.003459,0.001614,0.000294,0.984458,0.010089
data/raf_db/test/5/test_1774_aligned.jpg,5,5,3.2e-05,7e-06,2.2e-05,2.7e-05,1.2e-05,0.999509,0.000391
data/raf_db/test/5/test_0004_aligned.jpg,5,5,5.2e-05,1.2e-05,1.4e-05,3.4e-05,6e-06,0.999778,0.000104
data/raf_db/test/5/test_1254_aligned.jpg,5,5,3e-05,1.1e-05,1.5e-05,3.8e-05,3.1e-05,0.999846,2.8e-05
data/raf_db/test/5/test_0446_aligned.jpg,5,5,2.5e-05,6.6e-05,1.2e-05,0.000116,4e-06,0.999649,0.000128
data/raf_db/test/5/test_1551_aligned.jpg,5,5,6.8e-05,4e-06,3.5e-05,3.3e-05,1.2e-05,0.999814,3.4e-05
data/raf_db/test/5/test_1001_aligned.jpg,5,5,0.004301,0.002244,0.07727,0.000147,5.8e-05,0.915973,7e-06
data/raf_db/test/5/test_1443_aligned.jpg,5,5,1.7e-05,5e-06,2.7e-05,6.2e-05,9e-06,0.999811,7e-05
data/raf_db/test/5/test_0187_aligned.jpg,5,5,0.000122,2.4e-05,0.000151,0.034399,7e-06,0.965243,5.4e-05
data/raf_db/test/5/test_1071_aligned.jpg,5,5,7.3e-05,2.4e-05,6.1e-05,1.3e-05,8e-06,0.999813,8e-06
data/raf_db/test/5/test_1266_aligned.jpg,5,5,4.7e-05,2.2e-05,1.1e-05,7e-05,7e-06,0.999688,0.000155
data/raf_db/test/5/test_1490_aligned.jpg,5,5,2.3e-05,2.1e-05,2.7e-05,7.6e-05,1.3e-05,0.999832,8e-06
data/raf_db/test/5/test_2100_aligned.jpg,5,5,0.000769,0.000733,0.000189,0.00051,0.018657,0.592315,0.386827
data/raf_db/test/5/test_0297_aligned.jpg,5,1,0.000611,0.676089,0.000934,0.009491,0.000469,0.006145,0.306261
data/raf_db/test/5/test_0837_aligned.jpg,5,5,0.02061,5e-05,0.259288,0.00749,3e-05,0.712512,2e-05
data/raf_db/test/5/test_1203_aligned.jpg,5,5,0.005001,5.6e-05,0.000136,5.5e-05,0.009561,0.983548,0.001643
data/raf_db/test/5/test_0023_aligned.jpg,5,2,0.001143,0.013985,0.962798,0.00217,0.000262,0.019545,9.6e-05
data/raf_db/test/5/test_1478_aligned.jpg,5,5,1.7e-05,2.6e-05,3.7e-05,3.1e-05,1.4e-05,0.999865,9e-06
data/raf_db/test/5/test_0764_aligned.jpg,5,5,6.9e-05,1e-05,1.1e-05,0.000118,6e-06,0.999668,0.000118
data/raf_db/test/5/test_1962_aligned.jpg,5,5,1.7e-05,4.6e-05,0.000297,0.005193,1.8e-05,0.994237,0.000191
data/raf_db/test/5/test_1014_aligned.jpg,5,5,0.000251,0.000584,0.000129,0.00291,0.000461,0.847137,0.148529
data/raf_db/test/5/test_1106_aligned.jpg,5,5,0.000155,0.00188,2.9e-05,0.000431,0.000129,0.996997,0.000379
data/raf_db/test/5/test_0819_aligned.jpg,5,5,6.9e-05,7.6e-05,0.042607,0.002745,0.000168,0.95433,6e-06
data/raf_db/test/5/test_1064_aligned.jpg,5,5,0.000192,9e-05,0.000231,1e-05,0.006439,0.992744,0.000294
data/raf_db/test/5/test_0326_aligned.jpg,5,5,8.1e-05,1.7e-05,1.7e-05,1.6e-05,1.3e-05,0.999817,3.9e-05
data/raf_db/test/5/test_1134_aligned.jpg,5,5,0.000124,1.5e-05,0.000157,1.2e-05,8e-06,0.999675,9e-06
data/raf_db/test/5/test_1920_aligned.jpg,5,5,2.5e-05,2.8e-05,7.9e-05,1.3e-05,2.4e-05,0.999823,8e-06
data/raf_db/test/5/test_0314_aligned.jpg,5,5,0.000281,0.000359,0.000644,0.00011,0.181261,0.799542,0.017802
data/raf_db/test/5/test_0644_aligned.jpg,5,5,0.036342,0.042495,0.008965,0.142568,0.020711,0.747972,0.000948
data/raf_db/test/5/test_0382_aligned.jpg,5,5,3.5e-05,0.000224,1.2e-05,5.9e-05,1e-05,0.999426,0.000234
data/raf_db/test/5/test_1590_aligned.jpg,5,5,1e-05,1e-05,2.9e-05,6.9e-05,1.2e-05,0.999854,1.7e-05
data/raf_db/test/5/test_1859_aligned.jpg,5,5,6.3e-05,1.9e-05,8.4e-05,5e-06,1e-05,0.999532,0.000286
data/raf_db/test/5/test_0416_aligned.jpg,5,5,2.7e-05,6e-06,5.2e-05,3.6e-05,8e-06,0.999859,1.1e-05
data/raf_db/test/5/test_1204_aligned.jpg,5,5,2e-05,8e-06,2.1e-05,5e-05,5e-06,0.999754,0.000142
data/raf_db/test/5/test_0601_aligned.jpg,5,5,4e-05,7e-05,6.2e-05,1.3e-05,1.1e-05,0.999793,1.2e-05
data/raf_db/test/5/test_1421_aligned.jpg,5,5,0.000313,0.001913,0.001436,9.3e-05,0.043592,0.952547,0.000107
data/raf_db/test/5/test_0893_aligned.jpg,5,5,4.9e-05,9e-06,3.9e-05,7e-05,8.8e-05,0.999452,0.000293
data/raf_db/test/5/test_1338_aligned.jpg,5,5,0.000682,5.4e-05,0.000334,0.002656,0.00065,0.995526,9.9e-05
data/raf_db/test/5/test_1807_aligned.jpg,5,6,0.000295,9e-06,0.000119,0.000439,0.000289,0.008942,0.989906
data/raf_db/test/5/test_0168_aligned.jpg,5,6,1.2e-05,1.5e-05,1.7e-05,6.7e-05,8.4e-05,1e-05,0.999795
data/raf_db/test/5/test_0671_aligned.jpg,5,5,0.000843,4e-06,0.001597,0.000668,7e-06,0.996864,1.7e-05
data/raf_db/test/5/test_0243_aligned.jpg,5,2,0.001137,5.3e-05,0.799874,3.9e-05,0.081492,0.115296,0.002109
data/raf_db/test/5/test_1618_aligned.jpg,5,5,0.000744,0.25476,0.000719,0.029503,0.003574,0.70656,0.004141
data/raf_db/test/5/test_0195_aligned.jpg,5,5,0.000124,0.000728,0.014081,2.7e-05,0.000155,0.984878,8e-06
data/raf_db/test/5/test_1604_aligned.jpg,5,5,1.3e-05,1.4e-05,1.5e-05,4.2e-05,3e-05,0.999851,3.5e-05
data/raf_db/test/5/test_0189_aligned.jpg,5,5,2.7e-05,4.1e-05,2.3e-05,1.4e-05,0.00015,0.999438,0.000308
data/raf_db/test/5/test_0872_aligned.jpg,5,5,8e-06,7e-06,3.1e-05,7.8e-05,1.4e-05,0.999835,2.8e-05
data/raf_db/test/5/test_0104_aligned.jpg,5,6,0.008059,0.000354,0.000149,2.8e-05,0.001691,0.050371,0.939348
data/raf_db/test/5/test_1845_aligned.jpg,5,5,3.5e-05,5.6e-05,7.2e-05,0.015821,0.009019,0.974888,0.000109
data/raf_db/test/5/test_1738_aligned.jpg,5,5,6.6e-05,1e-05,1.9e-05,5.1e-05,7e-06,0.999828,1.9e-05
data/raf_db/test/5/test_0363_aligned.jpg,5,5,1.3e-05,3.2e-05,4.4e-05,7e-06,3.9e-05,0.999786,7.8e-05
data/raf_db/test/5/test_1835_aligned.jpg,5,5,2.1e-05,9e-06,2.3e-05,8.5e-05,1.1e-05,0.99971,0.000141
data/raf_db/test/5/test_0839_aligned.jpg,5,5,1.2e-05,7.6e-05,3.3e-05,0.00011,2e-05,0.999735,1.4e-05
data/raf_db/test/5/test_0299_aligned.jpg,5,5,4.3e-05,5e-06,4.5e-05,5.4e-05,6e-06,0.999413,0.000435
data/raf_db/test/5/test_2183_aligned.jpg,5,5,4.2e-05,1.1e-05,9e-06,0.000245,9e-06,0.999621,6.5e-05
data/raf_db/test/5/test_1850_aligned.jpg,5,5,1.4e-05,4.9e-05,2.8e-05,1.5e-05,0.000107,0.999745,4.3e-05
data/raf_db/test/5/test_1034_aligned.jpg,5,5,0.000202,7.6e-05,0.087808,3.7e-05,7.6e-05,0.911783,1.8e-05
data/raf_db/test/5/test_0214_aligned.jpg,5,5,0.000268,6e-06,0.001656,2e-05,9e-06,0.998029,1.3e-05
data/raf_db/test/5/test_1280_aligned.jpg,5,5,4.8e-05,1.5e-05,0.000154,2.5e-05,2.2e-05,0.999733,4e-06
data/raf_db/test/5/test_1820_aligned.jpg,5,5,0.000173,6.9e-05,3.4e-05,0.000132,3e-06,0.999579,9e-06
data/raf_db/test/5/test_1341_aligned.jpg,5,5,1.2e-05,1.5e-05,4.1e-05,0.00036,6.1e-05,0.999497,1.5e-05
data/raf_db/test/5/test_1458_aligned.jpg,5,5,3.6e-05,5e-06,2.3e-05,0.000303,3.9e-05,0.998997,0.000597
data/raf_db/test/5/test_1108_aligned.jpg,5,5,2.2e-05,1.5e-05,0.000151,2.1e-05,1.1e-05,0.999774,6e-06
data/raf_db/test/5/test_0431_aligned.jpg,5,5,0.253548,0.001567,0.012746,0.000755,0.008616,0.719931,0.002835
data/raf_db/test/5/test_1331_aligned.jpg,5,5,4.6e-05,1.2e-05,3.8e-05,1.6e-05,1e-05,0.999865,1.3e-05
data/raf_db/test/5/test_1661_aligned.jpg,5,5,9.8e-05,0.000135,0.001311,9e-06,0.000351,0.99807,2.5e-05
data/raf_db/test/5/test_0073_aligned.jpg,5,6,7e-06,0.000177,8e-06,6.2e-05,0.000208,0.000815,0.998723
data/raf_db/test/5/test_0867_aligned.jpg,5,5,5.7e-05,3.8e-05,5.3e-05,2.9e-05,1e-05,0.999806,7e-06
data/raf_db/test/5/test_0441_aligned.jpg,5,6,0.000189,0.00025,4.1e-05,0.001758,9.9e-05,0.007888,0.989775
data/raf_db/test/5/test_1970_aligned.jpg,5,5,1.9e-05,7e-06,2.5e-05,6.3e-05,9e-06,0.999726,0.00015
data/raf_db/test/5/test_1556_aligned.jpg,5,5,3.1e-05,2.1e-05,2.1e-05,1.8e-05,8.9e-05,0.998849,0.000973
data/raf_db/test/5/test_0919_aligned.jpg,5,5,2.2e-05,1.6e-05,3e-05,1e-05,1e-05,0.999864,4.8e-05
data/raf_db/test/5/test_0226_aligned.jpg,5,5,0.000236,5.8e-05,0.148877,0.012903,0.000174,0.837738,1.5e-05
data/raf_db/test/5/test_0994_aligned.jpg,5,5,3.9e-05,1e-05,1.2e-05,2.8e-05,1.4e-05,0.999741,0.000156
data/raf_db/test/5/test_0706_aligned.jpg,5,5,0.000136,1e-05,2.6e-05,4.1e-05,7e-06,0.999763,1.6e-05
data/raf_db/test/5/test_1261_aligned.jpg,5,5,2.4e-05,3e-05,4.9e-05,2.7e-05,1.8e-05,0.999846,7e-06
data/raf_db/test/5/test_0123_aligned.jpg,5,5,3.5e-05,1.5e-05,1.8e-05,0.000161,2e-05,0.999734,1.7e-05
data/raf_db/test/5/test_0825_aligned.jpg,5,5,3.5e-05,2.8e-05,2.1e-05,2.9e-05,1e-05,0.999863,1.3e-05
data/raf_db/test/5/test_1211_aligned.jpg,5,5,0.000146,1.8e-05,2.2e-05,0.000175,5e-06,0.997912,0.001721
data/raf_db/test/5/test_0153_aligned.jpg,5,5,1.8e-05,8e-06,0.000179,3.3e-05,1.6e-05,0.999739,6e-06
data/raf_db/test/5/test_1969_aligned.jpg,5,5,2.6e-05,7e-06,1.7e-05,3e-05,1.1e-05,0.999835,7.3e-05
data/raf_db/test/5/test_0526_aligned.jpg,5,5,7.1e-05,8e-06,1.8e-05,0.000116,1.2e-05,0.999735,4.1e-05
data/raf_db/test/5/test_1334_aligned.jpg,5,5,1.7e-05,1.6e-05,3e-05,1.1e-05,3.1e-05,0.999859,3.6e-05
data/raf_db/test/5/test_0812_aligned.jpg,5,5,5.5e-05,8e-06,3.4e-05,6.6e-05,5e-06,0.999819,1.4e-05
data/raf_db/test/5/test_0970_aligned.jpg,5,5,2.1e-05,3.2e-05,0.000151,5.9e-05,7.7e-05,0.999655,5e-06
data/raf_db/test/5/test_2069_aligned.jpg,5,5,9.3e-05,6e-06,4.8e-05,2.2e-05,5e-06,0.999803,2.2e-05
data/raf_db/test/5/test_1403_aligned.jpg,5,5,0.000126,0.000173,0.000125,5.2e-05,0.002559,0.951783,0.045181
data/raf_db/test/5/test_1285_aligned.jpg,5,5,0.000936,0.001649,0.000134,3.8e-05,0.00229,0.985812,0.009141
data/raf_db/test/5/test_1278_aligned.jpg,5,5,0.001748,9.4e-05,0.0009,3.7e-05,3.4e-05,0.996936,0.000251
data/raf_db/test/5/test_1031_aligned.jpg,5,5,3.6e-05,4.5e-05,9e-06,7.1e-05,2.9e-05,0.999535,0.000274
data/raf_db/test/5/test_0731_aligned.jpg,5,5,2.9e-05,3.1e-05,1.3e-05,4e-05,1.2e-05,0.999837,3.7e-05
data/raf_db/test/5/test_1855_aligned.jpg,5,5,4e-05,0.000661,0.001082,0.000103,2.4e-05,0.998086,4e-06
data/raf_db/test/5/test_1744_aligned.jpg,5,3,1.8e-05,1e-06,1.2e-05,0.998573,0.000788,0.0001,0.000508
data/raf_db/test/5/test_0034_aligned.jpg,5,5,0.003508,1.2e-05,8.3e-05,0.00059,8e-06,0.99572,7.8e-05
data/raf_db/test/5/test_0564_aligned.jpg,5,5,3.7e-05,4.2e-05,0.002831,2.6e-05,0.000235,0.996822,7e-06
data/raf_db/test/5/test_1376_aligned.jpg,5,5,2.4e-05,1.3e-05,2.3e-05,3.2e-05,2.5e-05,0.999868,1.6e-05
data/raf_db/test/5/test_0850_aligned.jpg,5,5,1.1e-05,3.5e-05,1.5e-05,2.7e-05,4.8e-05,0.999764,0.0001
data/raf_db/test/5/test_1608_aligned.jpg,5,5,7.2e-05,1.4e-05,1.5e-05,0.000104,7e-06,0.999771,1.7e-05
data/raf_db/test/5/test_2149_aligned.jpg,5,5,2.5e-05,2e-05,0.000162,0.000447,0.000131,0.999201,1.4e-05
data/raf_db/test/5/test_1328_aligned.jpg,5,5,2.5e-05,1e-05,7.1e-05,0.00061,1.1e-05,0.999264,9e-06
data/raf_db/test/5/test_0246_aligned.jpg,5,5,4.9e-05,5.2e-05,2.9e-05,0.000318,4e-06,0.999488,5.9e-05
data/raf_db/test/5/test_0689_aligned.jpg,5,5,0.005985,2.8e-05,0.001199,0.116598,0.000152,0.875972,6.5e-05
data/raf_db/test/5/test_0979_aligned.jpg,5,5,2.2e-05,4e-05,1.3e-05,4.9e-05,5e-06,0.999811,5.9e-05
data/raf_db/test/5/test_0674_aligned.jpg,5,2,0.00029,8e-06,0.997382,7.5e-05,2e-05,0.002221,3e-06
data/raf_db/test/5/test_0766_aligned.jpg,5,5,0.00011,9.3e-05,8.6e-05,3e-06,1.4e-05,0.999554,0.00014
data/raf_db/test/5/test_2207_aligned.jpg,5,5,0.000941,0.000459,3.9e-05,0.000109,2e-06,0.997159,0.001291
data/raf_db/test/5/test_1802_aligned.jpg,5,5,5.5e-05,2.5e-05,0.000475,1.5e-05,1.4e-05,0.999411,6e-06
data/raf_db/test/5/test_0354_aligned.jpg,5,5,0.000394,2.8e-05,2.7e-05,0.020526,5.6e-05,0.978817,0.000152
data/raf_db/test/5/test_0413_aligned.jpg,5,5,1e-05,7e-06,2e-05,3.3e-05,2.5e-05,0.999802,0.000103
data/raf_db/test/5/test_1038_aligned.jpg,5,5,0.000489,0.000105,3e-05,0.000203,1e-06,0.998983,0.000189
data/raf_db/test/5/test_1271_aligned.jpg,5,5,8e-06,1.8e-05,2.5e-05,1.6e-05,2.3e-05,0.999826,8.4e-05
data/raf_db/test/5/test_0218_aligned.jpg,5,5,2.2e-05,3.3e-05,9e-06,4.1e-05,2.7e-05,0.999392,0.000475
data/raf_db/test/5/test_0754_aligned.jpg,5,0,0.989954,7.8e-05,0.002991,0.000132,1.4e-05,0.006821,9e-06
data/raf_db/test/5/test_1146_aligned.jpg,5,5,5.5e-05,2.4e-05,3.5e-05,2.4e-05,6e-06,0.999846,1e-05
data/raf_db/test/5/test_0482_aligned.jpg,5,5,3.1e-05,1.9e-05,3.7e-05,1.4e-05,2.3e-05,0.999863,1.4e-05
data/raf_db/test/5/test_1136_aligned.jpg,5,5,0.000101,1.1e-05,0.000236,1.7e-05,0.000214,0.999408,1.3e-05
data/raf_db/test/5/test_1840_aligned.jpg,5,5,0.117198,0.000533,0.00052,3.8e-05,2.5e-05,0.87818,0.003507
data/raf_db/test/5/test_1504_aligned.jpg,5,5,4.1e-05,8e-06,4.5e-05,4.6e-05,6e-06,0.999845,1e-05
data/raf_db/test/5/test_0316_aligned.jpg,5,5,0.000167,1.5e-05,0.002559,1.2e-05,4.5e-05,0.997193,9e-06
data/raf_db/test/5/test_0877_aligned.jpg,5,5,5e-06,7.9e-05,7.5e-05,0.013116,0.002408,0.983457,0.00086
data/raf_db/test/5/test_2130_aligned.jpg,5,3,0.000894,1.7e-05,0.29835,0.514973,0.042022,0.143627,0.000116
data/raf_db/test/5/test_1981_aligned.jpg,5,6,2.1e-05,3.9e-05,0.000108,1.8e-05,0.00023,0.00162,0.997963
data/raf_db/test/5/test_0998_aligned.jpg,5,5,2.4e-05,0.000193,3.7e-05,7.7e-05,0.004009,0.990608,0.005053
data/raf_db/test/5/test_0807_aligned.jpg,5,6,0.000178,0.000321,9.7e-05,0.003278,0.002055,0.335734,0.658337
data/raf_db/test/5/test_0695_aligned.jpg,5,5,2.3e-05,4e-06,2.7e-05,0.000202,8e-06,0.999559,0.000177
data/raf_db/test/5/test_2051_aligned.jpg,5,5,2.4e-05,1.1e-05,2.7e-05,2.7e-05,5.9e-05,0.998351,0.001502
data/raf_db/test/5/test_1672_aligned.jpg,5,5,1.1e-05,2.1e-05,9.9e-05,2.9e-05,4.2e-05,0.999786,1.2e-05
data/raf_db/test/5/test_1982_aligned.jpg,5,5,2e-06,4.7e-05,8.4e-05,0.000369,2.4e-05,0.999399,7.5e-05
data/raf_db/test/5/test_2218_aligned.jpg,5,5,1.3e-05,2.9e-05,1e-05,4.2e-05,2.1e-05,0.999775,0.00011
data/raf_db/test/5/test_0102_aligned.jpg,5,5,1.3e-05,1.2e-05,0.000211,5.3e-05,0.001743,0.993812,0.004156
data/raf_db/test/5/test_0874_aligned.jpg,5,1,0.000174,0.991784,5.1e-05,8e-06,0.001002,9.1e-05,0.00689
data/raf_db/test/5/test_0259_aligned.jpg,5,5,3e-05,2.1e-05,4e-05,2.6e-05,0.000735,0.999024,0.000125
data/raf_db/test/5/test_0540_aligned.jpg,5,5,1.4e-05,1.2e-05,0.000196,2.9e-05,2.4e-05,0.999631,9.4e-05
data/raf_db/test/5/test_1890_aligned.jpg,5,5,7.1e-05,1.3e-05,1.9e-05,4.5e-05,7e-06,0.999824,2.1e-05
data/raf_db/test/5/test_1577_aligned.jpg,5,5,1e-05,2.3e-05,4.5e-05,4.5e-05,8.3e-05,0.999782,1.3e-05
data/raf_db/test/5/test_1833_aligned.jpg,5,5,1.1e-05,0.000267,5.2e-05,0.001582,4e-06,0.997877,0.000206
data/raf_db/test/5/test_0207_aligned.jpg,5,5,7.6e-05,7e-06,1.9e-05,0.000563,1.4e-05,0.998766,0.000555
data/raf_db/test/5/test_1145_aligned.jpg,5,5,0.002163,0.295327,0.113423,0.014283,0.003236,0.571538,3e-05
data/raf_db/test/5/test_1057_aligned.jpg,5,5,3.1e-05,4.2e-05,9e-06,6.3e-05,6e-06,0.999614,0.000235
data/raf_db/test/5/test_1129_aligned.jpg,5,5,4.2e-05,1e-05,1.5e-05,2.6e-05,1.5e-05,0.999648,0.000243
data/raf_db/test/5/test_0659_aligned.jpg,5,5,0.000222,0.000336,0.037692,5e-05,0.000153,0.961527,2.1e-05
data/raf_db/test/5/test_1484_aligned.jpg,5,5,0.000167,1.9e-05,3.2e-05,2.4e-05,7e-06,0.999735,1.7e-05
data/raf_db/test/5/test_1722_aligned.jpg,5,5,0.001977,0.000285,0.000148,0.000278,0.035163,0.959823,0.002326
data/raf_db/test/5/test_0987_aligned.jpg,5,5,1.6e-05,1.6e-05,3e-05,0.003252,0.000116,0.986552,0.010018
data/raf_db/test/5/test_1913_aligned.jpg,5,5,1.2e-05,3.5e-05,2.5e-05,1.1e-05,5.4e-05,0.999529,0.000334
data/raf_db/test/5/test_1781_aligned.jpg,5,5,2.7e-05,3e-06,0.000102,2.5e-05,6e-06,0.999774,6.2e-05
data/raf_db/test/5/test_0245_aligned.jpg,5,2,0.000142,0.0013,0.750474,0.004046,0.000377,0.243654,7e-06
data/raf_db/test/5/test_1015_aligned.jpg,5,5,1.2e-05,1.2e-05,1.8e-05,0.000172,2e-05,0.999594,0.000171
data/raf_db/test/5/test_0235_aligned.jpg,5,5,2e-05,1e-05,5.6e-05,5.3e-05,1.6e-05,0.999838,7e-06
data/raf_db/test/5/test_1520_aligned.jpg,5,5,0.000137,1.9e-05,4e-05,0.000431,5e-06,0.998771,0.000596
data/raf_db/test/5/test_1769_aligned.jpg,5,5,6.5e-05,2.9e-05,1.6e-05,6.7e-05,3e-06,0.999793,2.6e-05
data/raf_db/test/5/test_1442_aligned.jpg,5,5,2.3e-05,2.1e-05,9e-06,0.000177,7e-06,0.999711,5.2e-05
data/raf_db/test/5/test_1000_aligned.jpg,5,5,4.6e-05,1.8e-05,2.7e-05,1.1e-05,7.8e-05,0.999676,0.000144
data/raf_db/test/5/test_0094_aligned.jpg,5,5,0.0001,6e-06,6.3e-05,4e-05,9e-06,0.999772,1e-05
data/raf_db/test/5/test_1432_aligned.jpg,5,5,3.8e-05,2.3e-05,2.8e-05,4.9e-05,1e-05,0.999843,9e-06
data/raf_db/test/5/test_1375_aligned.jpg,5,5,3.8e-05,1.1e-05,1.8e-05,0.000242,8e-06,0.999667,1.6e-05
data/raf_db/test/5/test_1928_aligned.jpg,5,5,0.002924,6.6e-05,0.000284,4.4e-05,1.1e-05,0.996657,1.4e-05
data/raf_db/test/5/test_0155_aligned.jpg,5,0,0.88931,0.000118,0.001983,0.000185,2e-05,0.108367,1.7e-05
data/raf_db/test/5/test_2076_aligned.jpg,5,5,5.7e-05,1e-05,7e-05,1.7e-05,7e-06,0.999335,0.000504
data/raf_db/test/5/test_0517_aligned.jpg,5,5,4.2e-05,1.8e-05,2.4e-05,2.3e-05,1e-05,0.999867,1.6e-05
data/raf_db/test/5/test_1267_aligned.jpg,5,5,1.6e-05,1.1e-05,0.000141,2.4e-05,4e-06,0.999541,0.000262
data/raf_db/test/5/test_0125_aligned.jpg,5,5,1.1e-05,5e-06,3e-05,0.000143,7e-06,0.99976,4.3e-05
data/raf_db/test/5/test_1032_aligned.jpg,5,5,1.2e-05,7e-06,0.000217,0.000228,0.00013,0.999386,2e-05
data/raf_db/test/5/test_1150_aligned.jpg,5,5,0.044122,0.001312,0.000205,0.000616,1.9e-05,0.935224,0.018502
data/raf_db/test/5/test_1400_aligned.jpg,5,5,8.6e-05,9e-06,5e-05,2.2e-05,6e-06,0.999814,1.3e-05
data/raf_db/test/5/test_1934_aligned.jpg,5,5,0.0001,0.000269,0.000626,0.000239,2.8e-05,0.519961,0.478777
data/raf_db/test/5/test_0903_aligned.jpg,5,5,1.8e-05,6e-06,0.000539,1.1e-05,0.000132,0.999149,0.000145
data/raf_db/test/5/test_1347_aligned.jpg,5,5,0.000618,0.00138,8.3e-05,1.2e-05,9.7e-05,0.997722,8.7e-05
data/raf_db/test/5/test_1732_aligned.jpg,5,5,4.5e-05,2.5e-05,5.6e-05,0.00014,8e-06,0.999723,4e-06
data/raf_db/test/5/test_0878_aligned.jpg,5,5,7.5e-05,7e-06,0.000439,0.001697,0.009621,0.986504,0.001658
data/raf_db/test/5/test_1861_aligned.jpg,5,5,2.6e-05,3.7e-05,1.5e-05,2.7e-05,6e-06,0.999849,3.9e-05
data/raf_db/test/5/test_0997_aligned.jpg,5,5,0.000169,7e-06,5.1e-05,3.8e-05,3e-06,0.999646,8.7e-05
data/raf_db/test/5/test_1903_aligned.jpg,5,5,0.000105,3.5e-05,2.6e-05,2.9e-05,4e-06,0.999277,0.000524
data/raf_db/test/5/test_0686_aligned.jpg,5,5,1.2e-05,2.1e-05,2.1e-05,6.3e-05,0.000117,0.999683,8.3e-05
data/raf_db/test/5/test_0249_aligned.jpg,5,5,8e-06,1.8e-05,4.9e-05,5.4e-05,1.3e-05,0.998814,0.001044
data/raf_db/test/5/test_1342_aligned.jpg,5,5,8.7e-05,1.3e-05,3e-05,0.001106,2e-06,0.998614,0.000147
data/raf_db/test/5/test_1250_aligned.jpg,5,5,9.3e-05,0.000105,0.03682,5.8e-05,0.000173,0.962744,7e-06
data/raf_db/test/5/test_1549_aligned.jpg,5,5,0.000113,0.002623,7.3e-05,0.000439,4.9e-05,0.995519,0.001185
data/raf_db/test/5/test_1332_aligned.jpg,5,5,1.7e-05,1.4e-05,2.7e-05,1e-05,2.5e-05,0.999833,7.4e-05
data/raf_db/test/5/test_1475_aligned.jpg,5,5,2.5e-05,2.1e-05,3.5e-05,9.3e-05,6e-06,0.999811,8e-06
data/raf_db/test/5/test_1931_aligned.jpg,5,5,2.6e-05,1.5e-05,2.8e-05,1.9e-05,8e-06,0.999887,1.7e-05
data/raf_db/test/5/test_0491_aligned.jpg,5,5,3.7e-05,2.4e-05,1.5e-05,2.4e-05,8e-06,0.999565,0.000327
data/raf_db/test/5/test_2226_aligned.jpg,5,5,1.8e-05,1.9e-05,0.00015,0.000147,8e-05,0.99958,5e-06
data/raf_db/test/5/test_1283_aligned.jpg,5,5,3.2e-05,3.7e-05,7.7e-05,0.000176,4.8e-05,0.992037,0.007594
data/raf_db/test/5/test_1037_aligned.jpg,5,5,4.9e-05,0.001113,4.6e-05,0.001388,3e-06,0.993532,0.003868
data/raf_db/test/5/test_1379_aligned.jpg,5,5,2.1e-05,2.1e-05,4e-05,1.1e-05,1.8e-05,0.999872,1.8e-05
data/raf_db/test/5/test_0722_aligned.jpg,5,5,7e-06,1e-05,1.9e-05,0.000188,1.4e-05,0.99964,0.000121
data/raf_db/test/5/test_0409_aligned.jpg,5,5,3.4e-05,9e-06,0.005831,1.8e-05,2.5e-05,0.994059,2.3e-05
data/raf_db/test/5/test_0360_aligned.jpg,5,5,2e-05,2e-05,3.6e-05,0.004621,5e-06,0.995122,0.000177
data/raf_db/test/5/test_2146_aligned.jpg,5,5,7.3e-05,1e-05,1.2e-05,6e-05,9e-06,0.999558,0.000278
data/raf_db/test/5/test_0015_aligned.jpg,5,5,8.7e-05,1e-05,2.9e-05,4.9e-05,3e-06,0.9996,0.000224
data/raf_db/test/5/test_0913_aligned.jpg,5,3,1.8e-05,3.8e-05,0.00043,0.914676,1.2e-05,0.084695,0.00013
data/raf_db/test/5/test_1966_aligned.jpg,5,5,1.3e-05,6e-06,2.5e-05,4.3e-05,2e-05,0.99986,3.2e-05
data/raf_db/test/5/test_0084_aligned.jpg,5,5,5.3e-05,0.000218,0.000193,1.2e-05,0.000777,0.99871,3.7e-05
data/raf_db/test/5/test_1874_aligned.jpg,5,5,0.000404,1e-05,8.6e-05,0.000892,0.000722,0.99251,0.005375
data/raf_db/test/5/test_0196_aligned.jpg,5,5,0.000118,0.000127,0.000284,0.003166,1.8e-05,0.915302,0.080985
data/raf_db/test/5/test_1452_aligned.jpg,5,5,0.00016,2e-05,1.4e-05,0.000512,4e-06,0.998514,0.000776
data/raf_db/test/5/test_1530_aligned.jpg,5,5,5e-06,0.000104,2.8e-05,0.000259,4.1e-05,0.999526,3.6e-05
data/raf_db/test/5/test_0135_aligned.jpg,5,5,4.7e-05,0.000145,5e-05,8e-06,0.000117,0.995641,0.003991
data/raf_db/test/5/test_1727_aligned.jpg,5,5,1.7e-05,4.5e-05,1.2e-05,3.8e-05,0.000132,0.998622,0.001134
data/raf_db/test/5/test_0381_aligned.jpg,5,5,5.5e-05,0.000136,1.3e-05,3e-05,0.000106,0.998101,0.001559
data/raf_db/test/5/test_1207_aligned.jpg,5,5,0.000332,2.2e-05,1.2e-05,0.000175,2.1e-05,0.997632,0.001805
data/raf_db/test/5/test_1938_aligned.jpg,5,5,1.9e-05,1.9e-05,2.9e-05,0.000172,4e-06,0.999744,1.3e-05
data/raf_db/test/5/test_0293_aligned.jpg,5,5,0.023538,7.3e-05,0.00019,0.005445,1.1e-05,0.970706,3.6e-05
data/raf_db/test/5/test_0577_aligned.jpg,5,5,2.1e-05,1.2e-05,0.000338,0.000115,9e-06,0.9995,5e-06
data/raf_db/test/6/test_2986_aligned.jpg,6,6,2e-05,4.8e-05,6e-06,2.2e-05,5.4e-05,1.2e-05,0.999838
data/raf_db/test/6/test_2676_aligned.jpg,6,5,6.9e-05,1.8e-05,0.000253,0.000172,0.000105,0.923031,0.076354
data/raf_db/test/6/test_3064_aligned.jpg,6,6,4.2e-05,1.3e-05,0.000149,6.1e-05,0.014179,0.003364,0.982191
data/raf_db/test/6/test_2819_aligned.jpg,6,6,5.7e-05,4.4e-05,1.9e-05,1.8e-05,4.1e-05,2.4e-05,0.999797
data/raf_db/test/6/test_2714_aligned.jpg,6,6,9.8e-05,0.019854,7e-05,0.001322,3.1e-05,0.000244,0.978382
data/raf_db/test/6/test_3014_aligned.jpg,6,6,3e-06,0.000126,7e-06,2.5e-05,8.8e-05,1.3e-05,0.999738
data/raf_db/test/6/test_2606_aligned.jpg,6,6,0.00086,5.7e-05,0.000577,0.004074,6.1e-05,6.7e-05,0.994304
data/raf_db/test/6/test_2799_aligned.jpg,6,6,7.1e-05,0.000326,2e-05,4.5e-05,0.273623,0.000661,0.725255
data/raf_db/test/6/test_2869_aligned.jpg,6,3,1.9e-05,0.005476,2.2e-05,0.782727,0.000314,3.6e-05,0.211405
data/raf_db/test/6/test_2894_aligned.jpg,6,6,1.1e-05,3.1e-05,0.000105,0.000159,0.000193,0.000228,0.999272
data/raf_db/test/6/test_2764_aligned.jpg,6,6,4.6e-05,2.3e-05,0.000793,0.000114,0.054735,0.011255,0.933034
data/raf_db/test/6/test_2573_aligned.jpg,6,6,3.7e-05,0.000276,4e-05,5.2e-05,0.464155,0.000885,0.534555
data/raf_db/test/6/test_2955_aligned.jpg,6,6,6e-06,2e-05,1.9e-05,2.3e-05,3.3e-05,0.000256,0.999642
data/raf_db/test/6/test_2658_aligned.jpg,6,6,1.1e-05,0.000121,5e-06,0.000939,0.007104,1.1e-05,0.99181
data/raf_db/test/6/test_2837_aligned.jpg,6,3,0.00013,0.001694,5.2e-05,0.716694,3.1e-05,0.006301,0.275098
data/raf_db/test/6/test_2411_aligned.jpg,6,6,8e-05,3.9e-05,2.4e-05,0.001071,6.5e-05,5.2e-05,0.99867
data/raf_db/test/6/test_2503_aligned.jpg,6,6,0.001218,0.115097,4.8e-05,0.00103,0.000115,0.000188,0.882305
data/raf_db/test/6/test_2925_aligned.jpg,6,6,5e-06,3.3e-05,4e-06,3e-05,9e-05,1.4e-05,0.999823
data/raf_db/test/6/test_2628_aligned.jpg,6,6,1.9e-05,1.2e-05,1e-05,3.6e-05,2.7e-05,0.000186,0.999711
data/raf_db/test/6/test_2847_aligned.jpg,6,6,5e-06,1.3e-05,1e-05,2.9e-05,0.00145,5.6e-05,0.998437
data/raf_db/test/6/test_2461_aligned.jpg,6,6,6e-06,1.5e-05,1e-05,1.8e-05,5.6e-05,3.2e-05,0.999863
data/raf_db/test/6/test_2634_aligned.jpg,6,6,1.6e-05,2.2e-05,1.6e-05,2.8e-05,0.007406,0.000236,0.992275
data/raf_db/test/6/test_3026_aligned.jpg,6,6,2.4e-05,3.3e-05,5.9e-05,8.2e-05,0.001937,0.028173,0.969691
data/raf_db/test/6/test_2756_aligned.jpg,6,6,2e-05,6e-06,2.4e-05,2.9e-05,0.000105,7.3e-05,0.999743
data/raf_db/test/6/test_2399_aligned.jpg,6,6,5e-06,0.000705,2.6e-05,4.6e-05,8.5e-05,2.9e-05,0.999105
data/raf_db/test/6/test_2939_aligned.jpg,6,6,2.2e-05,3.1e-05,0.00011,3.9e-05,0.001128,0.025333,0.973337
data/raf_db/test/6/test_2480_aligned.jpg,6,6,7e-05,5.4e-05,1.2e-05,2.1e-05,0.00124,2.6e-05,0.998576
data/raf_db/test/6/test_2592_aligned.jpg,6,6,0.00128,0.002609,0.000355,0.000583,0.001261,8.4e-05,0.993827
data/raf_db/test/6/test_3056_aligned.jpg,6,6,7e-06,0.000212,7e-06,0.003284,2.2e-05,4.3e-05,0.996426
data/raf_db/test/6/test_2644_aligned.jpg,6,6,4.5e-05,3.3e-05,2.5e-05,6.1e-05,3.5e-05,0.007303,0.992498
data/raf_db/test/6/test_2726_aligned.jpg,6,6,3e-06,2.3e-05,1.2e-05,0.000144,4.8e-05,0.000204,0.999565
data/raf_db/test/6/test_2949_aligned.jpg,6,6,0.000133,0.0003,0.000137,0.000302,0.383767,0.013545,0.601815
data/raf_db/test/6/test_2531_aligned.jpg,6,6,2e-06,2.2e-05,1.3e-05,6.8e-05,0.000101,0.00064,0.999154
data/raf_db/test/6/test_2778_aligned.jpg,6,6,4e-06,1e-05,1.6e-05,2.8e-05,0.000102,4.6e-05,0.999794
data/raf_db/test/6/test_2888_aligned.jpg,6,6,3.7e-05,9.6e-05,0.000131,0.015684,0.128356,0.000548,0.855147
data/raf_db/test/6/test_2917_aligned.jpg,6,6,5e-06,4.9e-05,1.6e-05,7e-06,0.000181,0.000111,0.999632
data/raf_db/test/6/test_3008_aligned.jpg,6,6,4.2e-05,0.000268,9e-06,0.000279,0.014296,1.2e-05,0.985094
data/raf_db/test/6/test_2875_aligned.jpg,6,4,4e-05,0.003727,7e-06,0.000635,0.966807,9e-06,0.028774
data/raf_db/test/6/test_2785_aligned.jpg,6,6,2.8e-05,3.7e-05,1.2e-05,9.1e-05,8e-06,4.1e-05,0.999783
data/raf_db/test/6/test_2453_aligned.jpg,6,6,9e-06,7.3e-05,5e-06,3.3e-05,7.6e-05,1.3e-05,0.999791
data/raf_db/test/6/test_2541_aligned.jpg,6,6,1.6e-05,5.4e-05,8.8e-05,0.225459,0.001109,0.000224,0.77305
data/raf_db/test/6/test_2708_aligned.jpg,6,6,8.8e-05,0.000248,0.000688,0.000122,0.147012,0.019903,0.831939
data/raf_db/test/6/test_2967_aligned.jpg,6,6,4.9e-05,0.008035,1e-05,5.2e-05,0.000939,1.8e-05,0.990896
data/raf_db/test/6/test_2697_aligned.jpg,6,6,1.2e-05,0.025868,6e-06,0.000295,0.001898,5.7e-05,0.971863
data/raf_db/test/6/test_2805_aligned.jpg,6,6,3.7e-05,2e-05,0.000115,5.1e-05,0.000998,0.000165,0.998612
data/raf_db/test/6/test_2423_aligned.jpg,6,6,4e-06,2.5e-05,1.1e-05,1.5e-05,0.000268,2.9e-05,0.999648
data/raf_db/test/6/test_2524_aligned.jpg,6,6,0.000151,7.8e-05,0.000152,0.000125,0.003606,0.45566,0.540228
data/raf_db/test/6/test_2902_aligned.jpg,6,6,3e-06,5.1e-05,4e-06,3.3e-05,0.000269,1.3e-05,0.999627
data/raf_db/test/6/test_2860_aligned.jpg,6,6,8e-06,2.8e-05,1.2e-05,0.000702,0.007064,1.3e-05,0.992172
data/raf_db/test/6/test_2790_aligned.jpg,6,6,2.4e-05,4.2e-05,5.1e-05,1.8e-05,0.009623,0.000644,0.989599
data/raf_db/test/6/test_2446_aligned.jpg,6,6,6e-06,6.4e-05,8e-06,1e-05,0.000223,1.6e-05,0.999673
data/raf_db/test/6/test_2554_aligned.jpg,6,6,4e-06,1.6e-05,6.9e-05,5.1e-05,3.5e-05,0.00012,0.999705
data/raf_db/test/6/test_2972_aligned.jpg,6,4,3.5e-05,0.000688,1e-05,5.2e-05,0.935466,3.5e-05,0.063713
data/raf_db/test/6/test_2682_aligned.jpg,6,6,5e-05,4.9e-05,2.5e-05,5e-05,9.5e-05,3e-05,0.999702
data/raf_db/test/6/test_2810_aligned.jpg,6,6,1.9e-05,0.000403,2e-05,4.3e-05,8e-06,7.3e-05,0.999433
data/raf_db/test/6/test_2436_aligned.jpg,6,6,3.6e-05,9.3e-05,3e-05,1e-05,4.6e-05,0.00027,0.999515
data/raf_db/test/6/test_2468_aligned.jpg,6,6,3.7e-05,0.000107,1.3e-05,4.6e-05,6.4e-05,9.7e-05,0.999636
data/raf_db/test/6/test_3033_aligned.jpg,6,6,1.1e-05,1.8e-05,1.1e-05,1.6e-05,5.4e-05,3.1e-05,0.999859
data/raf_db/test/6/test_2621_aligned.jpg,6,6,2.2e-05,2.2e-05,2.6e-05,0.000215,0.000266,1.4e-05,0.999435
data/raf_db/test/6/test_2743_aligned.jpg,6,6,0.004195,0.08223,0.001098,0.000502,0.012577,0.001883,0.897516
data/raf_db/test/6/test_2495_aligned.jpg,6,6,1.2e-05,2.5e-05,7e-06,1.1e-05,8.9e-05,6.5e-05,0.99979
data/raf_db/test/6/test_2587_aligned.jpg,6,6,3e-05,0.001261,5.5e-05,8.5e-05,0.308755,0.000306,0.689508
data/raf_db/test/6/test_2418_aligned.jpg,6,6,3e-06,2.2e-05,1.4e-05,4.5e-05,2e-05,0.000123,0.999773
data/raf_db/test/6/test_2651_aligned.jpg,6,6,1.6e-05,2.4e-05,6e-06,3.7e-05,2.9e-05,2.8e-05,0.999861
data/raf_db/test/6/test_3043_aligned.jpg,6,6,3.1e-05,8.3e-05,1e-05,8e-06,4.4e-05,0.000418,0.999407
data/raf_db/test/6/test_2733_aligned.jpg,6,6,5e-06,0.000556,1.6e-05,3.8e-05,0.000196,9e-06,0.999181
data/raf_db/test/6/test_2566_aligned.jpg,6,6,6e-06,5.4e-05,4e-06,2.6e-05,5.2e-05,1.2e-05,0.999846
data/raf_db/test/6/test_2940_aligned.jpg,6,6,3e-05,7e-06,1.7e-05,0.000219,2.1e-05,5.4e-05,0.999653
data/raf_db/test/6/test_2822_aligned.jpg,6,6,7e-06,0.000104,7e-06,4.2e-05,2.3e-05,3.6e-05,0.999782
data/raf_db/test/6/test_2404_aligned.jpg,6,6,6e-06,4e-05,9e-06,1.4e-05,6.7e-05,1.5e-05,0.999849
data/raf_db/test/6/test_2489_aligned.jpg,6,6,1.9e-05,0.000874,6e-06,0.000208,0.000144,3e-06,0.998746
data/raf_db/test/6/test_2516_aligned.jpg,6,6,3.5e-05,0.000844,3.6e-05,0.000165,0.001129,0.003155,0.994636
data/raf_db/test/6/test_2930_aligned.jpg,6,6,2.6e-05,7.4e-05,7e-06,9e-06,0.000688,4e-05,0.999156
data/raf_db/test/6/test_2390_aligned.jpg,6,6,3.1e-05,8.1e-05,5e-06,1.6e-05,1.9e-05,3.5e-05,0.999813
data/raf_db/test/6/test_2852_aligned.jpg,6,6,0.000731,0.000581,4.9e-05,0.034328,6e-06,0.000151,0.964154
data/raf_db/test/6/test_2474_aligned.jpg,6,6,4e-06,1.8e-05,4.2e-05,0.000356,1.4e-05,0.000169,0.999397
data/raf_db/test/6/test_2993_aligned.jpg,6,6,2.5e-05,2.2e-05,9.2e-05,1.2e-05,0.001761,0.00061,0.997478
data/raf_db/test/6/test_2663_aligned.jpg,6,6,1e-05,3.3e-05,8e-06,0.00012,3.1e-05,8e-06,0.999788
data/raf_db/test/6/test_2701_aligned.jpg,6,6,2.4e-05,0.051662,3.3e-05,0.000156,0.001813,0.000379,0.945934
data/raf_db/test/6/test_2548_aligned.jpg,6,6,1.3e-05,2.9e-05,3e-06,0.000113,0.000739,1.8e-05,0.999085
data/raf_db/test/6/test_2613_aligned.jpg,6,4,7.6e-05,0.00489,0.000101,0.116408,0.74885,5e-05,0.129624
data/raf_db/test/6/test_3001_aligned.jpg,6,6,5e-06,0.000768,1e-05,0.000131,1.8e-05,2.2e-05,0.999046
data/raf_db/test/6/test_2881_aligned.jpg,6,6,1.9e-05,8e-06,0.000675,6.7e-05,0.000301,0.002619,0.996311
data/raf_db/test/6/test_2771_aligned.jpg,6,6,0.000441,0.000335,8.7e-05,0.10341,1.4e-05,5.9e-05,0.895655
data/raf_db/test/6/test_2538_aligned.jpg,6,6,9e-06,0.00013,1.1e-05,1.4e-05,0.008628,7.7e-05,0.991131
data/raf_db/test/6/test_2959_aligned.jpg,6,4,8e-06,0.000262,7.4e-05,0.000685,0.683055,0.000269,0.315646
data/raf_db/test/6/test_2736_aligned.jpg,6,6,4.1e-05,6.9e-05,0.000115,0.026353,1.2e-05,0.012624,0.960786
data/raf_db/test/6/test_2582_aligned.jpg,6,6,2.5e-05,9.2e-05,9e-06,0.000128,0.002308,1.6e-05,0.997423
data/raf_db/test/6/test_3046_aligned.jpg,6,6,1.4e-05,1.9e-05,8e-06,2.6e-05,0.001823,2.3e-05,0.998086
data/raf_db/test/6/test_2654_aligned.jpg,6,6,0.00022,0.109545,0.00017,0.000152,0.001008,0.000145,0.888759
data/raf_db/test/6/test_2929_aligned.jpg,6,6,5e-06,0.000101,6e-06,5.8e-05,0.000188,1e-05,0.999633
data/raf_db/test/6/test_2389_aligned.jpg,6,6,5e-06,0.000198,5e-06,0.000164,4.4e-05,6e-06,0.999578
data/raf_db/test/6/test_2746_aligned.jpg,6,6,9e-06,1.4e-05,1.7e-05,0.000286,4.7e-05,1.2e-05,0.999614
data/raf_db/test/6/test_2490_aligned.jpg,6,6,1e-05,8.3e-05,1.2e-05,9e-06,0.001499,2e-05,0.998366
data/raf_db/test/6/test_2624_aligned.jpg,6,4,1.7e-05,8.6e-05,1.3e-05,9.4e-05,0.944273,0.000126,0.055391
data/raf_db/test/6/test_3036_aligned.jpg,6,6,1.2e-05,5.5e-05,9e-06,0.00219,0.000129,6e-06,0.997599
data/raf_db/test/6/test_2815_aligned.jpg,6,6,3e-06,0.000462,1e-05,4.7e-05,0.000231,0.0002,0.999048
data/raf_db/test/6/test_3068_aligned.jpg,6,6,3.2e-05,0.006099,8e-06,0.000251,0.000104,5.9e-05,0.993447
data/raf_db/test/6/test_2433_aligned.jpg,6,6,1.3e-05,1e-05,1.3e-05,1.9e-05,4.8e-05,0.000158,0.999738
data/raf_db/test/6/test_2551_aligned.jpg,6,6,2.9e-05,0.000287,8e-06,1.1e-05,2.6e-05,2.4e-05,0.999614
data/raf_db/test/6/test_2687_aligned.jpg,6,6,2.7e-05,0.000121,1.2e-05,0.003756,0.004363,9.1e-05,0.99163
data/raf_db/test/6/test_2977_aligned.jpg,6,6,2.1e-05,4.6e-05,1.6e-05,6.1e-05,1.1e-05,0.000493,0.999351
data/raf_db/test/6/test_2718_aligned.jpg,6,6,0.000144,1.6e-05,0.000146,0.001708,3.7e-05,6.2e-05,0.997887
data/raf_db/test/6/test_2795_aligned.jpg,6,6,6.3e-05,0.000104,7.3e-05,0.078617,0.40268,0.000199,0.518264
data/raf_db/test/6/test_2865_aligned.jpg,6,6,0.000194,0.000638,1.9e-05,0.000152,2.4e-05,0.00022,0.998754
data/raf_db/test/6/test_3018_aligned.jpg,6,4,2.3e-05,0.000252,1.7e-05,4.2e-05,0.904434,0.000129,0.095103
data/raf_db/test/6/test_2443_aligned.jpg,6,6,1.5e-05,0.001419,2.1e-05,8e-06,0.000617,0.000422,0.997497
data/raf_db/test/6/test_2521_aligned.jpg,6,6,1.3e-05,2.3e-05,1.7e-05,2.8e-05,2e-05,7.3e-05,0.999826
data/raf_db/test/6/test_2907_aligned.jpg,6,6,3.9e-05,0.002024,2.1e-05,1.4e-05,0.00036,0.004539,0.993004
data/raf_db/test/6/test_2898_aligned.jpg,6,4,5.5e-05,0.003647,7e-06,4.9e-05,0.980335,1.6e-05,0.015891
data/raf_db/test/6/test_2768_aligned.jpg,6,6,7e-05,0.003452,3.2e-05,1.8e-05,0.00246,3.4e-05,0.993934
data/raf_db/test/6/test_2774_aligned.jpg,6,6,9e-06,1.4e-05,6e-06,0.000419,0.000414,9e-06,0.999129
data/raf_db/test/6/test_2884_aligned.jpg,6,4,4.8e-05,2.7e-05,5.2e-05,0.000683,0.807227,0.000269,0.191693
data/raf_db/test/6/test_2879_aligned.jpg,6,6,8.5e-05,0.000327,2.4e-05,1.7e-05,0.00022,2.2e-05,0.999306
data/raf_db/test/6/test_2789_aligned.jpg,6,6,9.2e-05,1.1e-05,3.1e-05,3.4e-05,3.4e-05,0.000138,0.99966
data/raf_db/test/6/test_3004_aligned.jpg,6,6,6e-06,3.4e-05,7e-06,2.2e-05,3.9e-05,1.6e-05,0.999876
data/raf_db/test/6/test_2616_aligned.jpg,6,6,6.8e-05,8.8e-05,3.3e-05,0.000282,5e-06,3.2e-05,0.999492
data/raf_db/test/6/test_2704_aligned.jpg,6,6,1e-05,9e-06,1e-05,2.1e-05,0.000257,5.4e-05,0.999639
data/raf_db/test/6/test_2809_aligned.jpg,6,6,1.9e-05,0.000403,2e-05,4.3e-05,8e-06,7.3e-05,0.999433
data/raf_db/test/6/test_2666_aligned.jpg,6,6,1.3e-05,6e-05,1.5e-05,0.004787,0.001711,6e-06,0.993409
data/raf_db/test/6/test_2996_aligned.jpg,6,6,1.9e-05,0.001419,3.2e-05,8.1e-05,2.5e-05,7.7e-05,0.998347
data/raf_db/test/6/test_2857_aligned.jpg,6,6,0.001643,0.002282,0.000133,0.00012,0.000226,7.7e-05,0.995518
data/raf_db/test/6/test_2638_aligned.jpg,6,6,0.000437,3.7e-05,0.000177,2e-05,0.000334,0.000819,0.998176
data/raf_db/test/6/test_2471_aligned.jpg,6,6,6e-06,1.8e-05,1.2e-05,6.5e-05,1.9e-05,2.6e-05,0.999855
data/raf_db/test/6/test_2513_aligned.jpg,6,6,0.000208,0.000518,0.001175,0.001673,0.004186,0.077493,0.914747
data/raf_db/test/6/test_2395_aligned.jpg,6,6,2.1e-05,6.3e-05,9e-06,0.000117,1.4e-05,1.1e-05,0.999765
data/raf_db/test/6/test_2935_aligned.jpg,6,6,5e-06,0.000246,2e-06,3.3e-05,0.000323,1.2e-05,0.999378
data/raf_db/test/6/test_2827_aligned.jpg,6,4,0.000129,0.000573,1.3e-05,4.3e-05,0.941913,0.000146,0.057183
data/raf_db/test/6/test_2648_aligned.jpg,6,6,3.8e-05,0.0006,6e-05,0.000403,5e-06,0.000171,0.998723
data/raf_db/test/6/test_2401_aligned.jpg,6,6,4.3e-05,1.2e-05,3.6e-05,0.001598,1.4e-05,8.8e-05,0.998209
data/raf_db/test/6/test_2563_aligned.jpg,6,6,2.3e-05,5.3e-05,9e-06,3.2e-05,1.1e-05,2.4e-05,0.999847
data/raf_db/test/6/test_2945_aligned.jpg,6,6,6e-06,0.000116,1.9e-05,1e-05,0.002545,0.000198,0.997106
data/raf_db/test/6/test_2842_aligned.jpg,6,6,8e-05,4.2e-05,7.7e-05,0.143735,0.000169,4.6e-05,0.85585
data/raf_db/test/6/test_2464_aligned.jpg,6,6,0.001443,5.1e-05,0.000101,0.000183,9.4e-05,0.098197,0.899933
data/raf_db/test/6/test_2506_aligned.jpg,6,6,7.2e-05,5.2e-05,4.2e-05,0.000108,7.2e-05,0.000129,0.999526
data/raf_db/test/6/test_2499_aligned.jpg,6,6,1.2e-05,1.8e-05,4.9e-05,8e-06,0.000502,0.000267,0.999143
data/raf_db/test/6/test_2920_aligned.jpg,6,6,0.00016,0.000122,1.6e-05,5.6e-05,0.000214,0.000159,0.999274
data/raf_db/test/6/test_2832_aligned.jpg,6,6,4e-06,2.7e-05,6e-06,0.000409,0.000801,8e-06,0.998744
data/raf_db/test/6/test_2414_aligned.jpg,6,6,1.2e-05,0.000119,7e-06,4e-05,3.4e-05,7e-06,0.999781
data/raf_db/test/6/test_2576_aligned.jpg,6,6,1.5e-05,5.4e-05,3e-05,1e-05,1.8e-05,0.000191,0.999683
data/raf_db/test/6/test_2950_aligned.jpg,6,6,3e-06,1.4e-05,1e-05,3.6e-05,0.000266,2.5e-05,0.999647
data/raf_db/test/6/test_2761_aligned.jpg,6,3,1.8e-05,2.6e-05,4e-05,0.921832,3.8e-05,0.000155,0.077892
data/raf_db/test/6/test_2891_aligned.jpg,6,6,1.4e-05,7.7e-05,1.7e-05,0.014853,6.9e-05,1.3e-05,0.984955
data/raf_db/test/6/test_2528_aligned.jpg,6,6,7e-06,8.1e-05,1.2e-05,1e-05,0.001019,0.000183,0.99869
data/raf_db/test/6/test_2603_aligned.jpg,6,6,1.7e-05,0.000109,4e-06,0.000615,2.2e-05,1e-05,0.999222
data/raf_db/test/6/test_3011_aligned.jpg,6,6,1e-05,5.4e-05,1.1e-05,7.2e-05,9e-06,0.000195,0.999649
data/raf_db/test/6/test_2711_aligned.jpg,6,6,0.000227,8.4e-05,0.000151,0.000168,8.7e-05,0.289086,0.710196
data/raf_db/test/6/test_2558_aligned.jpg,6,6,2.6e-05,0.000407,1.6e-05,7e-06,3.5e-05,5.2e-05,0.999458
data/raf_db/test/6/test_3061_aligned.jpg,6,6,0.000118,0.154371,4.1e-05,0.065678,7e-05,0.00015,0.779572
data/raf_db/test/6/test_2673_aligned.jpg,6,3,1.8e-05,0.004272,2.7e-05,0.904156,0.000317,1.9e-05,0.09119
data/raf_db/test/6/test_2983_aligned.jpg,6,6,2.4e-05,2.6e-05,0.000154,0.000573,0.15008,0.000239,0.848904
data/raf_db/test/6/test_2800_aligned.jpg,6,6,5e-06,9.9e-05,1.9e-05,1.4e-05,0.000292,2.1e-05,0.999549
data/raf_db/test/6/test_2426_aligned.jpg,6,1,0.001091,0.826066,3.7e-05,0.043686,0.093404,9e-06,0.035707
data/raf_db/test/6/test_2544_aligned.jpg,6,4,1.4e-05,8.5e-05,0.00013,0.036112,0.918714,0.003979,0.040967
data/raf_db/test/6/test_2692_aligned.jpg,6,6,2.8e-05,0.000385,3.5e-05,0.000114,0.003159,0.002076,0.994203
data/raf_db/test/6/test_2962_aligned.jpg,6,6,0.000256,0.000119,0.000155,9.3e-05,0.200084,9.1e-05,0.799202
data/raf_db/test/6/test_2780_aligned.jpg,6,6,0.000405,0.002296,2.6e-05,3.4e-05,0.007677,3.4e-05,0.989527
data/raf_db/test/6/test_2870_aligned.jpg,6,6,5.6e-05,5.7e-05,1.5e-05,0.001554,5e-06,7.2e-05,0.998241
data/raf_db/test/6/test_2456_aligned.jpg,6,6,9e-06,3.6e-05,8e-06,1.9e-05,2.8e-05,4.5e-05,0.999855
data/raf_db/test/6/test_2534_aligned.jpg,6,6,0.000112,0.000342,5.9e-05,0.011816,0.002752,3.9e-05,0.984879
data/raf_db/test/6/test_2912_aligned.jpg,6,6,0.001543,0.000785,4.3e-05,0.000235,0.000407,8.7e-05,0.996899
data/raf_db/test/6/test_2723_aligned.jpg,6,6,6e-06,1.9e-05,2.2e-05,0.000373,3.2e-05,1.2e-05,0.999537
data/raf_db/test/6/test_2408_aligned.jpg,6,6,2.2e-05,0.000114,1.8e-05,2e-05,8e-06,0.000166,0.999652
data/raf_db/test/6/test_2597_aligned.jpg,6,6,9e-06,0.001303,7e-06,0.000151,0.00829,4.1e-05,0.9902
data/raf_db/test/6/test_2641_aligned.jpg,6,6,0.000113,0.006453,6e-06,4.1e-05,0.056804,0.000556,0.936028
data/raf_db/test/6/test_3053_aligned.jpg,6,6,1.6e-05,2.2e-05,2.5e-05,3.2e-05,0.0002,0.000119,0.999586
data/raf_db/test/6/test_2753_aligned.jpg,6,4,0.000928,0.003807,7e-06,0.020415,0.928465,9.9e-05,0.046279
data/raf_db/test/6/test_2485_aligned.jpg,6,6,0.001046,2.7e-05,4.7e-05,0.000102,0.000105,2.5e-05,0.998647
data/raf_db/test/6/test_2478_aligned.jpg,6,6,1.8e-05,3.4e-05,1e-05,4.2e-05,2e-05,1.3e-05,0.999862
data/raf_db/test/6/test_3023_aligned.jpg,6,6,2.8e-05,0.000624,3e-05,0.311674,0.002392,1.5e-05,0.685237
data/raf_db/test/6/test_2631_aligned.jpg,6,6,7e-06,0.000651,1.1e-05,5.6e-05,0.004282,2.2e-05,0.994971
data/raf_db/test/6/test_3050_aligned.jpg,6,6,1.7e-05,4.4e-05,4.2e-05,9e-06,2.4e-05,0.000209,0.999656
data/raf_db/test/6/test_2642_aligned.jpg,6,6,8e-06,0.000119,0.000112,0.000394,0.001346,0.000765,0.997257
data/raf_db/test/6/test_2594_aligned.jpg,6,6,2.1e-05,3.6e-05,7e-06,3.3e-05,1.2e-05,0.000138,0.999752
data/raf_db/test/6/test_2569_aligned.jpg,6,6,1.1e-05,0.000122,1.6e-05,1.8e-05,2.4e-05,1.4e-05,0.999795
data/raf_db/test/6/test_2720_aligned.jpg,6,6,2e-06,7.1e-05,1.4e-05,0.006551,0.000194,2.3e-05,0.993145
data/raf_db/test/6/test_2632_aligned.jpg,6,6,5e-06,1.9e-05,7e-06,0.000198,0.000104,9e-06,0.999659
data/raf_db/test/6/test_3020_aligned.jpg,6,6,2.4e-05,0.001124,1.8e-05,5e-06,0.001995,5.3e-05,0.996782
data/raf_db/test/6/test_2519_aligned.jpg,6,6,4e-06,2.5e-05,5e-06,4.2e-05,0.00017,1.6e-05,0.999737
data/raf_db/test/6/test_2486_aligned.jpg,6,6,8e-06,6.3e-05,9e-06,1.9e-05,1.7e-05,3.3e-05,0.999851
data/raf_db/test/6/test_2750_aligned.jpg,6,6,0.004413,0.00072,8e-05,1.1e-05,0.015942,9.5e-05,0.97874
data/raf_db/test/6/test_2961_aligned.jpg,6,6,5e-06,9.5e-05,6e-06,5.2e-05,1.3e-05,3.1e-05,0.999798
data/raf_db/test/6/test_2691_aligned.jpg,6,6,1.3e-05,3.4e-05,9e-06,5.7e-05,2.3e-05,1.1e-05,0.999852
data/raf_db/test/6/test_2547_aligned.jpg,6,6,9e-06,8.2e-05,1.6e-05,1.7e-05,5.7e-05,1.1e-05,0.999808
data/raf_db/test/6/test_2425_aligned.jpg,6,6,2e-06,6.1e-05,1e-05,0.000863,0.000143,8e-06,0.998911
data/raf_db/test/6/test_2803_aligned.jpg,6,6,0.037567,0.020084,0.00256,0.001445,0.011038,0.007369,0.919937
data/raf_db/test/6/test_2911_aligned.jpg,6,6,0.00026,2e-05,2.9e-05,4.5e-05,3.6e-05,6.9e-05,0.999541
data/raf_db/test/6/test_2537_aligned.jpg,6,6,8e-06,0.001855,3.3e-05,0.045252,0.000482,3e-05,0.95234
data/raf_db/test/6/test_2455_aligned.jpg,6,6,8e-06,6.2e-05,5e-06,1.5e-05,6.4e-05,1.5e-05,0.999832
data/raf_db/test/6/test_2873_aligned.jpg,6,6,8e-06,3.4e-05,1.3e-05,2.2e-05,0.004018,3e-05,0.995876
data/raf_db/test/6/test_2783_aligned.jpg,6,6,9e-06,1e-05,9e-06,2.7e-05,0.000146,3.7e-05,0.999762
data/raf_db/test/6/test_3012_aligned.jpg,6,3,0.000154,0.398541,0.002039,0.432065,4.1e-05,0.164544,0.002615
data/raf_db/test/6/test_2600_aligned.jpg,6,6,3.7e-05,3e-05,3.9e-05,8e-06,0.002039,0.001978,0.995868
data/raf_db/test/6/test_2449_aligned.jpg,6,6,1.5e-05,0.00082,3.3e-05,4.2e-05,0.054612,0.007892,0.936586
data/raf_db/test/6/test_2892_aligned.jpg,6,6,0.00024,0.03439,7.3e-05,0.00013,0.334578,0.002051,0.628538
data/raf_db/test/6/test_2762_aligned.jpg,6,6,6.9e-05,0.100192,0.000587,0.417562,0.000359,0.006921,0.474311
data/raf_db/test/6/test_2980_aligned.jpg,6,3,4.7e-05,0.030104,1.1e-05,0.968129,0.000936,5e-06,0.000768
data/raf_db/test/6/test_2670_aligned.jpg,6,6,1.1e-05,4.9e-05,2.9e-05,0.000132,3.6e-05,2.2e-05,0.999721
data/raf_db/test/6/test_3062_aligned.jpg,6,6,1e-05,2.5e-05,7e-06,1.1e-05,5.8e-05,8.4e-05,0.999806
data/raf_db/test/6/test_2439_aligned.jpg,6,6,7e-06,0.00328,1.4e-05,0.000111,0.000203,5.5e-05,0.996328
data/raf_db/test/6/test_2712_aligned.jpg,6,4,8.8e-05,0.002025,1.4e-05,0.000139,0.679836,7.2e-05,0.317826
data/raf_db/test/6/test_2923_aligned.jpg,6,6,5e-06,2.1e-05,8e-06,7.6e-05,0.001732,3.1e-05,0.998128
data/raf_db/test/6/test_2505_aligned.jpg,6,6,2.3e-05,4e-05,2.5e-05,6.6e-05,6e-06,0.000222,0.999619
data/raf_db/test/6/test_2467_aligned.jpg,6,6,4e-06,2.3e-05,6e-06,4.5e-05,6.7e-05,5.9e-05,0.999796
data/raf_db/test/6/test_2841_aligned.jpg,6,6,7e-06,0.000205,8e-06,4.3e-05,1.5e-05,2.1e-05,0.999701
data/raf_db/test/6/test_2953_aligned.jpg,6,6,1e-05,0.000597,1.4e-05,5.5e-05,8e-06,0.000234,0.999082
data/raf_db/test/6/test_2575_aligned.jpg,6,6,1.4e-05,3.6e-05,1.1e-05,2.4e-05,8.9e-05,1.1e-05,0.999814
data/raf_db/test/6/test_2417_aligned.jpg,6,6,3.7e-05,9e-06,8.5e-05,3e-05,0.000231,0.00042,0.999188
data/raf_db/test/6/test_2588_aligned.jpg,6,6,8e-06,1.2e-05,9e-06,2.3e-05,4.2e-05,4.3e-05,0.999862
data/raf_db/test/6/test_2831_aligned.jpg,6,6,1.1e-05,1.2e-05,4.3e-05,1e-05,0.000225,0.000284,0.999416
data/raf_db/test/6/test_2936_aligned.jpg,6,6,3.2e-05,0.000207,2.5e-05,4.8e-05,1.9e-05,1.8e-05,0.999652
data/raf_db/test/6/test_2396_aligned.jpg,6,6,4e-06,0.000454,0.000223,0.288592,0.007158,0.000224,0.703345
data/raf_db/test/6/test_2759_aligned.jpg,6,6,1e-05,1.1e-05,8.9e-05,0.000194,0.001943,2.8e-05,0.997726
data/raf_db/test/6/test_2510_aligned.jpg,6,6,0.000618,1.6e-05,0.002821,3.2e-05,0.002693,0.012153,0.981667
data/raf_db/test/6/test_2472_aligned.jpg,6,6,8e-05,1.2e-05,7.5e-05,6.8e-05,1.9e-05,0.001925,0.99782
data/raf_db/test/6/test_2854_aligned.jpg,6,6,4.8e-05,2.2e-05,2e-05,7e-06,0.000137,0.000521,0.999246
data/raf_db/test/6/test_3029_aligned.jpg,6,6,1.2e-05,0.000836,1.5e-05,0.000245,0.031692,1.7e-05,0.967183
data/raf_db/test/6/test_2946_aligned.jpg,6,6,5e-06,0.000103,2e-06,1.8e-05,8.2e-05,0.000182,0.999608
data/raf_db/test/6/test_2729_aligned.jpg,6,6,1e-05,4.1e-05,6e-06,0.000238,0.000609,4e-06,0.999092
data/raf_db/test/6/test_2560_aligned.jpg,6,4,0.000536,0.005168,0.000207,0.000186,0.993789,1.1e-05,0.000104
data/raf_db/test/6/test_2402_aligned.jpg,6,6,1.8e-05,0.000177,4e-06,1.2e-05,6.2e-05,4.3e-05,0.999683
data/raf_db/test/6/test_2824_aligned.jpg,6,6,7e-06,1.8e-05,6e-06,3.3e-05,0.000391,3.9e-05,0.999507
data/raf_db/test/6/test_3059_aligned.jpg,6,6,5.6e-05,3.2e-05,1.9e-05,0.000182,0.015308,5e-05,0.984352
data/raf_db/test/6/test_2615_aligned.jpg,6,6,2.3e-05,9.1e-05,1.7e-05,3.8e-05,0.009883,1.8e-05,0.98993
data/raf_db/test/6/test_3007_aligned.jpg,6,6,8e-06,1.9e-05,7e-06,0.000151,1.8e-05,9.4e-05,0.999703
data/raf_db/test/6/test_2918_aligned.jpg,6,6,0.000883,0.001904,7e-06,0.000159,3.1e-05,0.000562,0.996454
data/raf_db/test/6/test_2887_aligned.jpg,6,6,0.000598,0.007158,4.2e-05,0.003992,1.7e-05,2.6e-05,0.988167
data/raf_db/test/6/test_2777_aligned.jpg,6,6,4.2e-05,5.3e-05,1e-05,1.5e-05,6.2e-05,0.000533,0.999285
data/raf_db/test/6/test_2995_aligned.jpg,6,6,0.00014,0.075773,0.000261,6.7e-05,0.000421,0.006329,0.917009
data/raf_db/test/6/test_2665_aligned.jpg,6,6,7e-06,0.000208,1.2e-05,5.6e-05,3.6e-05,2.1e-05,0.999661
data/raf_db/test/6/test_2698_aligned.jpg,6,6,0.00025,0.00025,3.4e-05,0.000169,3.2e-05,5e-06,0.99926
data/raf_db/test/6/test_2968_aligned.jpg,6,6,1e-05,0.000177,0.000117,3.4e-05,0.00077,0.00256,0.996332
data/raf_db/test/6/test_2707_aligned.jpg,6,6,6e-06,1.2e-05,8e-06,2.8e-05,0.000166,1.9e-05,0.999761
data/raf_db/test/6/test_2974_aligned.jpg,6,6,3e-05,0.0001,1e-05,8e-06,0.000113,1.3e-05,0.999726
data/raf_db/test/6/test_2684_aligned.jpg,6,6,7.8e-05,1.5e-05,4e-05,0.004466,0.000136,3.2e-05,0.995232
data/raf_db/test/6/test_2552_aligned.jpg,6,6,9.1e-05,0.000121,1.1e-05,2e-05,7.4e-05,7e-06,0.999676
data/raf_db/test/6/test_2430_aligned.jpg,6,6,2.7e-05,5.8e-05,2.1e-05,0.000669,6e-06,2.4e-05,0.999195
data/raf_db/test/6/test_2816_aligned.jpg,6,6,5e-06,3.7e-05,3e-06,4.9e-05,0.000373,1.1e-05,0.999522
data/raf_db/test/6/test_2679_aligned.jpg,6,6,2e-06,0.000186,1.4e-05,9e-05,7.4e-05,3.3e-05,0.999602
data/raf_db/test/6/test_2989_aligned.jpg,6,6,1.1e-05,2.7e-05,9e-06,1.2e-05,0.000192,6.7e-05,0.999682
data/raf_db/test/6/test_2904_aligned.jpg,6,6,5e-06,6.9e-05,1.4e-05,9e-06,0.000798,7.9e-05,0.999027
data/raf_db/test/6/test_2522_aligned.jpg,6,6,8e-06,1.7e-05,9e-06,1.3e-05,5.6e-05,0.000101,0.999796
data/raf_db/test/6/test_2440_aligned.jpg,6,6,1.5e-05,1.8e-05,1.5e-05,3.2e-05,1.3e-05,0.000169,0.999739
data/raf_db/test/6/test_2866_aligned.jpg,6,6,3.7e-05,0.000535,3.5e-05,0.000219,1.1e-05,1.4e-05,0.999148
data/raf_db/test/6/test_2796_aligned.jpg,6,6,4e-06,0.000183,1.6e-05,1.2e-05,0.000237,0.00046,0.999089
data/raf_db/test/6/test_2609_aligned.jpg,6,6,9e-06,2e-05,9e-06,2.9e-05,3.6e-05,2.7e-05,0.99987
data/raf_db/test/6/test_2838_aligned.jpg,6,6,8e-06,0.000119,1.3e-05,8.1e-05,2.4e-05,1e-05,0.999745
data/raf_db/test/6/test_2657_aligned.jpg,6,6,0.001378,0.000455,1.2e-05,1.2e-05,0.000234,4.1e-05,0.997867
data/raf_db/test/6/test_3045_aligned.jpg,6,6,7e-06,5.6e-05,1e-05,9e-06,3.5e-05,6.9e-05,0.999814
data/raf_db/test/6/test_2581_aligned.jpg,6,6,0.000126,0.01629,8e-06,5.3e-05,0.000106,3.2e-05,0.983386
data/raf_db/test/6/test_2735_aligned.jpg,6,6,7e-06,2.4e-05,1.1e-05,4.9e-05,1.1e-05,7.3e-05,0.999825
data/raf_db/test/6/test_2848_aligned.jpg,6,6,2.4e-05,1.1e-05,3e-05,0.001415,1.5e-05,0.000108,0.998398
data/raf_db/test/6/test_3035_aligned.jpg,6,6,2.9e-05,0.000669,2.3e-05,0.285557,0.031252,3.4e-05,0.682437
data/raf_db/test/6/test_2627_aligned.jpg,6,6,1.4e-05,0.000394,2.9e-05,0.000274,0.007898,1.5e-05,0.991377
data/raf_db/test/6/test_2493_aligned.jpg,6,6,2.3e-05,1.1e-05,1.6e-05,0.000101,1.3e-05,0.000173,0.999663
data/raf_db/test/6/test_2745_aligned.jpg,6,6,4e-06,9e-06,3.6e-05,0.000178,8.9e-05,0.000147,0.999537
data/raf_db/test/6/test_2702_aligned.jpg,6,6,3e-05,1.8e-05,7.1e-05,0.000459,3.2e-05,0.018949,0.98044
data/raf_db/test/6/test_2660_aligned.jpg,6,5,0.000723,0.060607,0.004173,0.001387,0.083261,0.789057,0.060792
data/raf_db/test/6/test_2990_aligned.jpg,6,6,2.4e-05,2.7e-05,4e-06,0.000792,5.9e-05,1.7e-05,0.999077
data/raf_db/test/6/test_2429_aligned.jpg,6,6,0.000359,0.000993,2.8e-05,4.8e-05,1.5e-05,2.7e-05,0.998529
data/raf_db/test/6/test_2772_aligned.jpg,6,6,0.002294,3.8e-05,0.030037,0.156877,0.055369,0.005287,0.750098
data/raf_db/test/6/test_2882_aligned.jpg,6,6,0.000183,0.000802,6.5e-05,3e-05,0.00257,3.3e-05,0.996316
data/raf_db/test/6/test_3002_aligned.jpg,6,6,6e-06,1.9e-05,9e-06,6.6e-05,1.8e-05,2.8e-05,0.999854
data/raf_db/test/6/test_2610_aligned.jpg,6,6,2.4e-05,0.000134,1e-05,4e-06,8e-05,0.000153,0.999595
data/raf_db/test/6/test_2459_aligned.jpg,6,6,1.7e-05,2.3e-05,1.1e-05,0.000134,1e-05,2.8e-05,0.999777
data/raf_db/test/6/test_2598_aligned.jpg,6,6,6e-06,4.7e-05,5e-06,1.2e-05,5.9e-05,5.7e-05,0.999814
data/raf_db/test/6/test_2407_aligned.jpg,6,6,9e-06,2e-05,1e-05,2e-05,2.4e-05,4.7e-05,0.99987
data/raf_db/test/6/test_2821_aligned.jpg,6,6,4e-06,9.3e-05,7e-06,0.000318,5e-05,1.5e-05,0.999514
data/raf_db/test/6/test_2943_aligned.jpg,6,6,0.000247,1.9e-05,0.00037,0.000304,0.000832,0.102882,0.895347
data/raf_db/test/6/test_2565_aligned.jpg,6,6,5e-06,9.5e-05,2e-06,4.7e-05,0.000123,1.4e-05,0.999713
data/raf_db/test/6/test_2477_aligned.jpg,6,6,9e-06,3.9e-05,1.3e-05,7e-06,4.4e-05,8.1e-05,0.999807
data/raf_db/test/6/test_2851_aligned.jpg,6,6,8e-06,8.5e-05,7e-06,1e-05,5.3e-05,6.4e-05,0.999774
data/raf_db/test/6/test_2393_aligned.jpg,6,6,3.5e-05,5.3e-05,4.3e-05,0.002799,3.5e-05,0.000212,0.996823
data/raf_db/test/6/test_2933_aligned.jpg,6,6,4e-06,2.6e-05,3e-06,4.5e-05,0.000178,1.3e-05,0.99973
data/raf_db/test/6/test_2515_aligned.jpg,6,6,5e-06,2.2e-05,3e-06,3.6e-05,7.5e-05,2.3e-05,0.999836
data/raf_db/test/6/test_2496_aligned.jpg,6,6,2.5e-05,2.1e-05,1.2e-05,1e-05,0.000431,2.2e-05,0.999478
data/raf_db/test/6/test_2509_aligned.jpg,6,6,1e-05,4.4e-05,1.3e-05,8e-06,5.3e-05,3.4e-05,0.999839
data/raf_db/test/6/test_2740_aligned.jpg,6,6,1.4e-05,4.1e-05,2.4e-05,0.000146,6e-06,0.000554,0.999215
data/raf_db/test/6/test_2622_aligned.jpg,6,6,0.0001,0.000294,1.1e-05,0.000134,0.000238,3.4e-05,0.999189
data/raf_db/test/6/test_3030_aligned.jpg,6,6,9.2e-05,3.3e-05,6.3e-05,0.000492,4e-06,0.000139,0.999176
data/raf_db/test/6/test_2579_aligned.jpg,6,4,6e-05,0.000301,0.00038,0.000586,0.619043,6.8e-05,0.379562
data/raf_db/test/6/test_2730_aligned.jpg,6,6,0.000188,0.001469,5.1e-05,9e-06,0.000161,6.6e-05,0.998055
data/raf_db/test/6/test_3040_aligned.jpg,6,6,1.8e-05,3.8e-05,4.7e-05,0.015148,1.7e-05,0.000244,0.984488
data/raf_db/test/6/test_2652_aligned.jpg,6,6,0.00083,7.2e-05,9.9e-05,0.00048,6.8e-05,0.062457,0.935994
data/raf_db/test/6/test_2584_aligned.jpg,6,6,1.3e-05,1.9e-05,0.000162,0.001465,0.00014,0.037808,0.960393
data/raf_db/test/6/test_2445_aligned.jpg,6,6,1.4e-05,6e-06,6.6e-05,0.000421,3.6e-05,0.000221,0.999236
data/raf_db/test/6/test_2793_aligned.jpg,6,6,2.7e-05,2.7e-05,1.3e-05,0.000143,6e-06,6.1e-05,0.999723
data/raf_db/test/6/test_2863_aligned.jpg,6,6,2e-06,3.6e-05,6e-06,4.4e-05,0.000119,5e-05,0.999744
data/raf_db/test/6/test_2901_aligned.jpg,6,6,2e-06,0.000313,4e-06,0.000215,0.000476,1.6e-05,0.998974
data/raf_db/test/6/test_2527_aligned.jpg,6,6,9e-06,2.6e-05,1.1e-05,0.000122,2.3e-05,1.6e-05,0.999792
data/raf_db/test/6/test_2435_aligned.jpg,6,6,9.2e-05,0.000132,3.6e-05,6.4e-05,9e-06,3.4e-05,0.999634
data/raf_db/test/6/test_2813_aligned.jpg,6,6,5.7e-05,0.001114,1.9e-05,0.005732,4e-06,0.000161,0.992913
data/raf_db/test/6/test_2681_aligned.jpg,6,3,2e-05,0.002888,1.8e-05,0.960185,1.1e-05,0.000128,0.036751
data/raf_db/test/6/test_2971_aligned.jpg,6,6,5.5e-05,4.8e-05,1.6e-05,4.3e-05,0.032842,0.000107,0.96689
data/raf_db/test/6/test_2557_aligned.jpg,6,6,0.000134,0.00115,7.4e-05,0.001208,2e-05,4.9e-05,0.997365
data/raf_db/test/6/test_2450_aligned.jpg,6,6,2.2e-05,0.001591,1.4e-05,0.000111,2.9e-05,1.9e-05,0.998214
data/raf_db/test/6/test_2619_aligned.jpg,6,6,7.3e-05,0.28921,5.5e-05,0.005426,0.008257,2.6e-05,0.696953
data/raf_db/test/6/test_2786_aligned.jpg,6,6,9e-06,2.4e-05,9e-06,4.2e-05,1.4e-05,5.3e-05,0.999849
data/raf_db/test/6/test_2876_aligned.jpg,6,6,0.000276,0.004569,7.6e-05,0.000168,0.001156,0.00116,0.992595
data/raf_db/test/6/test_2914_aligned.jpg,6,6,1.1e-05,0.002111,9e-06,0.000557,0.0003,1e-05,0.997002
data/raf_db/test/6/test_2532_aligned.jpg,6,6,1e-05,4e-05,7e-06,5.1e-05,1.1e-05,3.8e-05,0.999843
data/raf_db/test/6/test_2420_aligned.jpg,6,6,7e-06,5e-05,7e-06,0.000112,0.000233,8e-06,0.999582
data/raf_db/test/6/test_2999_aligned.jpg,6,6,2.8e-05,0.002663,0.000971,0.018514,0.003872,8.6e-05,0.973866
data/raf_db/test/6/test_2669_aligned.jpg,6,6,1.8e-05,0.000795,9e-06,0.000107,1.2e-05,1.6e-05,0.999044
data/raf_db/test/6/test_2806_aligned.jpg,6,6,3e-06,0.000109,1.2e-05,5.2e-05,0.000135,1.4e-05,0.999675
data/raf_db/test/6/test_2694_aligned.jpg,6,6,5e-06,3.9e-05,6.8e-05,7.3e-05,0.000334,0.000254,0.999227
data/raf_db/test/6/test_2964_aligned.jpg,6,6,1e-05,4.3e-05,1.2e-05,0.000607,6.8e-05,5.2e-05,0.999207
data/raf_db/test/6/test_2542_aligned.jpg,6,6,9e-06,0.000276,1.1e-05,0.000266,1.2e-05,1.4e-05,0.999413
data/raf_db/test/6/test_2483_aligned.jpg,6,6,5.4e-05,2.2e-05,2.9e-05,9e-06,4.2e-05,0.000357,0.999487
data/raf_db/test/6/test_2755_aligned.jpg,6,6,7e-06,1.4e-05,1.4e-05,1.8e-05,8.9e-05,8.5e-05,0.999773
data/raf_db/test/6/test_3025_aligned.jpg,6,6,2.6e-05,0.000558,2e-05,0.030341,4.5e-05,1.9e-05,0.968991
data/raf_db/test/6/test_2637_aligned.jpg,6,6,7e-06,3.4e-05,4e-06,1.9e-05,0.000138,1.8e-05,0.99978
data/raf_db/test/6/test_2858_aligned.jpg,6,6,6e-06,7.6e-05,7e-06,2.7e-05,5.9e-05,4.1e-05,0.999783
data/raf_db/test/6/test_2725_aligned.jpg,6,6,4e-06,4.1e-05,1e-05,9e-06,0.000108,4.3e-05,0.999787
data/raf_db/test/6/test_2647_aligned.jpg,6,6,7e-06,5.7e-05,7e-06,3e-05,2.1e-05,5.1e-05,0.999827
data/raf_db/test/6/test_3055_aligned.jpg,6,6,2.9e-05,5.6e-05,3.4e-05,4e-06,0.000557,0.000198,0.999121
data/raf_db/test/6/test_2828_aligned.jpg,6,6,2.3e-05,2.1e-05,2.3e-05,0.000185,3e-05,1.1e-05,0.999708
data/raf_db/test/6/test_2591_aligned.jpg,6,6,7e-06,3.4e-05,6e-06,6.2e-05,0.000131,6e-06,0.999755
data/raf_db/test/6/test_2412_aligned.jpg,6,4,4e-06,0.000285,0.0001,7.7e-05,0.999085,2e-06,0.000448
data/raf_db/test/6/test_3049_aligned.jpg,6,6,0.000194,4.6e-05,4.4e-05,2.7e-05,0.000109,2.8e-05,0.999552
data/raf_db/test/6/test_2834_aligned.jpg,6,6,2e-05,2.1e-05,2.2e-05,2.6e-05,1.6e-05,4.3e-05,0.999853
data/raf_db/test/6/test_2739_aligned.jpg,6,6,1.3e-05,0.020402,2.7e-05,0.000331,0.00031,2.2e-05,0.978895
data/raf_db/test/6/test_2956_aligned.jpg,6,3,1.2e-05,0.014363,8.8e-05,0.674524,0.000577,5e-05,0.310386
data/raf_db/test/6/test_2570_aligned.jpg,6,6,2.3e-05,0.000611,1.2e-05,1.1e-05,2.5e-05,0.000344,0.998975
data/raf_db/test/6/test_2462_aligned.jpg,6,6,7.3e-05,0.007986,3.3e-05,7.3e-05,0.001131,0.000151,0.990553
data/raf_db/test/6/test_3039_aligned.jpg,6,6,7.2e-05,5.2e-05,1.4e-05,6.5e-05,0.034251,0.000373,0.965172
data/raf_db/test/6/test_2844_aligned.jpg,6,6,1e-05,1.5e-05,1.3e-05,9.1e-05,1.3e-05,4.2e-05,0.999816
data/raf_db/test/6/test_2749_aligned.jpg,6,6,1e-05,0.000157,4e-06,8e-06,0.000453,2.6e-05,0.999341
data/raf_db/test/6/test_2926_aligned.jpg,6,6,0.202867,0.006738,0.002738,0.00498,0.004125,0.002393,0.776159
data/raf_db/test/6/test_2500_aligned.jpg,6,6,8e-06,3e-05,4.5e-05,9e-06,0.000204,0.000224,0.999479
data/raf_db/test/6/test_2717_aligned.jpg,6,6,1e-05,3.6e-05,1.2e-05,1e-05,5.6e-05,3.7e-05,0.999839
data/raf_db/test/6/test_2978_aligned.jpg,6,6,7.4e-05,0.000521,2.3e-05,0.031335,0.017705,2.6e-05,0.950316
data/raf_db/test/6/test_2688_aligned.jpg,6,6,3.4e-05,4.3e-05,6e-06,0.000162,3e-05,2.2e-05,0.999703
data/raf_db/test/6/test_3067_aligned.jpg,6,6,2.6e-05,3.7e-05,3.7e-05,0.016616,2e-05,7.3e-05,0.98319
data/raf_db/test/6/test_2675_aligned.jpg,6,6,4e-06,3e-05,6e-06,6e-05,3.9e-05,1.5e-05,0.999846
data/raf_db/test/6/test_2985_aligned.jpg,6,6,0.000245,0.000106,4e-06,0.000393,1.9e-05,5.8e-05,0.999173
data/raf_db/test/6/test_2767_aligned.jpg,6,6,1.2e-05,0.000445,1.1e-05,6.7e-05,1.9e-05,4e-05,0.999406
data/raf_db/test/6/test_2897_aligned.jpg,6,6,3e-05,6.7e-05,6e-06,9e-06,3.8e-05,3.7e-05,0.999812
data/raf_db/test/6/test_2908_aligned.jpg,6,6,9.5e-05,6.6e-05,0.00017,0.000655,4.8e-05,0.215149,0.783816
data/raf_db/test/6/test_2605_aligned.jpg,6,6,6e-06,2.3e-05,7e-06,1.3e-05,0.000138,0.000114,0.999699
data/raf_db/test/6/test_3017_aligned.jpg,6,6,2e-06,6.3e-05,6e-06,0.000116,3.8e-05,1.2e-05,0.999762
data/raf_db/test/6/test_2913_aligned.jpg,6,6,0.004734,0.000603,0.012939,0.022894,0.034173,0.001905,0.922752
data/raf_db/test/6/test_2535_aligned.jpg,6,6,6e-06,4.1e-05,1e-05,0.000903,5e-05,1.6e-05,0.998974
data/raf_db/test/6/test_2457_aligned.jpg,6,6,6e-06,1.5e-05,3.9e-05,1.7e-05,0.000364,0.00035,0.999209
data/raf_db/test/6/test_2781_aligned.jpg,6,6,2.4e-05,0.013101,0.000133,0.000109,0.000148,7.3e-05,0.986413
data/raf_db/test/6/test_2871_aligned.jpg,6,6,5e-06,2.2e-05,1.5e-05,2e-05,0.000105,1.5e-05,0.999818
data/raf_db/test/6/test_2693_aligned.jpg,6,6,0.000344,0.000223,3.4e-05,0.008405,3.7e-05,3.3e-05,0.990923
data/raf_db/test/6/test_2963_aligned.jpg,6,6,6e-06,0.000203,7e-06,0.008307,0.000179,1e-05,0.991288
data/raf_db/test/6/test_2545_aligned.jpg,6,6,3.1e-05,0.000108,2.8e-05,4.5e-05,0.011598,0.001005,0.987186
data/raf_db/test/6/test_2427_aligned.jpg,6,6,1.8e-05,0.000157,5e-06,2.6e-05,0.007846,2.9e-05,0.991919
data/raf_db/test/6/test_2801_aligned.jpg,6,6,7.3e-05,1.6e-05,3.6e-05,0.156645,0.004088,0.000184,0.838959
data/raf_db/test/6/test_3022_aligned.jpg,6,6,2.9e-05,0.00031,2e-05,1.9e-05,0.053234,0.000224,0.946164
data/raf_db/test/6/test_2630_aligned.jpg,6,6,3.2e-05,0.000187,7e-06,6.4e-05,7e-06,3.5e-05,0.999667
data/raf_db/test/6/test_2479_aligned.jpg,6,6,1.1e-05,0.000347,4e-06,8.3e-05,0.004635,2.1e-05,0.994898
data/raf_db/test/6/test_2484_aligned.jpg,6,6,1.3e-05,0.001474,5e-06,1.5e-05,0.001813,2.4e-05,0.996655
data/raf_db/test/6/test_2752_aligned.jpg,6,6,1e-05,2.7e-05,1e-05,0.001535,3.7e-05,1.2e-05,0.998369
data/raf_db/test/6/test_2640_aligned.jpg,6,6,8e-06,1.8e-05,3.3e-05,2.5e-05,0.002379,6.5e-05,0.997472
data/raf_db/test/6/test_3052_aligned.jpg,6,6,1e-05,2.4e-05,3.6e-05,0.043833,0.001021,0.000432,0.954646
data/raf_db/test/6/test_2596_aligned.jpg,6,6,0.000208,0.000911,0.000426,0.000145,0.151077,0.053109,0.794124
data/raf_db/test/6/test_2409_aligned.jpg,6,6,2e-06,2e-05,5e-06,0.000139,0.000506,6e-05,0.999266
data/raf_db/test/6/test_2722_aligned.jpg,6,6,2.2e-05,9e-06,2.3e-05,0.0002,2.4e-05,8.4e-05,0.999639
data/raf_db/test/6/test_2951_aligned.jpg,6,6,0.000165,0.000417,3.1e-05,4.8e-05,0.349455,0.000109,0.649775
data/raf_db/test/6/test_2577_aligned.jpg,6,6,2.1e-05,2.9e-05,5.1e-05,3.3e-05,0.004776,0.000203,0.994886
data/raf_db/test/6/test_2415_aligned.jpg,6,6,3.2e-05,0.015255,3.6e-05,0.00084,0.402196,0.000805,0.580835
data/raf_db/test/6/test_2833_aligned.jpg,6,6,8e-06,0.000518,4e-06,0.00015,4.6e-05,2.2e-05,0.99925
data/raf_db/test/6/test_2921_aligned.jpg,6,6,2e-06,2.4e-05,1.6e-05,2.9e-05,0.000211,1.8e-05,0.999699
data/raf_db/test/6/test_2498_aligned.jpg,6,6,1.5e-05,1.9e-05,3.1e-05,8e-06,0.000129,0.000437,0.999361
data/raf_db/test/6/test_2507_aligned.jpg,6,6,4.5e-05,0.000298,1.9e-05,0.000728,0.27057,5.1e-05,0.728287
data/raf_db/test/6/test_2465_aligned.jpg,6,6,3.7e-05,0.001478,1e-05,0.000289,0.140115,1.9e-05,0.858052
data/raf_db/test/6/test_2843_aligned.jpg,6,6,1e-05,2.1e-05,7e-06,2.7e-05,0.000422,0.00035,0.999162
data/raf_db/test/6/test_3060_aligned.jpg,6,6,5.4e-05,2.1e-05,9e-06,0.000149,1.8e-05,3.8e-05,0.99971
data/raf_db/test/6/test_2672_aligned.jpg,6,6,1.3e-05,0.000313,3.4e-05,0.001005,0.356688,3.3e-05,0.641914
data/raf_db/test/6/test_2982_aligned.jpg,6,6,0.000122,0.000264,2.1e-05,0.127369,3.2e-05,8.4e-05,0.872108
data/raf_db/test/6/test_2559_aligned.jpg,6,6,0.00047,5.8e-05,2.9e-05,0.000258,6e-06,0.000298,0.998882
data/raf_db/test/6/test_2710_aligned.jpg,6,6,0.000136,7.5e-05,1.5e-05,5e-06,0.000156,0.000326,0.999287
data/raf_db/test/6/test_2602_aligned.jpg,6,6,5e-06,2.5e-05,1.3e-05,1.7e-05,2.6e-05,6.8e-05,0.999844
data/raf_db/test/6/test_3010_aligned.jpg,6,6,5e-06,2.6e-05,7e-06,0.000567,2e-05,0.000212,0.999163
data/raf_db/test/6/test_2529_aligned.jpg,6,6,8e-06,0.000166,1.3e-05,0.000101,2.6e-05,1.4e-05,0.999672
data/raf_db/test/6/test_2760_aligned.jpg,6,6,7.1e-05,7.9e-05,8.2e-05,0.249986,5e-05,7.5e-05,0.749658
data/raf_db/test/6/test_2890_aligned.jpg,6,6,3.1e-05,5.9e-05,3e-06,1.7e-05,0.001396,3.8e-05,0.998456
data/raf_db/test/6/test_2667_aligned.jpg,6,6,0.000145,7e-06,4.6e-05,0.00015,3e-05,9.7e-05,0.999525
data/raf_db/test/6/test_2997_aligned.jpg,6,6,1.4e-05,2e-05,1e-05,9.4e-05,2.9e-05,0.002187,0.997645
data/raf_db/test/6/test_2808_aligned.jpg,6,6,8e-06,1.5e-05,1e-05,0.000535,6e-05,1.2e-05,0.99936
data/raf_db/test/6/test_2705_aligned.jpg,6,6,0.000209,0.000511,0.000109,0.000289,3.6e-05,0.444467,0.554378
data/raf_db/test/6/test_3005_aligned.jpg,6,6,1.3e-05,7e-06,3e-05,0.000163,4.3e-05,0.000327,0.999416
data/raf_db/test/6/test_2617_aligned.jpg,6,6,9e-06,0.000831,6e-06,3e-05,0.000103,2.3e-05,0.998998
data/raf_db/test/6/test_2878_aligned.jpg,6,6,0.000225,0.000531,0.000576,0.422213,0.000198,4.2e-05,0.576215
data/raf_db/test/6/test_2788_aligned.jpg,6,6,6e-06,2.6e-05,1.1e-05,6.7e-05,1.8e-05,1.7e-05,0.999855
data/raf_db/test/6/test_2775_aligned.jpg,6,6,2e-06,9e-05,1.9e-05,0.000842,0.005279,1.3e-05,0.993755
data/raf_db/test/6/test_2885_aligned.jpg,6,6,4.6e-05,0.000322,2.1e-05,0.002836,1.2e-05,3.1e-05,0.996732
data/raf_db/test/6/test_2944_aligned.jpg,6,6,0.000139,2.1e-05,8.6e-05,2.5e-05,1.8e-05,0.000349,0.999361
data/raf_db/test/6/test_2562_aligned.jpg,6,4,6.4e-05,8.7e-05,1.9e-05,0.000152,0.869811,0.00025,0.129615
data/raf_db/test/6/test_2400_aligned.jpg,6,6,0.001308,0.00184,0.000152,0.001146,0.005954,0.000248,0.989351
data/raf_db/test/6/test_2649_aligned.jpg,6,4,2.3e-05,4.3e-05,2.2e-05,3.6e-05,0.993961,1.8e-05,0.005896
data/raf_db/test/6/test_2826_aligned.jpg,6,6,4.2e-05,1.3e-05,0.00012,3.9e-05,0.000242,0.00948,0.990064
data/raf_db/test/6/test_2394_aligned.jpg,6,6,0.000116,0.000755,6.1e-05,0.005993,0.00033,0.05179,0.940955
data/raf_db/test/6/test_2934_aligned.jpg,6,6,0.000114,0.000137,4.5e-05,4.8e-05,0.444643,0.000733,0.55428
data/raf_db/test/6/test_2512_aligned.jpg,6,6,0.002871,0.000252,0.000151,0.120315,1e-05,0.000307,0.876094
data/raf_db/test/6/test_2470_aligned.jpg,6,6,2.4e-05,0.000191,3.7e-05,1.4e-05,0.025458,0.000461,0.973815
data/raf_db/test/6/test_2639_aligned.jpg,6,6,5.3e-05,0.000263,0.00012,0.000549,0.005502,0.04871,0.944803
data/raf_db/test/6/test_2856_aligned.jpg,6,6,0.000225,0.000139,0.000436,3.4e-05,0.000537,0.436315,0.562315
data/raf_db/test/6/test_2625_aligned.jpg,6,6,6e-05,0.000418,3.9e-05,0.000102,0.000164,1.7e-05,0.9992
data/raf_db/test/6/test_3037_aligned.jpg,6,6,3e-05,0.000693,2.2e-05,9e-06,0.006981,7.7e-05,0.992187
data/raf_db/test/6/test_2491_aligned.jpg,6,6,7e-06,4.1e-05,5e-06,3.9e-05,1.3e-05,6.5e-05,0.99983
data/raf_db/test/6/test_2747_aligned.jpg,6,6,0.001719,0.003639,4.3e-05,8e-06,0.000569,7.9e-05,0.993944
data/raf_db/test/6/test_2928_aligned.jpg,6,6,1.8e-05,0.00057,9e-05,0.009237,0.014561,4.5e-05,0.97548
data/raf_db/test/6/test_3047_aligned.jpg,6,5,0.003595,0.007806,0.000655,0.000826,0.005765,0.907829,0.073523
data/raf_db/test/6/test_2655_aligned.jpg,6,6,5e-06,2.4e-05,4e-06,4.7e-05,3e-05,3.2e-05,0.99986
data/raf_db/test/6/test_2583_aligned.jpg,6,6,0.000123,0.000531,5.3e-05,0.000164,8e-06,0.001104,0.998016
data/raf_db/test/6/test_2737_aligned.jpg,6,6,1.3e-05,5.4e-05,1.5e-05,1e-05,0.000133,1.8e-05,0.999757
data/raf_db/test/6/test_2958_aligned.jpg,6,6,5e-06,5.1e-05,9e-06,3e-05,6.7e-05,1.4e-05,0.999824
data/raf_db/test/6/test_2899_aligned.jpg,6,6,2e-05,0.000443,2.2e-05,7e-06,0.000233,2.3e-05,0.999251
data/raf_db/test/6/test_2769_aligned.jpg,6,6,8e-06,0.000382,9e-06,0.000115,0.00078,1.2e-05,0.998693
data/raf_db/test/6/test_2906_aligned.jpg,6,6,0.000229,0.000113,1.9e-05,0.000164,1.9e-05,6e-05,0.999395
data/raf_db/test/6/test_2520_aligned.jpg,6,6,0.000889,1.1e-05,0.000705,0.000207,2.9e-05,0.001655,0.996504
data/raf_db/test/6/test_2442_aligned.jpg,6,6,4e-06,3.3e-05,5e-06,0.000249,0.000163,7e-06,0.99954
data/raf_db/test/6/test_3019_aligned.jpg,6,6,1.4e-05,1.9e-05,0.000115,6.9e-05,0.000117,0.01318,0.986485
data/raf_db/test/6/test_2794_aligned.jpg,6,6,2.6e-05,3e-05,1.6e-05,1.5e-05,2.1e-05,3.7e-05,0.999854
data/raf_db/test/6/test_2864_aligned.jpg,6,6,1.2e-05,1.7e-05,1.6e-05,6e-05,2.9e-05,0.001183,0.998683
data/raf_db/test/6/test_2719_aligned.jpg,6,6,1.1e-05,0.000284,2.3e-05,0.021162,2.9e-05,2.8e-05,0.978463
data/raf_db/test/6/test_2686_aligned.jpg,6,4,0.000197,1.8e-05,1e-05,0.000113,0.998798,4.4e-05,0.00082
data/raf_db/test/6/test_2976_aligned.jpg,6,6,1.3e-05,0.000111,1.1e-05,0.005508,2.1e-05,3e-05,0.994305
data/raf_db/test/6/test_2550_aligned.jpg,6,6,3.5e-05,0.000199,1.3e-05,0.004338,6e-06,7.8e-05,0.995331
data/raf_db/test/6/test_2432_aligned.jpg,6,6,6.3e-05,0.000611,2.1e-05,0.00377,2.3e-05,6e-06,0.995505
data/raf_db/test/6/test_2814_aligned.jpg,6,6,3e-06,1.7e-05,1.3e-05,4.3e-05,0.000253,1.2e-05,0.999658
data/raf_db/test/6/test_2475_aligned.jpg,6,6,4e-06,0.00034,5e-06,0.000121,3.3e-05,1.2e-05,0.999483
data/raf_db/test/6/test_2853_aligned.jpg,6,6,7.3e-05,3.2e-05,0.000201,0.000624,8.2e-05,0.071685,0.927302
data/raf_db/test/6/test_2931_aligned.jpg,6,4,0.00052,0.002249,1.5e-05,5e-05,0.729499,7.8e-05,0.267588
data/raf_db/test/6/test_2391_aligned.jpg,6,6,8e-06,5.8e-05,1.6e-05,9e-06,9.6e-05,1.8e-05,0.999796
data/raf_db/test/6/test_2517_aligned.jpg,6,6,9e-06,0.000166,4e-06,9.8e-05,0.000218,3e-06,0.999501
data/raf_db/test/6/test_2488_aligned.jpg,6,6,8e-06,1.9e-05,1.7e-05,1e-05,0.000153,2.8e-05,0.999765
data/raf_db/test/6/test_2405_aligned.jpg,6,6,2.4e-05,7.6e-05,1.1e-05,7.9e-05,7e-06,2.6e-05,0.999778
data/raf_db/test/6/test_2823_aligned.jpg,6,6,0.000318,2.4e-05,5.6e-05,5.9e-05,4.1e-05,0.000156,0.999347
data/raf_db/test/6/test_2941_aligned.jpg,6,6,1.2e-05,5.4e-05,9e-06,7e-06,3.8e-05,0.000113,0.999766
data/raf_db/test/6/test_2567_aligned.jpg,6,6,2e-06,0.000119,5e-06,2.9e-05,0.000284,1.4e-05,0.999547
data/raf_db/test/6/test_2539_aligned.jpg,6,6,6e-06,0.000124,5e-06,2.9e-05,7e-05,1.1e-05,0.999754
data/raf_db/test/6/test_2880_aligned.jpg,6,6,3e-06,2.3e-05,7e-06,1.7e-05,0.000241,6.5e-05,0.999643
data/raf_db/test/6/test_2770_aligned.jpg,6,6,4e-06,6.9e-05,6e-06,3.9e-05,2.9e-05,2e-05,0.999832
data/raf_db/test/6/test_2612_aligned.jpg,6,6,0.000437,8.3e-05,3.4e-05,2.3e-05,6.1e-05,5.3e-05,0.999309
data/raf_db/test/6/test_3000_aligned.jpg,6,6,3.4e-05,0.002768,1.9e-05,7e-06,0.001742,5.5e-05,0.995375
data/raf_db/test/6/test_2549_aligned.jpg,6,6,4e-06,2.3e-05,3.4e-05,1.8e-05,0.000208,2.4e-05,0.999689
data/raf_db/test/6/test_2700_aligned.jpg,6,6,8e-06,3.3e-05,7.7e-05,6.8e-05,0.000924,0.005701,0.993189
data/raf_db/test/6/test_2992_aligned.jpg,6,6,3e-06,0.000748,2.3e-05,3.8e-05,0.007757,2.8e-05,0.991403
data/raf_db/test/6/test_2662_aligned.jpg,6,6,3e-06,4.5e-05,7e-06,5.2e-05,7.3e-05,1.1e-05,0.999809
data/raf_db/test/6/test_2437_aligned.jpg,6,6,1e-05,0.004638,1.4e-05,1.6e-05,0.000753,3.1e-05,0.994538
data/raf_db/test/6/test_2811_aligned.jpg,6,6,7.4e-05,0.000193,7e-06,0.000176,1.6e-05,1.1e-05,0.999523
data/raf_db/test/6/test_2973_aligned.jpg,6,6,4.8e-05,1.6e-05,5.6e-05,7.8e-05,0.006909,0.007926,0.984968
data/raf_db/test/6/test_2683_aligned.jpg,6,6,7e-06,2.4e-05,5e-06,0.000603,3.6e-05,1.4e-05,0.999311
data/raf_db/test/6/test_2555_aligned.jpg,6,6,5e-06,0.000178,6e-06,2.6e-05,3.6e-05,5.9e-05,0.999691
data/raf_db/test/6/test_2447_aligned.jpg,6,6,3.1e-05,3.1e-05,3e-06,2.4e-05,0.000102,6.2e-05,0.999748
data/raf_db/test/6/test_2861_aligned.jpg,6,6,8e-06,2e-05,9e-06,1.7e-05,3.1e-05,5e-05,0.999866
data/raf_db/test/6/test_2791_aligned.jpg,6,6,2.8e-05,0.011013,6.3e-05,0.00085,0.025533,1.8e-05,0.962496
data/raf_db/test/6/test_2903_aligned.jpg,6,6,6e-06,0.000366,1.6e-05,0.000176,0.000135,6e-06,0.999295
data/raf_db/test/6/test_2525_aligned.jpg,6,6,1.3e-05,3e-06,7.2e-05,0.001697,0.000139,0.00025,0.997825
data/raf_db/test/6/test_2732_aligned.jpg,6,6,7e-06,2.8e-05,8e-06,6e-05,1.1e-05,0.00017,0.999716
data/raf_db/test/6/test_2650_aligned.jpg,6,3,8e-06,6.4e-05,0.000251,0.76993,0.001525,0.000384,0.227838
data/raf_db/test/6/test_3042_aligned.jpg,6,5,3.5e-05,2.9e-05,1.2e-05,4.6e-05,3.4e-05,0.998466,0.001378
data/raf_db/test/6/test_2419_aligned.jpg,6,6,6.8e-05,3.3e-05,0.000464,0.003313,0.000913,0.085654,0.909555
data/raf_db/test/6/test_2586_aligned.jpg,6,6,1e-05,0.000115,9e-06,1.5e-05,3.9e-05,1.4e-05,0.999797
data/raf_db/test/6/test_2494_aligned.jpg,6,6,1.8e-05,1.8e-05,4.3e-05,0.000223,9e-06,7.7e-05,0.999613
data/raf_db/test/6/test_2742_aligned.jpg,6,6,4e-06,1.6e-05,9e-06,3.2e-05,0.001171,3.5e-05,0.998733
data/raf_db/test/6/test_3032_aligned.jpg,6,5,3e-05,3.4e-05,0.001922,0.000554,0.005389,0.658189,0.333882
data/raf_db/test/6/test_2620_aligned.jpg,6,6,7.8e-05,4e-06,0.000832,0.000729,0.000371,0.000175,0.99781
data/raf_db/test/6/test_2469_aligned.jpg,6,6,5e-06,1.4e-05,1.6e-05,0.000122,0.0051,0.00011,0.994635
data/raf_db/test/6/test_2948_aligned.jpg,6,4,4.3e-05,6e-05,4.8e-05,0.000171,0.677059,0.00091,0.321709
data/raf_db/test/6/test_2727_aligned.jpg,6,6,1.2e-05,2.7e-05,3e-05,1.1e-05,4e-05,0.000546,0.999335
data/raf_db/test/6/test_3057_aligned.jpg,6,6,1e-05,3.3e-05,1.5e-05,1.5e-05,3.8e-05,0.000663,0.999225
data/raf_db/test/6/test_2645_aligned.jpg,6,6,0.000169,0.000115,1.9e-05,2.8e-05,0.069189,0.000216,0.930264
data/raf_db/test/6/test_2593_aligned.jpg,6,6,2e-05,0.000123,1.6e-05,3e-06,0.000299,9.2e-05,0.999448
data/raf_db/test/6/test_2481_aligned.jpg,6,6,6e-06,1.2e-05,5e-06,6.5e-05,3.7e-05,9.7e-05,0.999779
data/raf_db/test/6/test_2398_aligned.jpg,6,6,8e-06,4.1e-05,7e-06,0.000128,1.4e-05,1.7e-05,0.999784
data/raf_db/test/6/test_2938_aligned.jpg,6,6,7.4e-05,0.000342,1.3e-05,0.000125,2.4e-05,0.000234,0.999188
data/raf_db/test/6/test_2757_aligned.jpg,6,6,5.3e-05,1.8e-05,0.000652,0.000103,0.002151,0.003336,0.993686
data/raf_db/test/6/test_2635_aligned.jpg,6,6,5e-06,0.000829,1.5e-05,0.003768,0.000789,7e-06,0.994588
data/raf_db/test/6/test_3027_aligned.jpg,6,6,1e-05,1.8e-05,1.5e-05,0.002447,1.9e-05,0.000388,0.997103
data/raf_db/test/6/test_2422_aligned.jpg,6,6,2.7e-05,3.3e-05,8.7e-05,0.000161,5e-06,0.000291,0.999395
data/raf_db/test/6/test_2804_aligned.jpg,6,6,1.7e-05,0.001798,3.3e-05,1.6e-05,0.050015,0.000456,0.947665
data/raf_db/test/6/test_2966_aligned.jpg,6,4,0.00021,0.000335,8e-06,2e-05,0.999318,4e-06,0.000105
data/raf_db/test/6/test_2696_aligned.jpg,6,6,5e-06,3e-05,1e-05,0.000167,1.3e-05,3.1e-05,0.999745
data/raf_db/test/6/test_2709_aligned.jpg,6,6,2.1e-05,1.4e-05,3.6e-05,9.6e-05,3.1e-05,1.3e-05,0.999789
data/raf_db/test/6/test_2540_aligned.jpg,6,6,5e-06,8.5e-05,6e-06,3.9e-05,1.5e-05,2.7e-05,0.999822
data/raf_db/test/6/test_2452_aligned.jpg,6,6,2.2e-05,0.000313,1e-06,9.5e-05,0.001275,0.000208,0.998087
data/raf_db/test/6/test_2874_aligned.jpg,6,6,4.8e-05,3.6e-05,6.1e-05,0.002143,1.1e-05,0.012547,0.985155
data/raf_db/test/6/test_2784_aligned.jpg,6,6,0.000828,0.010886,0.000123,8e-06,0.000247,0.001458,0.98645
data/raf_db/test/6/test_3009_aligned.jpg,6,6,8e-06,0.000284,1e-05,0.01911,9.5e-05,2e-05,0.980473
data/raf_db/test/6/test_2916_aligned.jpg,6,6,3.4e-05,0.000772,1.2e-05,0.000937,0.00033,5e-06,0.997909
data/raf_db/test/6/test_2779_aligned.jpg,6,6,1.4e-05,0.004434,0.000151,0.001711,0.46099,0.000142,0.532558
data/raf_db/test/6/test_2889_aligned.jpg,6,6,7.8e-05,0.003157,2.3e-05,0.000262,0.003257,1.4e-05,0.993209
data/raf_db/test/6/test_2530_aligned.jpg,6,6,3e-06,8e-05,1e-05,0.000287,1.6e-05,3.1e-05,0.999573
data/raf_db/test/6/test_2895_aligned.jpg,6,6,5e-06,9.4e-05,1.6e-05,5.6e-05,0.000337,8e-06,0.999484
data/raf_db/test/6/test_2765_aligned.jpg,6,6,3.4e-05,6.9e-05,1e-05,8e-06,0.001358,7.6e-05,0.998446
data/raf_db/test/6/test_2798_aligned.jpg,6,6,4.2e-05,8.8e-05,3e-05,0.002731,0.450163,0.00018,0.546767
data/raf_db/test/6/test_2868_aligned.jpg,6,3,0.003288,0.006962,0.00012,0.825039,0.001906,1.6e-05,0.162669
data/raf_db/test/6/test_3015_aligned.jpg,6,4,0.000124,0.000525,7e-06,5.9e-05,0.972234,1.5e-05,0.027037
data/raf_db/test/6/test_2607_aligned.jpg,6,6,4.6e-05,6.3e-05,1.2e-05,3e-05,9e-06,3.4e-05,0.999806
data/raf_db/test/6/test_2715_aligned.jpg,6,6,6e-06,8e-06,3.6e-05,0.000934,0.000215,2e-05,0.998782
data/raf_db/test/6/test_2818_aligned.jpg,6,6,1.7e-05,0.000136,6.2e-05,0.008288,6e-06,0.002538,0.988953
data/raf_db/test/6/test_2987_aligned.jpg,6,6,9.9e-05,6e-06,6.3e-05,0.000461,6.4e-05,0.000136,0.999169
data/raf_db/test/6/test_2677_aligned.jpg,6,6,0.000145,1.9e-05,2.7e-05,5.7e-05,7e-05,0.002752,0.99693
data/raf_db/test/6/test_3065_aligned.jpg,6,6,2.2e-05,0.002741,1.7e-05,3.3e-05,0.003044,2.1e-05,0.994122
data/raf_db/test/6/test_2460_aligned.jpg,6,6,4.8e-05,1.3e-05,0.000168,0.000453,1e-05,0.000537,0.998772
data/raf_db/test/6/test_2846_aligned.jpg,6,6,8e-06,7.7e-05,9e-06,3.3e-05,1e-05,6.7e-05,0.999795
data/raf_db/test/6/test_2629_aligned.jpg,6,6,1.2e-05,2.9e-05,1.4e-05,5e-06,0.000168,0.000104,0.999668
data/raf_db/test/6/test_2924_aligned.jpg,6,6,0.000269,0.01602,0.000268,2.6e-05,0.173021,0.000398,0.809998
data/raf_db/test/6/test_2502_aligned.jpg,6,6,3.4e-05,7e-06,5.3e-05,0.000183,2.3e-05,8.1e-05,0.999618
data/raf_db/test/6/test_2410_aligned.jpg,6,6,8e-06,3e-05,1.1e-05,0.00022,1.5e-05,1.4e-05,0.999701
data/raf_db/test/6/test_2836_aligned.jpg,6,6,8e-06,0.000119,5e-06,0.00012,2.2e-05,1.5e-05,0.999711
data/raf_db/test/6/test_2659_aligned.jpg,6,6,7e-06,0.000142,1.7e-05,0.027814,0.001333,5e-05,0.970637
data/raf_db/test/6/test_2954_aligned.jpg,6,6,1.2e-05,9e-06,5.2e-05,0.000157,0.000158,4.4e-05,0.999568
data/raf_db/test/6/test_2572_aligned.jpg,6,6,2e-06,1.2e-05,1.8e-05,0.00021,7.7e-05,0.000134,0.999546
data/raf_db/test/6/test_2501_aligned.jpg,6,6,1.1e-05,5.3e-05,1.4e-05,4e-05,0.00329,1.3e-05,0.99658
data/raf_db/test/6/test_2927_aligned.jpg,6,6,9e-06,0.000257,7e-06,0.000374,6.2e-05,1.2e-05,0.99928
data/raf_db/test/6/test_2748_aligned.jpg,6,6,8e-06,0.00012,4e-06,8.3e-05,0.003525,1.1e-05,0.996249
data/raf_db/test/6/test_2845_aligned.jpg,6,6,3e-06,0.000432,4e-06,9.7e-05,0.000257,8e-06,0.9992
data/raf_db/test/6/test_3038_aligned.jpg,6,6,4.3e-05,0.000263,1.3e-05,6e-06,0.003909,0.000119,0.995647
data/raf_db/test/6/test_2463_aligned.jpg,6,6,2e-06,3.9e-05,8e-06,3.5e-05,0.00015,1.6e-05,0.99975
data/raf_db/test/6/test_2571_aligned.jpg,6,6,1.4e-05,0.001405,7e-06,0.000135,3.3e-05,1.9e-05,0.998387
data/raf_db/test/6/test_2957_aligned.jpg,6,6,7.7e-05,8e-06,9e-06,0.001284,0.000415,3.7e-05,0.998169
data/raf_db/test/6/test_2738_aligned.jpg,6,6,0.000119,2.2e-05,0.000169,0.043739,0.00681,0.011899,0.937242
data/raf_db/test/6/test_2835_aligned.jpg,6,6,0.003212,7.9e-05,0.000227,0.006922,1.2e-05,9.7e-05,0.98945
data/raf_db/test/6/test_3048_aligned.jpg,6,6,0.000188,0.00015,5.4e-05,0.000265,8e-06,0.000508,0.998827
data/raf_db/test/6/test_2413_aligned.jpg,6,6,8.6e-05,0.00568,1.2e-05,0.000124,0.149625,2.7e-05,0.844445
data/raf_db/test/6/test_2604_aligned.jpg,6,6,1.7e-05,4.5e-05,1.2e-05,4.9e-05,2.7e-05,0.000584,0.999265
data/raf_db/test/6/test_3016_aligned.jpg,6,6,4e-06,5.3e-05,1.4e-05,8.5e-05,1.7e-05,1.5e-05,0.999812
data/raf_db/test/6/test_2909_aligned.jpg,6,6,8e-06,1.9e-05,9e-06,7.3e-05,6.4e-05,1.4e-05,0.999814
data/raf_db/test/6/test_2766_aligned.jpg,6,6,3.2e-05,6.2e-05,9e-06,9e-06,0.001229,5.9e-05,0.9986
data/raf_db/test/6/test_2896_aligned.jpg,6,6,5.5e-05,0.000118,3.7e-05,0.000282,0.000831,0.00012,0.998557
data/raf_db/test/6/test_3066_aligned.jpg,6,6,0.000129,0.044798,0.000563,0.000793,0.004833,6.3e-05,0.94882
data/raf_db/test/6/test_2674_aligned.jpg,6,6,0.001242,2.9e-05,0.000145,1.1e-05,0.000654,0.001578,0.996341
data/raf_db/test/6/test_2984_aligned.jpg,6,6,4.9e-05,8.3e-05,0.000177,4e-06,0.000165,0.00027,0.99925
data/raf_db/test/6/test_2979_aligned.jpg,6,6,1.1e-05,9e-05,1.1e-05,2.1e-05,0.010678,4.2e-05,0.989147
data/raf_db/test/6/test_2689_aligned.jpg,6,6,2.9e-05,0.000536,1.2e-05,0.000134,9e-06,8.6e-05,0.999195
data/raf_db/test/6/test_2716_aligned.jpg,6,6,0.000351,8.9e-05,1.9e-05,0.000668,0.049253,2.6e-05,0.949594
data/raf_db/test/6/test_2543_aligned.jpg,6,6,5e-06,0.000277,7e-06,1.4e-05,0.000102,1.8e-05,0.999577
data/raf_db/test/6/test_2695_aligned.jpg,6,6,3e-06,1.7e-05,7e-06,4.6e-05,6.2e-05,1.9e-05,0.999846
data/raf_db/test/6/test_2965_aligned.jpg,6,6,8e-06,6.2e-05,5e-06,1.8e-05,4.3e-05,1.4e-05,0.999848
data/raf_db/test/6/test_2807_aligned.jpg,6,6,0.002614,1.9e-05,0.000219,0.000466,0.000259,0.00307,0.993354
data/raf_db/test/6/test_2998_aligned.jpg,6,6,5.1e-05,0.002508,8.9e-05,0.000171,0.000823,1.3e-05,0.996344
data/raf_db/test/6/test_2668_aligned.jpg,6,6,0.000401,0.000659,5e-05,0.000309,0.016466,0.021656,0.960458
data/raf_db/test/6/test_2421_aligned.jpg,6,6,1.7e-05,3.6e-05,1.4e-05,3.8e-05,1.2e-05,2.4e-05,0.999859
data/raf_db/test/6/test_2533_aligned.jpg,6,4,2.1e-05,4.8e-05,1.1e-05,1.5e-05,0.996294,2.8e-05,0.003584
data/raf_db/test/6/test_2915_aligned.jpg,6,6,4.9e-05,0.000649,8.3e-05,5.1e-05,8.9e-05,1.3e-05,0.999066
data/raf_db/test/6/test_2787_aligned.jpg,6,6,1.2e-05,2.6e-05,2.6e-05,0.000131,9e-06,0.000319,0.999476
data/raf_db/test/6/test_2877_aligned.jpg,6,6,1.1e-05,1.2e-05,2.7e-05,0.000148,1.2e-05,0.000364,0.999427
data/raf_db/test/6/test_2618_aligned.jpg,6,6,3e-06,3.7e-05,1.1e-05,0.000475,0.000366,7e-06,0.9991
data/raf_db/test/6/test_2451_aligned.jpg,6,6,2.1e-05,5.7e-05,2.6e-05,6e-06,3.8e-05,0.000182,0.99967
data/raf_db/test/6/test_2590_aligned.jpg,6,6,4.5e-05,2.5e-05,0.000156,0.00011,0.000103,4.6e-05,0.999515
data/raf_db/test/6/test_2829_aligned.jpg,6,4,1.1e-05,5.8e-05,1.3e-05,3.8e-05,0.989611,0.000229,0.010041
data/raf_db/test/6/test_2646_aligned.jpg,6,6,5.1e-05,5e-05,4.9e-05,0.027128,0.000238,1e-05,0.972474
data/raf_db/test/6/test_3054_aligned.jpg,6,3,2.3e-05,0.000363,5e-06,0.995052,2e-05,4e-06,0.004533
data/raf_db/test/6/test_2724_aligned.jpg,6,5,8.8e-05,0.000244,0.000197,0.00016,0.052961,0.53277,0.413579
data/raf_db/test/6/test_2859_aligned.jpg,6,6,0.000241,0.012602,6.8e-05,0.291184,5.9e-05,3.4e-05,0.695812
data/raf_db/test/6/test_3024_aligned.jpg,6,6,1e-05,0.000286,2.3e-05,8.1e-05,0.000155,4e-05,0.999406
data/raf_db/test/6/test_2636_aligned.jpg,6,6,1.4e-05,2.2e-05,9e-06,2.8e-05,5.8e-05,3.1e-05,0.999838
data/raf_db/test/6/test_2754_aligned.jpg,6,6,4e-06,0.000285,1.7e-05,2.7e-05,3.4e-05,0.000101,0.999532
data/raf_db/test/6/test_2482_aligned.jpg,6,6,1.3e-05,2.2e-05,1.3e-05,8.9e-05,1.6e-05,1.6e-05,0.999832
data/raf_db/test/6/test_2585_aligned.jpg,6,3,9e-06,3e-06,2.6e-05,0.996756,0.000358,1.8e-05,0.00283
data/raf_db/test/6/test_3041_aligned.jpg,6,6,9e-06,0.000302,4e-05,0.006462,0.050029,4.4e-05,0.943114
data/raf_db/test/6/test_2653_aligned.jpg,6,6,2e-06,6.1e-05,1.1e-05,6.6e-05,5.7e-05,1.1e-05,0.99979
data/raf_db/test/6/test_2731_aligned.jpg,6,6,0.000274,0.000264,0.005122,0.000442,0.003302,0.001286,0.989311
data/raf_db/test/6/test_2578_aligned.jpg,6,6,8e-06,1.8e-05,3.7e-05,1.8e-05,0.000244,2.4e-05,0.999652
data/raf_db/test/6/test_2623_aligned.jpg,6,6,4.5e-05,7.3e-05,8e-06,0.000421,0.032822,1.9e-05,0.966612
data/raf_db/test/6/test_3031_aligned.jpg,6,6,5.9e-05,0.001096,1.1e-05,6.3e-05,0.001519,5e-06,0.997247
data/raf_db/test/6/test_2741_aligned.jpg,6,6,1.6e-05,0.00013,6e-06,7.2e-05,5.4e-05,6e-06,0.999716
data/raf_db/test/6/test_2508_aligned.jpg,6,6,1.6e-05,1e-05,5.2e-05,4e-05,0.000724,0.000113,0.999045
data/raf_db/test/6/test_2497_aligned.jpg,6,6,1.3e-05,2.8e-05,1.1e-05,0.000182,0.001008,0.000309,0.998449
data/raf_db/test/6/test_2556_aligned.jpg,6,6,2e-06,0.000344,9e-06,5.3e-05,0.000209,1.4e-05,0.999369
data/raf_db/test/6/test_2680_aligned.jpg,6,6,3.3e-05,6.3e-05,1.5e-05,4.2e-05,3.5e-05,2.1e-05,0.99979
data/raf_db/test/6/test_2970_aligned.jpg,6,6,2.7e-05,0.000656,0.000242,2.3e-05,6.2e-05,0.001043,0.997947
data/raf_db/test/6/test_2812_aligned.jpg,6,6,1.1e-05,4.9e-05,1.5e-05,9.4e-05,1.5e-05,1.8e-05,0.999798
data/raf_db/test/6/test_2434_aligned.jpg,6,6,1e-05,1.3e-05,1.3e-05,1.3e-05,0.000158,0.000171,0.999621
data/raf_db/test/6/test_2526_aligned.jpg,6,3,8e-05,1e-05,0.000109,0.906628,0.007312,0.000186,0.085675
data/raf_db/test/6/test_2900_aligned.jpg,6,6,1.9e-05,8e-06,0.000155,2.5e-05,0.000124,0.000226,0.999444
data/raf_db/test/6/test_2792_aligned.jpg,6,6,9e-06,0.000134,4e-06,0.006615,2.6e-05,0.000692,0.99252
data/raf_db/test/6/test_2862_aligned.jpg,6,6,6e-06,6.2e-05,6e-06,1.7e-05,2.9e-05,2.3e-05,0.999856
data/raf_db/test/6/test_2444_aligned.jpg,6,6,3.1e-05,2e-05,0.000102,5.6e-05,0.000102,0.010983,0.988706
data/raf_db/test/6/test_2458_aligned.jpg,6,6,9e-06,0.000216,1.1e-05,0.006613,0.003661,0.010355,0.979136
data/raf_db/test/6/test_3003_aligned.jpg,6,6,4.9e-05,8.5e-05,3.2e-05,0.000126,0.001431,9e-06,0.998268
data/raf_db/test/6/test_2611_aligned.jpg,6,6,5e-06,1e-05,1.4e-05,0.000143,8.3e-05,2.4e-05,0.999722
data/raf_db/test/6/test_2773_aligned.jpg,6,6,7.1e-05,0.001052,4.5e-05,7.3e-05,1.1e-05,0.007727,0.991021
data/raf_db/test/6/test_2883_aligned.jpg,6,6,6e-06,0.00012,2e-06,0.001458,0.000552,9e-06,0.997853
data/raf_db/test/6/test_2428_aligned.jpg,6,6,4e-06,3.4e-05,4e-06,7.9e-05,5.8e-05,1e-05,0.99981
data/raf_db/test/6/test_2661_aligned.jpg,6,6,0.000202,7.5e-05,2.3e-05,4.9e-05,6.6e-05,0.002693,0.996892
data/raf_db/test/6/test_2991_aligned.jpg,6,6,1e-05,9e-06,3e-05,2.6e-05,4.3e-05,0.000136,0.999746
data/raf_db/test/6/test_2703_aligned.jpg,6,6,1.4e-05,9.2e-05,1.6e-05,9e-06,0.007461,0.000295,0.992113
data/raf_db/test/6/test_2514_aligned.jpg,6,4,3e-05,3.2e-05,0.000135,0.002625,0.850216,4.3e-05,0.14692
data/raf_db/test/6/test_2392_aligned.jpg,6,6,8e-06,2.2e-05,5e-06,5.4e-05,0.003596,5.1e-05,0.996264
data/raf_db/test/6/test_2932_aligned.jpg,6,6,4e-06,1.6e-05,5.4e-05,0.001176,0.000873,9.7e-05,0.99778
data/raf_db/test/6/test_2850_aligned.jpg,6,6,5e-06,2.5e-05,1.5e-05,0.000332,8.3e-05,1.3e-05,0.999527
data/raf_db/test/6/test_2476_aligned.jpg,6,6,6.6e-05,0.053696,9.4e-05,0.07518,6.3e-05,0.002762,0.868139
data/raf_db/test/6/test_2564_aligned.jpg,6,6,5e-06,0.000122,8e-06,3.8e-05,1.4e-05,8.1e-05,0.999731
data/raf_db/test/6/test_2942_aligned.jpg,6,6,0.000154,0.44395,0.00011,0.000103,0.000828,0.000142,0.554714
data/raf_db/test/6/test_2820_aligned.jpg,6,6,2e-06,7.3e-05,2.5e-05,0.000186,1.4e-05,0.000451,0.99925
data/raf_db/test/6/test_2406_aligned.jpg,6,6,1.7e-05,5.3e-05,1.8e-05,0.005193,2.8e-05,1.6e-05,0.994674
data/raf_db/test/6/test_2599_aligned.jpg,6,6,0.227473,0.000894,0.000472,0.011434,1.9e-05,0.001323,0.758385
data/raf_db/test/6/test_2608_aligned.jpg,6,6,5e-06,2.4e-05,1.7e-05,1e-05,0.00032,8.6e-05,0.999537
data/raf_db/test/6/test_2867_aligned.jpg,6,6,5.9e-05,2e-05,0.000125,2.2e-05,0.022541,0.000252,0.976981
data/raf_db/test/6/test_2797_aligned.jpg,6,5,1.1e-05,0.001265,2.4e-05,0.000349,0.003644,0.990813,0.003894
data/raf_db/test/6/test_2441_aligned.jpg,6,6,1e-05,3.3e-05,1e-05,3.1e-05,1.7e-05,6.5e-05,0.999833
data/raf_db/test/6/test_2523_aligned.jpg,6,6,1.7e-05,0.000117,4e-06,0.00034,6.3e-05,6e-06,0.999453
data/raf_db/test/6/test_2905_aligned.jpg,6,6,4.8e-05,2.3e-05,4.8e-05,0.040783,0.000118,3.2e-05,0.958948
data/raf_db/test/6/test_2678_aligned.jpg,6,6,5e-06,1.9e-05,1.2e-05,8.9e-05,5.8e-05,3.4e-05,0.999783
data/raf_db/test/6/test_2988_aligned.jpg,6,6,1e-05,1.2e-05,1.4e-05,1.8e-05,0.00134,6.1e-05,0.998544
data/raf_db/test/6/test_2817_aligned.jpg,6,6,1.1e-05,3.4e-05,1.7e-05,6e-06,0.000171,0.00018,0.999581
data/raf_db/test/6/test_2431_aligned.jpg,6,6,0.001075,7.1e-05,1.5e-05,0.000216,2e-05,8.1e-05,0.998523
data/raf_db/test/6/test_2553_aligned.jpg,6,6,1.9e-05,9e-06,2.3e-05,0.000292,2.3e-05,3e-05,0.999604
data/raf_db/test/6/test_2975_aligned.jpg,6,6,1e-05,0.000101,6e-06,1e-05,0.000118,1.9e-05,0.999735
data/raf_db/test/6/test_2685_aligned.jpg,6,6,6e-06,8.3e-05,5e-06,0.000106,0.008091,2.1e-05,0.991688
data/raf_db/test/6/test_2744_aligned.jpg,6,6,2.1e-05,0.000117,3e-06,7.9e-05,1.8e-05,1.2e-05,0.99975
data/raf_db/test/6/test_2492_aligned.jpg,6,4,1.7e-05,5.1e-05,4.3e-05,6e-06,0.999117,0.000222,0.000543
data/raf_db/test/6/test_3034_aligned.jpg,6,6,2.6e-05,3.4e-05,2.7e-05,3.7e-05,4.2e-05,2.4e-05,0.999809
data/raf_db/test/6/test_2626_aligned.jpg,6,6,8e-06,0.00053,1.1e-05,0.001863,1.4e-05,3.2e-05,0.997542
data/raf_db/test/6/test_2849_aligned.jpg,6,6,9e-06,4.3e-05,1e-05,7e-06,4.5e-05,6.5e-05,0.99982
data/raf_db/test/6/test_2734_aligned.jpg,6,4,0.000153,0.001962,5.6e-05,2.1e-05,0.84002,0.000354,0.157433
data/raf_db/test/6/test_2580_aligned.jpg,6,6,1.5e-05,4.2e-05,2.5e-05,6e-06,6.6e-05,0.000129,0.999716
data/raf_db/test/6/test_2656_aligned.jpg,6,6,3.4e-05,5.2e-05,0.000108,0.047273,0.000276,8.8e-05,0.952168
data/raf_db/test/6/test_3044_aligned.jpg,6,6,1.4e-05,0.000873,7e-06,0.000966,0.000168,3e-06,0.997968
data/raf_db/test/6/test_2839_aligned.jpg,6,6,1.9e-05,0.000106,6e-06,0.000106,0.000147,4e-06,0.999613
data/raf_db/test/6/test_3058_aligned.jpg,6,6,1e-05,6.1e-05,1e-05,0.000577,0.057203,7.4e-05,0.942064
data/raf_db/test/6/test_2825_aligned.jpg,6,6,1.5e-05,0.000158,1.9e-05,0.00047,7e-06,4.2e-05,0.99929
data/raf_db/test/6/test_2403_aligned.jpg,6,6,4.1e-05,1.4e-05,2.1e-05,1.1e-05,6.9e-05,5.2e-05,0.999793
data/raf_db/test/6/test_2561_aligned.jpg,6,6,2.5e-05,0.000775,2.2e-05,0.010479,0.001067,6e-06,0.987626
data/raf_db/test/6/test_2728_aligned.jpg,6,6,0.00088,3.8e-05,0.000434,0.000154,9.9e-05,0.141234,0.857162
data/raf_db/test/6/test_2947_aligned.jpg,6,6,6e-06,3e-05,6e-06,2.5e-05,0.000199,1e-05,0.999724
data/raf_db/test/6/test_3028_aligned.jpg,6,6,3e-06,2.8e-05,1e-05,3.8e-05,0.001763,0.000662,0.997496
data/raf_db/test/6/test_2855_aligned.jpg,6,6,9e-06,1.5e-05,1e-05,9.5e-05,1.5e-05,3.3e-05,0.999823
data/raf_db/test/6/test_2473_aligned.jpg,6,6,0.000174,6e-05,6.1e-05,0.0001,8e-06,0.000612,0.998985
data/raf_db/test/6/test_2511_aligned.jpg,6,6,6e-06,5.5e-05,4e-06,3.7e-05,4.1e-05,1.1e-05,0.999846
data/raf_db/test/6/test_2758_aligned.jpg,6,6,2.6e-05,0.00047,1.6e-05,0.042408,1.3e-05,0.00034,0.956728
data/raf_db/test/6/test_2937_aligned.jpg,6,6,0.000233,4e-05,3.8e-05,0.002445,0.011502,5e-05,0.985691
data/raf_db/test/6/test_2397_aligned.jpg,6,6,0.00059,0.01412,4.8e-05,0.000349,0.000449,0.000488,0.983957
data/raf_db/test/6/test_2706_aligned.jpg,6,6,9e-06,3.2e-05,1.2e-05,2.4e-05,1.7e-05,2.8e-05,0.999878
data/raf_db/test/6/test_2699_aligned.jpg,6,6,8e-06,3.1e-05,1.5e-05,0.000306,9e-06,3e-05,0.999601
data/raf_db/test/6/test_2969_aligned.jpg,6,1,3.9e-05,0.937159,1.5e-05,0.00112,0.004177,2.8e-05,0.057462
data/raf_db/test/6/test_2994_aligned.jpg,6,6,1.4e-05,0.000106,2.7e-05,0.002126,4e-06,0.000109,0.997613
data/raf_db/test/6/test_2664_aligned.jpg,6,6,7e-06,8e-06,2.2e-05,3.8e-05,3.9e-05,6.9e-05,0.999818
data/raf_db/test/6/test_2886_aligned.jpg,6,6,2.5e-05,5e-06,5.9e-05,0.00016,0.001998,6.2e-05,0.997691
data/raf_db/test/6/test_2776_aligned.jpg,6,6,2.3e-05,1.6e-05,0.000166,1.2e-05,0.000112,0.000191,0.999481
data/raf_db/test/6/test_2919_aligned.jpg,6,6,1e-05,4.2e-05,4.7e-05,3.5e-05,7.8e-05,0.000669,0.99912
data/raf_db/test/6/test_2614_aligned.jpg,6,6,1.4e-05,2.5e-05,1.3e-05,1e-05,3.1e-05,0.000124,0.999783
data/raf_db/test/6/test_3006_aligned.jpg,6,6,4e-06,9.5e-05,8e-06,6.7e-05,1.9e-05,1.4e-05,0.999793
data/raf_db/test/6/test_2713_aligned.jpg,6,5,0.002326,8.9e-05,0.000226,0.000313,0.000639,0.949661,0.046747
data/raf_db/test/6/test_2438_aligned.jpg,6,6,7e-06,1.2e-05,2.6e-05,1.4e-05,0.000266,4e-05,0.999635
data/raf_db/test/6/test_2981_aligned.jpg,6,6,2e-05,8e-06,2e-05,0.00013,2.2e-05,5.7e-05,0.999743
data/raf_db/test/6/test_2671_aligned.jpg,6,6,5.8e-05,1.5e-05,9e-06,7.6e-05,1.3e-05,0.000125,0.999703
data/raf_db/test/6/test_3063_aligned.jpg,6,6,3.5e-05,7e-05,2.3e-05,0.000688,0.006153,2.5e-05,0.993006
data/raf_db/test/6/test_2893_aligned.jpg,6,6,1.2e-05,4.7e-05,1.4e-05,1.3e-05,0.000156,0.000197,0.999561
data/raf_db/test/6/test_2763_aligned.jpg,6,6,8e-06,1.7e-05,1.6e-05,0.000205,4.8e-05,4.4e-05,0.999662
data/raf_db/test/6/test_2448_aligned.jpg,6,6,5e-06,0.000147,1.6e-05,7.8e-05,0.006219,9e-06,0.993526
data/raf_db/test/6/test_3013_aligned.jpg,6,6,2.1e-05,0.002224,1.2e-05,3e-05,0.000172,7.7e-05,0.997465
data/raf_db/test/6/test_2601_aligned.jpg,6,6,1.6e-05,4.3e-05,2e-05,0.000416,9e-06,0.002542,0.996953
data/raf_db/test/6/test_2830_aligned.jpg,6,4,6.9e-05,0.000473,2.7e-05,1.4e-05,0.962027,0.000355,0.037035
data/raf_db/test/6/test_2589_aligned.jpg,6,6,1.9e-05,9.2e-05,9e-06,0.000211,1.4e-05,2.2e-05,0.999635
data/raf_db/test/6/test_2416_aligned.jpg,6,6,3.9e-05,0.000182,1.3e-05,0.000136,4e-06,0.000608,0.999018
data/raf_db/test/6/test_2574_aligned.jpg,6,6,7e-06,2.4e-05,2.6e-05,0.000182,1.1e-05,4.3e-05,0.999708
data/raf_db/test/6/test_2952_aligned.jpg,6,6,3e-06,3.8e-05,9e-06,0.001905,3.5e-05,7.1e-05,0.99794
data/raf_db/test/6/test_2840_aligned.jpg,6,6,2.3e-05,1.4e-05,4e-06,4.9e-05,0.0001,2.2e-05,0.999788
data/raf_db/test/6/test_2466_aligned.jpg,6,6,9e-06,2.3e-05,2.6e-05,5.9e-05,1.2e-05,0.000352,0.999519
data/raf_db/test/6/test_2504_aligned.jpg,6,6,1.8e-05,5.4e-05,1e-05,6.4e-05,1.2e-05,3.6e-05,0.999807
data/raf_db/test/6/test_2922_aligned.jpg,6,4,0.000101,0.000303,1.3e-05,0.043019,0.955531,2.9e-05,0.001005
data/raf_db/test/6/test_2751_aligned.jpg,6,6,1.1e-05,4e-05,5e-06,9e-06,0.000308,4.7e-05,0.99958
data/raf_db/test/6/test_2487_aligned.jpg,6,6,7e-06,0.00051,2.6e-05,8e-06,8.8e-05,0.000736,0.998624
data/raf_db/test/6/test_2518_aligned.jpg,6,6,9e-06,4.3e-05,1.4e-05,1.8e-05,7.7e-05,1.1e-05,0.999828
data/raf_db/test/6/test_2633_aligned.jpg,6,6,4e-06,5.8e-05,1.4e-05,2.3e-05,2.2e-05,0.000448,0.99943
data/raf_db/test/6/test_3021_aligned.jpg,6,6,7.1e-05,0.000771,2.1e-05,0.000422,4e-05,0.011355,0.987319
data/raf_db/test/6/test_2721_aligned.jpg,6,6,5e-06,1.5e-05,2.7e-05,0.000213,1.6e-05,4e-05,0.999684
data/raf_db/test/6/test_2568_aligned.jpg,6,6,7e-06,6.2e-05,8e-06,3.9e-05,5.9e-05,3.7e-05,0.999787
data/raf_db/test/6/test_2595_aligned.jpg,6,6,2e-05,3.3e-05,5e-06,3.4e-05,1.8e-05,4.6e-05,0.999844
data/raf_db/test/6/test_3051_aligned.jpg,6,6,1.9e-05,2.1e-05,3.2e-05,1.8e-05,0.000468,1.3e-05,0.999427
data/raf_db/test/6/test_2643_aligned.jpg,6,6,4e-06,2.8e-05,9e-06,6.7e-05,0.000332,1.7e-05,0.999545
data/raf_db/test/6/test_2872_aligned.jpg,6,6,6.3e-05,2.2e-05,0.000131,0.056578,3.4e-05,0.000168,0.943005
data/raf_db/test/6/test_2782_aligned.jpg,6,5,0.000158,7.3e-05,0.003509,0.019868,0.004448,0.618141,0.353804
data/raf_db/test/6/test_2454_aligned.jpg,6,6,3e-06,2e-05,1.2e-05,2.6e-05,0.000273,0.000186,0.999481
data/raf_db/test/6/test_2536_aligned.jpg,6,6,8e-06,0.000493,8.4e-05,0.000117,0.143103,0.000315,0.855879
data/raf_db/test/6/test_2910_aligned.jpg,6,6,5e-06,1.9e-05,1e-05,0.000128,1.8e-05,2.1e-05,0.999798
data/raf_db/test/6/test_2802_aligned.jpg,6,6,3e-06,1.3e-05,8e-06,4.6e-05,0.000967,4.5e-05,0.998917
data/raf_db/test/6/test_2424_aligned.jpg,6,6,6e-06,1.7e-05,1e-05,0.000113,7e-05,1.2e-05,0.999773
data/raf_db/test/6/test_2546_aligned.jpg,6,4,6e-05,3.6e-05,0.000703,7e-05,0.962121,0.030577,0.006434
data/raf_db/test/6/test_2960_aligned.jpg,6,6,0.001392,8.2e-05,0.000212,0.000358,0.264831,0.01539,0.717734
data/raf_db/test/6/test_2690_aligned.jpg,6,6,1.4e-05,1.8e-05,1.3e-05,1.3e-05,5.5e-05,2.6e-05,0.999861
