image_path,true_label,pred_label,prob_0,prob_1,prob_2,prob_3,prob_4,prob_5,prob_6
data/raf_db/test/0/test_0017_aligned.jpg,0,6,0.09903342,0.22070163,0.021392025,0.013452588,0.22644132,0.06044824,0.3585308
data/raf_db/test/0/test_0027_aligned.jpg,0,0,0.67509574,0.20055385,0.033580825,0.06836564,0.013932897,0.0076761562,0.00079485687
data/raf_db/test/0/test_0037_aligned.jpg,0,0,0.992015,0.0058707604,0.0011198752,0.00030876647,0.00021573677,0.0004144317,5.5346904e-05
data/raf_db/test/0/test_0042_aligned.jpg,0,3,0.10237328,0.061401498,0.09471474,0.49457902,0.0299129,0.18417151,0.03284702
data/raf_db/test/0/test_0057_aligned.jpg,0,1,0.38582885,0.42429906,0.033921774,0.01850695,0.0049849222,0.097922355,0.034536134
data/raf_db/test/0/test_0091_aligned.jpg,0,3,0.028876193,0.15414727,0.044607874,0.34091362,0.022215536,0.11082044,0.29841906
data/raf_db/test/0/test_0136_aligned.jpg,0,0,0.7551842,0.009151325,0.15921177,0.0019294982,0.002211228,0.07169465,0.0006173425
data/raf_db/test/0/test_0185_aligned.jpg,0,0,0.4544271,0.20499942,0.063265845,0.0048539923,0.04547544,0.22276746,0.0042108153
data/raf_db/test/0/test_0186_aligned.jpg,0,0,0.7861097,0.007686494,0.1824256,0.0024688656,0.014655219,0.0059193666,0.00073477207
data/raf_db/test/0/test_0190_aligned.jpg,0,0,0.5922621,0.30633953,0.005623185,0.02980542,0.034729186,0.00620664,0.02503401
data/raf_db/test/0/test_0201_aligned.jpg,0,0,0.8321073,0.04543648,0.055988688,0.0035880334,0.037203062,0.020846175,0.004830163
data/raf_db/test/0/test_0215_aligned.jpg,0,6,0.22336496,0.053881414,0.022753747,0.061756197,0.113574326,0.10420869,0.4204606
data/raf_db/test/0/test_0216_aligned.jpg,0,0,0.77253395,0.018098868,0.10907824,0.0025694256,0.09274875,0.004493671,0.00047708882
data/raf_db/test/0/test_0225_aligned.jpg,0,3,0.091523774,0.28894982,0.049613547,0.31166026,0.20645405,0.030065108,0.021733385
data/raf_db/test/0/test_0228_aligned.jpg,0,0,0.25636747,0.24449584,0.048314493,0.031711888,0.1282323,0.124696344,0.16618173
data/raf_db/test/0/test_0244_aligned.jpg,0,5,0.14948718,0.2587738,0.07977508,0.123478875,0.030563463,0.3070757,0.050845917
data/raf_db/test/0/test_0286_aligned.jpg,0,3,0.05588724,0.05281765,0.017851459,0.84516865,0.009856486,0.010842052,0.0075763897
data/raf_db/test/0/test_0295_aligned.jpg,0,4,0.02618283,0.29107612,0.042153385,0.075993516,0.37724766,0.05755519,0.1297913
data/raf_db/test/0/test_0296_aligned.jpg,0,0,0.54465955,0.08132889,0.06573052,0.16741078,0.057334118,0.036521334,0.04701478
data/raf_db/test/0/test_0301_aligned.jpg,0,0,0.5676361,0.32273436,0.014414847,0.020985728,0.033328004,0.010219798,0.030681109
data/raf_db/test/0/test_0321_aligned.jpg,0,6,0.16752356,0.16250968,0.010976702,0.14114532,0.005298215,0.069262825,0.44328362
data/raf_db/test/0/test_0327_aligned.jpg,0,4,0.13216548,0.026496645,0.09550504,0.02395243,0.5396837,0.08072549,0.10147121
data/raf_db/test/0/test_0347_aligned.jpg,0,4,0.10307518,0.17626424,0.06767458,0.062179506,0.52780324,0.029329157,0.033674106
data/raf_db/test/0/test_0349_aligned.jpg,0,0,0.7204455,0.06649338,0.059240587,0.063086756,0.08836268,0.0020648916,0.00030628117
data/raf_db/test/0/test_0358_aligned.jpg,0,3,0.32432675,0.06381581,0.025049238,0.5613296,0.007995026,0.012571514,0.004912139
data/raf_db/test/0/test_0395_aligned.jpg,0,0,0.62748194,0.018273195,0.07742152,0.07381345,0.15522185,0.04380695,0.003981124
data/raf_db/test/0/test_0424_aligned.jpg,0,0,0.6972706,0.055877708,0.07914576,0.08666541,0.0031875637,0.07343117,0.0044217566
data/raf_db/test/0/test_0452_aligned.jpg,0,0,0.64202076,0.08217242,0.018611258,0.17280301,0.0076269708,0.026556006,0.050209515
data/raf_db/test/0/test_0551_aligned.jpg,0,0,0.94887346,0.039015725,0.0047802874,0.004744177,0.0004149476,0.0019958804,0.00017549405
data/raf_db/test/0/test_0585_aligned.jpg,0,4,0.030426076,0.17098245,0.023359405,0.049200755,0.70142555,0.009668937,0.014936801
data/raf_db/test/0/test_0603_aligned.jpg,0,0,0.73983663,0.17596638,0.00832423,0.052550863,0.008588211,0.009986951,0.004746668
data/raf_db/test/0/test_0656_aligned.jpg,0,0,0.68458325,0.2186789,0.012806453,0.02503434,0.028469177,0.009367037,0.021060806
data/raf_db/test/0/test_0678_aligned.jpg,0,2,0.33550054,0.016672527,0.5096694,0.00080179615,0.051492315,0.08024227,0.0056210966
data/raf_db/test/0/test_0748_aligned.jpg,0,5,0.035930403,0.09695017,0.15908183,0.038439933,0.23983002,0.4032689,0.026498737
data/raf_db/test/0/test_0779_aligned.jpg,0,1,0.15988508,0.28648075,0.09092813,0.07765302,0.03847163,0.25789702,0.0886844
data/raf_db/test/0/test_0793_aligned.jpg,0,2,0.32534486,0.020742765,0.4727825,0.018413724,0.13288909,0.025621084,0.0042059305
data/raf_db/test/0/test_0820_aligned.jpg,0,0,0.6883141,0.16516341,0.032746203,0.006030975,0.07431685,0.029119987,0.004308483
data/raf_db/test/0/test_0853_aligned.jpg,0,2,0.1892483,0.0025306013,0.6282784,0.015499244,0.0004176787,0.16345477,0.0005710238
data/raf_db/test/0/test_0870_aligned.jpg,0,0,0.38299298,0.32083148,0.024226146,0.21927606,0.015854556,0.016218103,0.020600548
data/raf_db/test/0/test_0902_aligned.jpg,0,6,0.012851006,0.01470487,0.008899408,0.007388515,0.4110583,0.009359798,0.53573805
data/raf_db/test/0/test_0909_aligned.jpg,0,0,0.9074465,0.051827546,0.024195947,0.002018029,0.0073832986,0.0067287944,0.00039983218
data/raf_db/test/0/test_0953_aligned.jpg,0,3,0.29175982,0.05180794,0.1612782,0.37631187,0.0394233,0.07060374,0.008815097
data/raf_db/test/0/test_0983_aligned.jpg,0,4,0.02324512,0.059148934,0.015238339,0.006211715,0.88275707,0.008511507,0.0048872065
data/raf_db/test/0/test_0986_aligned.jpg,0,3,0.13733374,0.051987536,0.08723258,0.63506687,0.033558603,0.03525325,0.01956738
data/raf_db/test/0/test_1007_aligned.jpg,0,0,0.40964246,0.1861217,0.02600533,0.16107705,0.15682317,0.031238269,0.029092025
data/raf_db/test/0/test_1013_aligned.jpg,0,0,0.51525015,0.35709512,0.008322392,0.08898342,0.0052460865,0.011813161,0.013289689
data/raf_db/test/0/test_1040_aligned.jpg,0,0,0.9325419,0.012582311,0.0037530006,0.040533207,0.009891928,0.00041303918,0.0002846516
data/raf_db/test/0/test_1050_aligned.jpg,0,0,0.30459192,0.20601755,0.15556364,0.04472413,0.019586815,0.25597838,0.013537496
data/raf_db/test/0/test_1058_aligned.jpg,0,4,0.13143907,0.3715975,0.015689928,0.008985947,0.38101602,0.025150727,0.06612079
data/raf_db/test/0/test_1059_aligned.jpg,0,0,0.98389554,0.0071503506,0.0065285456,0.00053105154,0.00045468882,0.0014071546,3.2611362e-05
data/raf_db/test/0/test_1061_aligned.jpg,0,0,0.8210337,0.020201227,0.05266249,0.07506467,0.027194085,0.0027990052,0.00104485
data/raf_db/test/0/test_1109_aligned.jpg,0,3,0.23324105,0.027369978,0.029598244,0.5871606,0.06396073,0.045418378,0.013250924
data/raf_db/test/0/test_1115_aligned.jpg,0,2,0.3113028,0.008448543,0.6072941,0.012680287,0.025497178,0.033709805,0.0010672628
data/raf_db/test/0/test_1127_aligned.jpg,0,1,0.03289863,0.6182297,0.013148254,0.038284726,0.23168266,0.0060676746,0.059688378
data/raf_db/test/0/test_1132_aligned.jpg,0,0,0.92935115,0.055278596,0.005728491,0.0002452688,0.0016257229,0.007208335,0.00056241994
data/raf_db/test/0/test_1178_aligned.jpg,0,3,0.17403005,0.18912001,0.031126032,0.41659427,0.17681979,0.009423362,0.0028864704
data/raf_db/test/0/test_1190_aligned.jpg,0,6,0.056306366,0.15208253,0.052726127,0.1569266,0.14681648,0.16595092,0.269191
data/raf_db/test/0/test_1192_aligned.jpg,0,5,0.40256864,0.09750676,0.062414926,0.004697656,0.020698017,0.40864846,0.0034655358
data/raf_db/test/0/test_1200_aligned.jpg,0,4,0.22826788,0.21145374,0.054958146,0.076348186,0.3787621,0.042419553,0.0077903154
data/raf_db/test/0/test_1217_aligned.jpg,0,6,0.06851129,0.019938063,0.013852978,0.21542546,0.18613847,0.05981261,0.43632108
data/raf_db/test/0/test_1234_aligned.jpg,0,0,0.9655694,0.0136550665,0.011691364,0.0003861857,0.006378555,0.002114702,0.00020480753
data/raf_db/test/0/test_1263_aligned.jpg,0,0,0.7090147,0.20593284,0.0025385018,0.030179245,0.021022659,0.0051985784,0.026113436
data/raf_db/test/0/test_1281_aligned.jpg,0,0,0.9776962,0.00785813,0.0059070545,0.0071659232,0.00053604937,0.00076422805,7.2520525e-05
data/raf_db/test/0/test_1289_aligned.jpg,0,3,0.18755363,0.07142848,0.01766003,0.37353957,0.03235644,0.10755498,0.20990676
data/raf_db/test/0/test_1294_aligned.jpg,0,4,0.29793963,0.069366306,0.026078448,0.0024697762,0.58821315,0.014818723,0.0011139816
data/raf_db/test/0/test_1301_aligned.jpg,0,0,0.9450444,0.008267458,0.032810725,0.0052300994,0.0065084454,0.0019010218,0.00023775548
data/raf_db/test/0/test_1305_aligned.jpg,0,5,0.15173501,0.092514455,0.2650453,0.01231543,0.0067563,0.45614704,0.015486459
data/raf_db/test/0/test_1309_aligned.jpg,0,3,0.08665706,0.13211532,0.083789736,0.5255464,0.031274,0.1156167,0.025000807
data/raf_db/test/0/test_1314_aligned.jpg,0,3,0.27777722,0.23612995,0.013818543,0.44710428,0.01896334,0.0030070252,0.0031996325
data/raf_db/test/0/test_1330_aligned.jpg,0,1,0.22844003,0.4237181,0.011742255,0.018168943,0.119787075,0.016874485,0.18126912
data/raf_db/test/0/test_1336_aligned.jpg,0,3,0.37616277,0.061466254,0.014111163,0.5184873,0.0043998007,0.0148114525,0.010561279
data/raf_db/test/0/test_1371_aligned.jpg,0,0,0.90770966,0.057128515,0.01017475,0.0022158418,0.01414734,0.0072782603,0.0013456336
data/raf_db/test/0/test_1373_aligned.jpg,0,4,0.059781853,0.17565356,0.025096066,0.09564997,0.6021537,0.017258674,0.024406223
data/raf_db/test/0/test_1385_aligned.jpg,0,0,0.7711375,0.16946962,0.008701367,0.03452667,0.014734508,0.001005431,0.00042492602
data/raf_db/test/0/test_1391_aligned.jpg,0,1,0.063973784,0.37063196,0.04002997,0.30581135,0.11074103,0.03971529,0.06909666
data/raf_db/test/0/test_1404_aligned.jpg,0,0,0.9913935,0.006619717,0.00073033693,0.00091009046,0.00023569776,9.6905234e-05,1.3634475e-05
data/raf_db/test/0/test_1413_aligned.jpg,0,6,0.069244176,0.18223725,0.016129298,0.018267384,0.20064196,0.0343799,0.47910005
data/raf_db/test/0/test_1420_aligned.jpg,0,0,0.39637136,0.13876429,0.07090132,0.09736229,0.28196585,0.0078034517,0.0068314485
data/raf_db/test/0/test_1427_aligned.jpg,0,5,0.039011147,0.081540644,0.17966333,0.20439841,0.03328473,0.44820803,0.013893718
data/raf_db/test/0/test_1437_aligned.jpg,0,4,0.14806466,0.17788921,0.10436812,0.014627742,0.42897588,0.12020182,0.005872524
data/raf_db/test/0/test_1445_aligned.jpg,0,2,0.43712407,0.0011302574,0.4716872,8.089291e-05,6.5328335e-05,0.089900956,1.1215118e-05
data/raf_db/test/0/test_1462_aligned.jpg,0,0,0.54327327,0.10929797,0.067383066,0.08230726,0.023150988,0.16122688,0.013360504
data/raf_db/test/0/test_1471_aligned.jpg,0,0,0.9885012,0.0039912215,0.0055162176,0.00088118174,0.00020706687,0.00085493363,4.8074675e-05
data/raf_db/test/0/test_1487_aligned.jpg,0,3,0.07697988,0.054008406,0.1334755,0.439461,0.003687596,0.2897845,0.0026031318
data/raf_db/test/0/test_1496_aligned.jpg,0,0,0.9156814,0.036123794,0.019677065,0.00021708319,0.0039646644,0.02420287,0.00013302745
data/raf_db/test/0/test_1513_aligned.jpg,0,0,0.72250384,0.010062086,0.12267149,0.11717379,0.010096947,0.015772164,0.0017195863
data/raf_db/test/0/test_1534_aligned.jpg,0,0,0.5135563,0.1060832,0.091340326,0.0025711078,0.18359372,0.03593012,0.06692531
data/raf_db/test/0/test_1539_aligned.jpg,0,0,0.77713907,0.023922967,0.13384089,0.0048359204,0.03692755,0.019771645,0.0035618758
data/raf_db/test/0/test_1553_aligned.jpg,0,4,0.048685998,0.06058115,0.04758912,0.17504136,0.6239083,0.026548205,0.017645894
data/raf_db/test/0/test_1568_aligned.jpg,0,0,0.9415972,0.012699633,0.03587433,0.00056051416,0.0041972566,0.0048727375,0.00019822975
data/raf_db/test/0/test_1572_aligned.jpg,0,0,0.5455793,0.16573374,0.00814064,0.0022728113,0.028876284,0.070559084,0.17883812
data/raf_db/test/0/test_1585_aligned.jpg,0,0,0.9276623,0.008945333,0.012957133,0.048109863,0.0012499284,0.0009024637,0.00017294573
data/raf_db/test/0/test_1601_aligned.jpg,0,6,0.12741013,0.33635846,0.0017165828,0.023057442,0.0078672785,0.007710102,0.49588004
data/raf_db/test/0/test_1602_aligned.jpg,0,3,0.06416864,0.13534187,0.032654393,0.64844656,0.047826827,0.011560703,0.06000108
data/raf_db/test/0/test_1620_aligned.jpg,0,0,0.82197005,0.12390754,0.0093001025,0.0068996465,0.012072415,0.024602497,0.0012477326
data/raf_db/test/0/test_1623_aligned.jpg,0,2,0.17372626,0.09580639,0.25931385,0.041450694,0.25347105,0.08558619,0.09064563
data/raf_db/test/0/test_1625_aligned.jpg,0,5,0.036149472,0.08553157,0.14831093,0.09026952,0.04458565,0.50664,0.08851292
data/raf_db/test/0/test_1626_aligned.jpg,0,0,0.9483471,0.022804456,0.007909991,0.0115836095,0.005703208,0.0027977559,0.0008538588
data/raf_db/test/0/test_1643_aligned.jpg,0,0,0.80526304,0.004060724,0.07113083,0.10837222,6.446818e-05,0.010826206,0.00028251598
data/raf_db/test/0/test_1649_aligned.jpg,0,0,0.7441112,0.14457667,0.026556395,0.0038014378,0.022520782,0.054044016,0.004389427
data/raf_db/test/0/test_1650_aligned.jpg,0,5,0.27720612,0.22103347,0.059463963,0.046819493,0.027964413,0.29107687,0.076435626
data/raf_db/test/0/test_1669_aligned.jpg,0,2,0.17349686,0.16947748,0.22714093,0.0010537939,0.22111705,0.16064814,0.047065772
data/raf_db/test/0/test_1681_aligned.jpg,0,3,0.372314,0.05891877,0.023971545,0.46156847,0.04903742,0.009950363,0.02423943
data/raf_db/test/0/test_1683_aligned.jpg,0,0,0.69325304,0.045606516,0.038934413,0.040933345,0.16599017,0.014898364,0.0003841732
data/raf_db/test/0/test_1684_aligned.jpg,0,5,0.05434412,0.08940015,0.115375675,0.29726526,0.0351161,0.3196505,0.08884818
data/raf_db/test/0/test_1685_aligned.jpg,0,0,0.6339881,0.0022122648,0.21621606,0.0050771628,0.00027287606,0.14201085,0.00022276891
data/raf_db/test/0/test_1689_aligned.jpg,0,1,0.19459742,0.3420683,0.06656055,0.08973182,0.22468917,0.047706116,0.034646593
data/raf_db/test/0/test_1691_aligned.jpg,0,0,0.46797776,0.22240926,0.104440585,0.019562513,0.04832932,0.08587011,0.05141043
data/raf_db/test/0/test_1739_aligned.jpg,0,0,0.4824231,0.010124281,0.118360795,0.08919401,0.2727674,0.020073725,0.0070566596
data/raf_db/test/0/test_1741_aligned.jpg,0,4,0.046447124,0.07437595,0.03096448,0.30710852,0.51553285,0.019262074,0.0063090054
data/raf_db/test/0/test_1746_aligned.jpg,0,4,0.20826848,0.069031544,0.047141988,0.024808643,0.6205561,0.01563069,0.01456261
data/raf_db/test/0/test_1751_aligned.jpg,0,0,0.9904039,0.0029357462,0.005889188,9.803208e-05,0.0001312988,0.00051098,3.091976e-05
data/raf_db/test/0/test_1756_aligned.jpg,0,6,0.110495746,0.24034463,0.0334371,0.029142557,0.13349676,0.11881928,0.33426386
data/raf_db/test/0/test_1760_aligned.jpg,0,0,0.42383668,0.08644104,0.028906887,0.06212407,0.3523124,0.018155556,0.028223377
data/raf_db/test/0/test_1768_aligned.jpg,0,0,0.51322144,0.07658714,0.15505676,0.060412344,0.174101,0.017208569,0.003412731
data/raf_db/test/0/test_1782_aligned.jpg,0,3,0.1982184,0.05033173,0.15031949,0.41619337,0.118763246,0.051296007,0.014877748
data/raf_db/test/0/test_1783_aligned.jpg,0,2,0.14720683,0.0011543465,0.8247701,0.0004891685,0.000558984,0.025685363,0.00013523253
data/raf_db/test/0/test_1785_aligned.jpg,0,0,0.58281696,0.03363369,0.31948662,0.023874661,0.030678542,0.0077045755,0.0018050143
data/raf_db/test/0/test_1791_aligned.jpg,0,0,0.6066953,0.18995012,0.017515494,0.15815063,0.014615897,0.009771873,0.0033006896
data/raf_db/test/0/test_1801_aligned.jpg,0,0,0.45620257,0.0045871353,0.45207426,0.07985139,0.004653361,0.002219752,0.00041161984
data/raf_db/test/0/test_1803_aligned.jpg,0,0,0.74877846,0.09813992,0.015726332,0.023384457,0.029105226,0.037069548,0.04779609
data/raf_db/test/0/test_1805_aligned.jpg,0,0,0.93061334,0.00919325,0.021602036,0.03382677,0.0010088345,0.0035587626,0.000197055
data/raf_db/test/0/test_1815_aligned.jpg,0,0,0.53263795,0.054569773,0.06320402,0.31062564,0.0068287496,0.029201472,0.0029323795
data/raf_db/test/0/test_1828_aligned.jpg,0,0,0.696319,0.06685632,0.13157953,0.009369737,0.032037113,0.060389288,0.003448969
data/raf_db/test/0/test_1830_aligned.jpg,0,0,0.997437,0.0012242398,0.00024831542,0.0009346398,7.9200036e-05,4.9498914e-05,2.7199503e-05
data/raf_db/test/0/test_1836_aligned.jpg,0,4,0.20980768,0.051059257,0.054505292,0.029702604,0.60971916,0.03672337,0.008482648
data/raf_db/test/0/test_1838_aligned.jpg,0,0,0.832541,0.03691728,0.05302994,0.049050543,0.0020279828,0.025364242,0.0010690104
data/raf_db/test/0/test_1839_aligned.jpg,0,0,0.9839035,0.00866456,0.0021142787,0.004288043,0.00069145195,0.0003097571,2.835131e-05
data/raf_db/test/0/test_1858_aligned.jpg,0,1,0.0780891,0.73070294,0.002592445,0.011935436,0.12858973,0.0015029606,0.0465873
data/raf_db/test/0/test_1863_aligned.jpg,0,3,0.05655875,0.16652994,0.051065654,0.54248226,0.02154694,0.056467813,0.10534866
data/raf_db/test/0/test_1867_aligned.jpg,0,0,0.6958529,0.072647095,0.11276866,0.00027847374,0.02497437,0.09250236,0.00097620033
data/raf_db/test/0/test_1868_aligned.jpg,0,0,0.8637461,0.08167729,0.018824223,0.014653773,0.0056932266,0.014130651,0.0012747401
data/raf_db/test/0/test_1879_aligned.jpg,0,2,0.41342783,0.013059084,0.46362376,0.0020460906,0.051721465,0.047985483,0.008136287
data/raf_db/test/0/test_1880_aligned.jpg,0,0,0.7296742,0.20455316,0.0024474938,0.042792473,0.015079909,0.0017470993,0.0037056422
data/raf_db/test/0/test_1886_aligned.jpg,0,0,0.5434866,0.07835876,0.039475497,0.029339265,0.009764634,0.19616996,0.103405334
data/raf_db/test/0/test_1901_aligned.jpg,0,0,0.7533214,0.016901994,0.065765165,0.07988866,0.029051924,0.020262718,0.0348081
data/raf_db/test/0/test_1911_aligned.jpg,0,4,0.11848678,0.35938737,0.0062664878,0.05203949,0.41331124,0.0015576001,0.04895098
data/raf_db/test/0/test_1914_aligned.jpg,0,3,0.057687998,0.09723527,0.028967995,0.50905585,0.16227397,0.02876588,0.11601305
data/raf_db/test/0/test_1939_aligned.jpg,0,2,0.1934999,0.025424844,0.63934684,0.029332798,0.011127159,0.09001871,0.011249709
data/raf_db/test/0/test_1944_aligned.jpg,0,0,0.26663178,0.13958693,0.25072172,0.053493336,0.13769336,0.13334961,0.018523186
data/raf_db/test/0/test_1946_aligned.jpg,0,0,0.9527347,0.031258207,0.007352722,0.0009969958,0.0070899334,0.0003109125,0.00025654354
data/raf_db/test/0/test_1948_aligned.jpg,0,0,0.8903226,0.061734777,0.0035813067,0.014926787,0.00040969995,0.020709861,0.008314983
data/raf_db/test/0/test_1957_aligned.jpg,0,2,0.13608372,0.025575278,0.3430101,0.20975271,0.14213698,0.10779008,0.035651144
data/raf_db/test/0/test_1964_aligned.jpg,0,0,0.8058744,0.10972851,0.02617182,0.007198431,0.04205219,0.008305985,0.0006686099
data/raf_db/test/0/test_1976_aligned.jpg,0,0,0.8029568,0.12366396,0.014980104,0.0074676718,0.045056444,0.004886383,0.0009886172
data/raf_db/test/0/test_1997_aligned.jpg,0,3,0.055518687,0.0141371945,0.116386734,0.4674995,0.13289928,0.13347153,0.08008712
data/raf_db/test/0/test_2000_aligned.jpg,0,5,0.09382125,0.018862583,0.22849202,0.017887212,0.0038524617,0.63328284,0.0038015
data/raf_db/test/0/test_2016_aligned.jpg,0,0,0.5589835,0.10925283,0.06607162,0.12097811,0.026677482,0.09831816,0.019718288
data/raf_db/test/0/test_2024_aligned.jpg,0,0,0.8774546,0.09191557,0.0029936896,0.007387619,0.019586138,0.00046091925,0.00020153113
data/raf_db/test/0/test_2056_aligned.jpg,0,6,0.027566552,0.1573649,0.037811548,0.02217748,0.2813328,0.114972115,0.35877454
data/raf_db/test/0/test_2057_aligned.jpg,0,4,0.011694491,0.3785163,0.0008580105,0.00092090777,0.41296792,0.00090940413,0.19413298
data/raf_db/test/0/test_2058_aligned.jpg,0,4,0.193826,0.06596113,0.22968431,0.06623372,0.2300596,0.20162778,0.012607388
data/raf_db/test/0/test_2062_aligned.jpg,0,0,0.80744225,0.12518133,0.02467716,0.016308479,0.0073610703,0.01429309,0.0047365786
data/raf_db/test/0/test_2073_aligned.jpg,0,0,0.42254454,0.098178774,0.02476644,0.29132298,0.12683417,0.01543484,0.020918224
data/raf_db/test/0/test_2075_aligned.jpg,0,2,0.27633125,0.028380128,0.3600356,0.05051414,0.2662148,0.010211851,0.008312234
data/raf_db/test/0/test_2099_aligned.jpg,0,0,0.82994455,0.06923939,0.038078863,0.021014558,0.01226413,0.024321526,0.00513695
data/raf_db/test/0/test_2101_aligned.jpg,0,0,0.9204222,0.037768453,0.022912875,0.014477257,0.0010521575,0.0021966952,0.001170321
data/raf_db/test/0/test_2109_aligned.jpg,0,5,0.07110198,0.034052182,0.061511178,0.005380864,0.03399525,0.756248,0.037710663
data/raf_db/test/0/test_2170_aligned.jpg,0,4,0.16785948,0.032821227,0.027877133,0.0057426,0.7543012,0.0049085347,0.006489804
data/raf_db/test/0/test_2172_aligned.jpg,0,0,0.43178907,0.14707132,0.05670242,0.27929464,0.06380551,0.018560722,0.0027762812
data/raf_db/test/0/test_2174_aligned.jpg,0,3,0.011825682,0.031216385,0.05001004,0.7151588,0.019087851,0.105863474,0.06683775
data/raf_db/test/0/test_2228_aligned.jpg,0,2,0.32055157,0.102569856,0.40242833,0.018263975,0.07974814,0.07172017,0.004717999
data/raf_db/test/1/test_0007_aligned.jpg,1,0,0.45201367,0.15808713,0.033994947,0.04333798,0.06125213,0.04735137,0.20396282
data/raf_db/test/1/test_0011_aligned.jpg,1,1,0.15189485,0.4738835,0.020508127,0.16810308,0.029941227,0.029153591,0.12651572
data/raf_db/test/1/test_0018_aligned.jpg,1,1,0.14692193,0.62054557,0.024982575,0.10832711,0.056648448,0.021679891,0.020894498
data/raf_db/test/1/test_0081_aligned.jpg,1,4,0.048014104,0.122949,0.13994648,0.0034489613,0.36084464,0.13876624,0.18603054
data/raf_db/test/1/test_0146_aligned.jpg,1,1,0.05625463,0.48289064,0.026336342,0.14794277,0.024575036,0.039501134,0.22249952
data/raf_db/test/1/test_0148_aligned.jpg,1,4,0.046091784,0.28484502,0.039035592,0.035020683,0.53353155,0.012631949,0.04884345
data/raf_db/test/1/test_0149_aligned.jpg,1,1,0.115368314,0.5702231,0.02658928,0.21978553,0.037773877,0.01212208,0.018137788
data/raf_db/test/1/test_0172_aligned.jpg,1,1,0.057066973,0.53600925,0.024859726,0.23526803,0.07521326,0.011614942,0.059967846
data/raf_db/test/1/test_0263_aligned.jpg,1,4,0.080621615,0.15442464,0.04511837,0.008685272,0.642247,0.01516217,0.05374091
data/raf_db/test/1/test_0280_aligned.jpg,1,1,0.17120981,0.4204682,0.06411859,0.03281644,0.03544982,0.25794345,0.017993761
data/raf_db/test/1/test_0281_aligned.jpg,1,6,0.03593191,0.15131445,0.032742586,0.0412059,0.12271786,0.16010782,0.45597947
data/raf_db/test/1/test_0283_aligned.jpg,1,4,0.03352149,0.11724388,0.025669118,0.06449526,0.66313595,0.012264143,0.083670184
data/raf_db/test/1/test_0343_aligned.jpg,1,5,0.03354446,0.08437736,0.14648275,0.017235331,0.16214767,0.29072866,0.26548383
data/raf_db/test/1/test_0357_aligned.jpg,1,1,0.12469464,0.6805742,0.009125163,0.005683553,0.12240467,0.024374442,0.033143356
data/raf_db/test/1/test_0420_aligned.jpg,1,1,0.041814342,0.44498232,0.0182118,0.012798086,0.13688628,0.044092108,0.30121508
data/raf_db/test/1/test_0432_aligned.jpg,1,3,0.012732701,0.038830705,0.023993785,0.884649,0.019770266,0.009851622,0.0101719005
data/raf_db/test/1/test_0639_aligned.jpg,1,6,0.026689192,0.24939388,0.033207145,0.1687428,0.0118716005,0.124793574,0.38530183
data/raf_db/test/1/test_0640_aligned.jpg,1,1,0.06814527,0.57430196,0.016913002,0.06649767,0.10089756,0.011634258,0.16161029
data/raf_db/test/1/test_0734_aligned.jpg,1,1,0.034166593,0.39400616,0.03497164,0.12587766,0.21344547,0.016861742,0.18067071
data/raf_db/test/1/test_0774_aligned.jpg,1,1,0.1561733,0.41510165,0.058525424,0.07373775,0.10322197,0.13292652,0.06031346
data/raf_db/test/1/test_0804_aligned.jpg,1,6,0.12549354,0.2808271,0.04222616,0.010608459,0.1312817,0.07549311,0.33406988
data/raf_db/test/1/test_0900_aligned.jpg,1,1,0.052140784,0.29664063,0.021128854,0.17911758,0.2231088,0.012555844,0.21530747
data/raf_db/test/1/test_0905_aligned.jpg,1,1,0.14565937,0.28496444,0.048544798,0.27821535,0.2172451,0.008501006,0.016869884
data/raf_db/test/1/test_0914_aligned.jpg,1,1,0.22848684,0.45883572,0.06946533,0.03691564,0.04466553,0.13079083,0.03084007
data/raf_db/test/1/test_0935_aligned.jpg,1,1,0.17543375,0.46261415,0.03139882,0.0383821,0.15156922,0.044720158,0.09588194
data/raf_db/test/1/test_0940_aligned.jpg,1,1,0.13029923,0.75015235,0.007549299,0.035512794,0.04130712,0.004952047,0.030227097
data/raf_db/test/1/test_0960_aligned.jpg,1,6,0.019021483,0.25632447,0.036284804,0.13133566,0.2413854,0.04422713,0.271421
data/raf_db/test/1/test_1003_aligned.jpg,1,6,0.024717318,0.21152021,0.0437041,0.2522042,0.12084169,0.04293019,0.3040823
data/raf_db/test/1/test_1006_aligned.jpg,1,1,0.1513273,0.30279893,0.027329428,0.017959427,0.2753376,0.016976655,0.20827065
data/raf_db/test/1/test_1018_aligned.jpg,1,3,0.029183641,0.07186337,0.04653065,0.68415767,0.06304592,0.040464226,0.06475446
data/raf_db/test/1/test_1027_aligned.jpg,1,2,0.0415666,0.030131074,0.5603349,0.064262845,0.23847096,0.050292216,0.014941349
data/raf_db/test/1/test_1035_aligned.jpg,1,5,0.19762692,0.20970424,0.24603778,0.03313282,0.049070075,0.24854581,0.015882384
data/raf_db/test/1/test_1039_aligned.jpg,1,4,0.031310346,0.18519332,0.040954728,0.051201656,0.5623374,0.018001921,0.1110006
data/raf_db/test/1/test_1041_aligned.jpg,1,4,0.091514245,0.3251216,0.015499543,0.12843522,0.38689068,0.0076053496,0.044933368
data/raf_db/test/1/test_1048_aligned.jpg,1,4,0.072807856,0.3025352,0.02973468,0.019229503,0.47730967,0.028634347,0.06974869
data/raf_db/test/1/test_1092_aligned.jpg,1,1,0.07432949,0.28072363,0.09650866,0.2561178,0.1331176,0.1103276,0.04887518
data/raf_db/test/1/test_1099_aligned.jpg,1,6,0.005720239,0.06940841,0.006914945,0.02205549,0.070727825,0.023460161,0.8017129
data/raf_db/test/1/test_1110_aligned.jpg,1,4,0.012244777,0.14538458,0.042479582,0.0011485151,0.585815,0.10972753,0.103199996
data/raf_db/test/1/test_1168_aligned.jpg,1,1,0.04339856,0.6849034,0.0018822731,0.0042551546,0.05929306,0.006363083,0.19990453
data/raf_db/test/1/test_1237_aligned.jpg,1,1,0.17833059,0.39556023,0.027302327,0.016507663,0.302087,0.01626175,0.06395045
data/raf_db/test/1/test_1238_aligned.jpg,1,1,0.07064463,0.5908209,0.02197846,0.03921945,0.19846003,0.024519308,0.05435722
data/raf_db/test/1/test_1270_aligned.jpg,1,5,0.057035405,0.14556162,0.05375857,0.09024517,0.04828108,0.4266654,0.17845275
data/raf_db/test/1/test_1304_aligned.jpg,1,3,0.08438754,0.25689864,0.06596886,0.40625536,0.08087288,0.0416301,0.06398659
data/raf_db/test/1/test_1389_aligned.jpg,1,3,0.14825161,0.26386046,0.018954057,0.51250374,0.0060065365,0.015479055,0.034944538
data/raf_db/test/1/test_1390_aligned.jpg,1,1,0.18369217,0.71548,0.00861528,0.005102435,0.04709689,0.027850918,0.012162221
data/raf_db/test/1/test_1511_aligned.jpg,1,4,0.0047609163,0.41830355,0.0017964598,0.0007963816,0.5399419,0.0005964441,0.033804365
data/raf_db/test/1/test_1533_aligned.jpg,1,1,0.05576467,0.55037886,0.021320235,0.025062907,0.13141283,0.031826377,0.18423401
data/raf_db/test/1/test_1555_aligned.jpg,1,6,0.032708127,0.2981352,0.008937177,0.09239951,0.17478746,0.006599184,0.38643324
data/raf_db/test/1/test_1599_aligned.jpg,1,1,0.06538729,0.70631343,0.00969329,0.0187729,0.113252416,0.009441496,0.077139094
data/raf_db/test/1/test_1624_aligned.jpg,1,1,0.092635415,0.7424594,0.0042330273,0.010250211,0.13948165,0.0019485067,0.008991838
data/raf_db/test/1/test_1627_aligned.jpg,1,3,0.003341627,0.04082251,0.01420184,0.78103346,0.15928884,0.00059540925,0.00071624335
data/raf_db/test/1/test_1653_aligned.jpg,1,1,0.053777844,0.7155221,0.011684344,0.022148894,0.16580155,0.0036716505,0.027393593
data/raf_db/test/1/test_1671_aligned.jpg,1,1,0.19304827,0.31274128,0.025660574,0.0035365943,0.06308259,0.24762933,0.15430139
data/raf_db/test/1/test_1680_aligned.jpg,1,1,0.094859436,0.39719757,0.04088732,0.19009791,0.14892806,0.020240534,0.107789114
data/raf_db/test/1/test_1779_aligned.jpg,1,0,0.6226033,0.29573134,0.010874062,0.009399478,0.05839061,0.0025762762,0.00042496988
data/raf_db/test/1/test_1813_aligned.jpg,1,3,0.026346695,0.066918775,0.054392897,0.40495646,0.09490493,0.09601414,0.25646606
data/raf_db/test/1/test_1852_aligned.jpg,1,6,0.0075246636,0.16008423,0.00469793,0.0039051257,0.16245477,0.010803488,0.65052974
data/raf_db/test/1/test_1866_aligned.jpg,1,4,0.024168093,0.26770583,0.010666956,0.010216915,0.5874107,0.008122018,0.0917095
data/raf_db/test/1/test_1884_aligned.jpg,1,4,0.020066211,0.1651318,0.010799916,0.0046061384,0.4184632,0.01285829,0.36807433
data/raf_db/test/1/test_1891_aligned.jpg,1,3,0.09526459,0.25502026,0.054722488,0.41351637,0.094464116,0.036565587,0.050446626
data/raf_db/test/1/test_1912_aligned.jpg,1,2,0.08017312,0.089795634,0.31730342,0.10653235,0.07647906,0.24623924,0.08347727
data/raf_db/test/1/test_1935_aligned.jpg,1,1,0.06990478,0.54924595,0.031801756,0.030844508,0.18872938,0.058190882,0.07128273
data/raf_db/test/1/test_1954_aligned.jpg,1,6,0.102411546,0.22428659,0.020103477,0.19134094,0.012485325,0.094854884,0.35451725
data/raf_db/test/1/test_1955_aligned.jpg,1,4,0.10164644,0.25560647,0.028538303,0.014796349,0.5499738,0.0031203942,0.046318248
data/raf_db/test/1/test_1958_aligned.jpg,1,1,0.02562996,0.2904489,0.065726005,0.010953782,0.21386552,0.17101856,0.22235723
data/raf_db/test/1/test_1963_aligned.jpg,1,1,0.37661755,0.40782008,0.030498527,0.008960489,0.08118307,0.07124797,0.023672335
data/raf_db/test/1/test_1988_aligned.jpg,1,3,0.012087533,0.04109533,0.011696641,0.6207423,0.3101587,0.0024348572,0.0017846171
data/raf_db/test/1/test_1990_aligned.jpg,1,4,0.007366937,0.054423317,0.016300151,0.001010413,0.8279529,0.004601353,0.08834486
data/raf_db/test/1/test_1993_aligned.jpg,1,6,0.02539568,0.1358658,0.016219493,0.0136492895,0.09251993,0.21673152,0.49961823
data/raf_db/test/1/test_2034_aligned.jpg,1,1,0.025679417,0.3523786,0.01362647,0.34015054,0.05570709,0.005731212,0.20672667
data/raf_db/test/1/test_2037_aligned.jpg,1,4,0.26406643,0.23927635,0.012634556,0.004125074,0.46995398,0.0054083066,0.0045353402
data/raf_db/test/1/test_2154_aligned.jpg,1,0,0.37237376,0.26440337,0.06925812,0.03219129,0.23185724,0.015511608,0.014404613
data/raf_db/test/1/test_2159_aligned.jpg,1,6,0.027512535,0.08706283,0.026403138,0.038257767,0.016303258,0.24420068,0.5602597
data/raf_db/test/1/test_2213_aligned.jpg,1,6,0.006845866,0.106569625,0.0027120153,0.09674468,0.0052987146,0.0069252024,0.7749039
data/raf_db/test/1/test_2214_aligned.jpg,1,1,0.21237715,0.26089954,0.1587306,0.016297959,0.15077166,0.17396705,0.026956016
data/raf_db/test/1/test_2304_aligned.jpg,1,1,0.11472895,0.4670403,0.028663365,0.007114783,0.048639074,0.10475434,0.22905913
data/raf_db/test/1/test_2305_aligned.jpg,1,1,0.2605272,0.42540258,0.049995262,0.006151221,0.21859546,0.018729025,0.02059926
data/raf_db/test/1/test_2306_aligned.jpg,1,1,0.07744717,0.47602993,0.04599234,0.12625799,0.1327517,0.03165161,0.10986923
data/raf_db/test/1/test_2307_aligned.jpg,1,3,0.021788087,0.1448074,0.060682096,0.42372403,0.12644179,0.09804745,0.124509126
data/raf_db/test/1/test_2308_aligned.jpg,1,6,0.012049696,0.21120039,0.0027225458,0.003709326,0.051510263,0.008721669,0.71008617
data/raf_db/test/1/test_2309_aligned.jpg,1,6,0.05694934,0.25379297,0.04818013,0.10329766,0.21442372,0.056147575,0.26720864
data/raf_db/test/1/test_2310_aligned.jpg,1,3,0.06692311,0.12424802,0.017556388,0.47205356,0.2236264,0.012324912,0.083267555
data/raf_db/test/1/test_2311_aligned.jpg,1,3,0.038213186,0.11368433,0.023813505,0.7319536,0.019024871,0.024930712,0.048379835
data/raf_db/test/1/test_2312_aligned.jpg,1,1,0.031959023,0.8238047,0.0017960425,0.003591823,0.09232036,0.0015071754,0.045020748
data/raf_db/test/1/test_2313_aligned.jpg,1,3,0.11108015,0.07999054,0.044119988,0.4814912,0.022483576,0.09894832,0.16188619
data/raf_db/test/1/test_2314_aligned.jpg,1,1,0.030805286,0.7753181,0.0025076622,0.002258416,0.11076339,0.0040113106,0.0743359
data/raf_db/test/1/test_2315_aligned.jpg,1,1,0.17387758,0.631424,0.013719865,0.025090108,0.13357963,0.012162355,0.010146475
data/raf_db/test/1/test_2316_aligned.jpg,1,4,0.0028997874,0.0070710853,0.04357145,0.019231029,0.7781169,0.10854945,0.04056031
data/raf_db/test/1/test_2317_aligned.jpg,1,6,0.12220652,0.33646804,0.016253242,0.089392595,0.01666722,0.0629976,0.35601482
data/raf_db/test/1/test_2318_aligned.jpg,1,4,0.06637303,0.098363586,0.028951189,0.28744027,0.4708898,0.025594622,0.022387538
data/raf_db/test/1/test_2319_aligned.jpg,1,1,0.07345616,0.3579157,0.062009834,0.11148396,0.04731766,0.14463551,0.20318112
data/raf_db/test/1/test_2320_aligned.jpg,1,1,0.04173503,0.42597067,0.028387954,0.19915827,0.11867976,0.017988745,0.16807963
data/raf_db/test/1/test_2321_aligned.jpg,1,1,0.113996,0.41980377,0.026429053,0.028383628,0.09361974,0.06924685,0.24852093
data/raf_db/test/1/test_2322_aligned.jpg,1,1,0.036898293,0.29832375,0.08644159,0.019742414,0.25955495,0.17451581,0.12452311
data/raf_db/test/1/test_2323_aligned.jpg,1,1,0.10173005,0.55076474,0.013299519,0.08243436,0.15326825,0.008141328,0.09036177
data/raf_db/test/1/test_2324_aligned.jpg,1,3,0.061942987,0.31818599,0.02451929,0.525629,0.025948875,0.015531167,0.028242651
data/raf_db/test/1/test_2325_aligned.jpg,1,1,0.2475022,0.37247872,0.058152255,0.0024516764,0.27965394,0.015590403,0.024170887
data/raf_db/test/1/test_2326_aligned.jpg,1,4,0.06418324,0.15513717,0.015609664,0.104785964,0.41854498,0.016721128,0.2250179
data/raf_db/test/1/test_2327_aligned.jpg,1,3,0.020466177,0.030323055,0.035177078,0.65468025,0.24090473,0.0033567594,0.015091936
data/raf_db/test/1/test_2328_aligned.jpg,1,4,0.015810726,0.18030304,0.0033603262,0.0033350377,0.7731209,0.0014628469,0.0226072
data/raf_db/test/1/test_2329_aligned.jpg,1,3,0.022477144,0.06966213,0.009694174,0.7746218,0.020842096,0.009253271,0.09344934
data/raf_db/test/1/test_2330_aligned.jpg,1,3,0.04617487,0.16196182,0.04334595,0.3629091,0.33981273,0.024542116,0.021253416
data/raf_db/test/1/test_2331_aligned.jpg,1,1,0.051586047,0.7016819,0.009815262,0.008387923,0.051541716,0.024545118,0.15244208
data/raf_db/test/1/test_2332_aligned.jpg,1,1,0.07719953,0.479767,0.0063318224,0.021235542,0.045565736,0.015183865,0.35471642
data/raf_db/test/1/test_2333_aligned.jpg,1,6,0.04951892,0.13970222,0.009636477,0.10917474,0.009337014,0.029254492,0.65337616
data/raf_db/test/1/test_2334_aligned.jpg,1,1,0.05568676,0.3856351,0.019914323,0.1985649,0.2784578,0.008338294,0.053402804
data/raf_db/test/1/test_2335_aligned.jpg,1,1,0.046315413,0.49233064,0.01877999,0.18360858,0.1684025,0.0074806954,0.08308228
data/raf_db/test/1/test_2336_aligned.jpg,1,3,0.051834043,0.12044928,0.047212705,0.61593944,0.04189125,0.045015242,0.07765801
data/raf_db/test/1/test_2337_aligned.jpg,1,3,0.052867234,0.042022068,0.15411688,0.40200356,0.28050947,0.035191517,0.033289224
data/raf_db/test/1/test_2338_aligned.jpg,1,3,0.024517702,0.03854704,0.051462326,0.74122214,0.009662114,0.10759155,0.02699714
data/raf_db/test/1/test_2339_aligned.jpg,1,4,0.01964583,0.13505934,0.06515138,0.028647093,0.6119232,0.087417655,0.052155584
data/raf_db/test/1/test_2340_aligned.jpg,1,3,0.01672789,0.10218959,0.028688315,0.78067416,0.058527548,0.0044617853,0.008730625
data/raf_db/test/1/test_2341_aligned.jpg,1,1,0.06522199,0.5747619,0.016229056,0.12289775,0.081863984,0.008828818,0.13019642
data/raf_db/test/1/test_2342_aligned.jpg,1,1,0.10571633,0.4580879,0.036367994,0.08537299,0.15022874,0.05181231,0.112413734
data/raf_db/test/1/test_2343_aligned.jpg,1,1,0.04086274,0.47467276,0.01502561,0.0047099655,0.04882402,0.14708078,0.26882413
data/raf_db/test/1/test_2344_aligned.jpg,1,4,0.018678082,0.18122926,0.018953638,0.029041687,0.7322792,0.006238344,0.013579869
data/raf_db/test/1/test_2345_aligned.jpg,1,1,0.16870818,0.3804229,0.07154069,0.08918313,0.13724692,0.058669306,0.094228856
data/raf_db/test/1/test_2346_aligned.jpg,1,1,0.1726699,0.25476468,0.09510579,0.14103898,0.09287874,0.088101916,0.15544003
data/raf_db/test/1/test_2347_aligned.jpg,1,1,0.3180187,0.36335993,0.027963098,0.18539134,0.028163614,0.037730273,0.039373066
data/raf_db/test/1/test_2348_aligned.jpg,1,3,0.03602153,0.113322206,0.07892705,0.30449066,0.07979306,0.13492157,0.25252396
data/raf_db/test/1/test_2349_aligned.jpg,1,4,0.04459437,0.27389148,0.010668261,0.005332775,0.65193504,0.008223762,0.0053543416
data/raf_db/test/1/test_2350_aligned.jpg,1,1,0.023130726,0.49377534,0.0050549116,0.005555018,0.42341956,0.0024517097,0.046612725
data/raf_db/test/1/test_2351_aligned.jpg,1,5,0.010178116,0.027272047,0.046639204,0.028306538,0.0023141238,0.8392595,0.046030484
data/raf_db/test/1/test_2352_aligned.jpg,1,1,0.18822578,0.36977193,0.039042685,0.088068895,0.1319534,0.0712707,0.11166669
data/raf_db/test/1/test_2353_aligned.jpg,1,1,0.038493272,0.48519623,0.02387615,0.081530176,0.10059656,0.028641345,0.24166639
data/raf_db/test/1/test_2354_aligned.jpg,1,1,0.1370935,0.34712404,0.08236115,0.019033121,0.09119633,0.23572332,0.0874685
data/raf_db/test/1/test_2355_aligned.jpg,1,4,0.010065773,0.009789793,0.011479775,0.34947813,0.6133694,0.00371953,0.002097593
data/raf_db/test/1/test_2356_aligned.jpg,1,0,0.61237234,0.26508173,0.010867925,0.0104337605,0.019337548,0.047831018,0.03407573
data/raf_db/test/1/test_2357_aligned.jpg,1,4,0.009719722,0.08512171,0.003584629,0.015051947,0.46820912,0.0037645365,0.4145484
data/raf_db/test/1/test_2358_aligned.jpg,1,1,0.097698666,0.33618227,0.06599635,0.017266357,0.20641147,0.25723147,0.019213505
data/raf_db/test/1/test_2359_aligned.jpg,1,3,0.0098939445,0.024116214,0.04930928,0.8212316,0.05483149,0.03673741,0.0038801613
data/raf_db/test/1/test_2360_aligned.jpg,1,5,0.31229538,0.08509289,0.19964235,0.026237195,0.016589163,0.35203475,0.008108285
data/raf_db/test/1/test_2361_aligned.jpg,1,4,0.21817474,0.18930584,0.043794625,0.009059201,0.49027693,0.011561408,0.037827216
data/raf_db/test/1/test_2362_aligned.jpg,1,3,0.04838909,0.26501647,0.024475561,0.35396314,0.29288024,0.005442128,0.0098333685
data/raf_db/test/1/test_2363_aligned.jpg,1,4,0.030049974,0.16307797,0.09434562,0.022024147,0.30823436,0.30019984,0.08206812
data/raf_db/test/1/test_2364_aligned.jpg,1,1,0.04273942,0.31139937,0.04010873,0.036579363,0.21763393,0.055425033,0.2961142
data/raf_db/test/1/test_2365_aligned.jpg,1,1,0.15130983,0.6771178,0.009991841,0.01665062,0.10119082,0.015024407,0.028714702
data/raf_db/test/1/test_2366_aligned.jpg,1,0,0.914238,0.041008033,0.017990274,0.019471748,0.004820416,0.002064862,0.00040673444
data/raf_db/test/1/test_2367_aligned.jpg,1,1,0.03400272,0.8241366,0.002399738,0.015261497,0.0856531,0.000753223,0.037793092
data/raf_db/test/1/test_2368_aligned.jpg,1,5,0.03063645,0.17064562,0.14318256,0.037894975,0.22499205,0.2609649,0.13168333
data/raf_db/test/1/test_2369_aligned.jpg,1,6,0.010735901,0.26113918,0.0077873827,0.012379161,0.34632927,0.01079809,0.350831
data/raf_db/test/1/test_2370_aligned.jpg,1,6,0.041498907,0.030182375,0.022972481,0.15387008,0.053795688,0.22868477,0.4689957
data/raf_db/test/1/test_2371_aligned.jpg,1,1,0.024535395,0.41238213,0.01575949,0.0036132876,0.3535609,0.06744323,0.12270554
data/raf_db/test/1/test_2372_aligned.jpg,1,4,0.014304522,0.096683025,0.02402665,0.3413279,0.5069533,0.0050968206,0.011607692
data/raf_db/test/1/test_2373_aligned.jpg,1,6,0.016887313,0.18552344,0.034317054,0.2418567,0.20142235,0.037991073,0.28200212
data/raf_db/test/1/test_2374_aligned.jpg,1,1,0.2312418,0.30446675,0.081255324,0.06774507,0.22913016,0.033677608,0.052483227
data/raf_db/test/1/test_2375_aligned.jpg,1,1,0.047839098,0.5218427,0.0060430295,0.013093726,0.0898228,0.010954589,0.31040397
data/raf_db/test/1/test_2376_aligned.jpg,1,1,0.10308294,0.6342645,0.015962569,0.023988357,0.067094415,0.02943907,0.1261682
data/raf_db/test/1/test_2377_aligned.jpg,1,1,0.07477513,0.57191026,0.015342231,0.032910213,0.17230557,0.012841011,0.11991563
data/raf_db/test/1/test_2378_aligned.jpg,1,1,0.057379648,0.53878444,0.0145670455,0.017202834,0.117281176,0.022418559,0.23236634
data/raf_db/test/1/test_2379_aligned.jpg,1,3,0.052030552,0.21253769,0.17419696,0.31648594,0.072127745,0.12270006,0.04992099
data/raf_db/test/1/test_2380_aligned.jpg,1,5,0.07718425,0.22973555,0.094033964,0.07788052,0.05926493,0.35767838,0.10422243
data/raf_db/test/1/test_2381_aligned.jpg,1,5,0.02904969,0.09222451,0.12215609,0.33105725,0.049929734,0.33218673,0.04339597
data/raf_db/test/1/test_2382_aligned.jpg,1,1,0.1934204,0.37262225,0.02773012,0.009496576,0.0808956,0.12574306,0.190092
data/raf_db/test/1/test_2383_aligned.jpg,1,1,0.03553416,0.64283437,0.0073031317,0.0049551725,0.19596893,0.009560025,0.10384421
data/raf_db/test/1/test_2384_aligned.jpg,1,0,0.6401029,0.23602274,0.07104157,0.003907188,0.03714972,0.009025082,0.0027507585
data/raf_db/test/1/test_2385_aligned.jpg,1,4,0.070294395,0.3165463,0.038116146,0.0060790107,0.39875033,0.024208473,0.14600536
data/raf_db/test/1/test_2386_aligned.jpg,1,3,0.007514731,0.084220365,0.007963272,0.70546174,0.015888428,0.0056735086,0.17327794
data/raf_db/test/1/test_2387_aligned.jpg,1,1,0.027271619,0.3356455,0.057053857,0.15695173,0.1936942,0.055171125,0.17421192
data/raf_db/test/1/test_2388_aligned.jpg,1,1,0.095150515,0.72074497,0.012700776,0.09644564,0.033530414,0.006405965,0.03502176
data/raf_db/test/2/test_0274_aligned.jpg,2,4,0.007616371,0.047100127,0.007285555,0.022462029,0.90768826,0.004582735,0.0032650298
data/raf_db/test/2/test_0377_aligned.jpg,2,5,0.1576638,0.06784658,0.15622829,0.009681588,0.23199798,0.23388056,0.14270115
data/raf_db/test/2/test_0623_aligned.jpg,2,2,0.082828745,0.001180117,0.89313465,0.00012208379,0.00096587365,0.021542318,0.00022627089
data/raf_db/test/2/test_0859_aligned.jpg,2,5,0.06074022,0.11617898,0.22854622,0.1529248,0.024795316,0.34573847,0.07107603
data/raf_db/test/2/test_1477_aligned.jpg,2,1,0.09862164,0.37980425,0.09026108,0.18839459,0.090953514,0.1351326,0.016832417
data/raf_db/test/2/test_1569_aligned.jpg,2,3,0.052642837,0.21237884,0.027281485,0.42199844,0.03556896,0.03149906,0.2186304
data/raf_db/test/2/test_1788_aligned.jpg,2,2,0.0042951345,0.00011829177,0.9826533,0.00015207603,0.00013360144,0.012619703,2.7942548e-05
data/raf_db/test/2/test_1792_aligned.jpg,2,2,0.03324331,0.0099899415,0.6777778,0.017714959,0.2527389,0.0066971127,0.0018379746
data/raf_db/test/2/test_2238_aligned.jpg,2,3,0.018600972,0.017662987,0.1266995,0.38283682,0.05532021,0.3293282,0.06955124
data/raf_db/test/2/test_2239_aligned.jpg,2,5,0.23077793,0.08626866,0.14010428,0.09387955,0.08997728,0.27994075,0.079051584
data/raf_db/test/2/test_2240_aligned.jpg,2,3,0.041237302,0.061809912,0.043749027,0.80021125,0.024671251,0.023123583,0.0051977336
data/raf_db/test/2/test_2241_aligned.jpg,2,3,0.0060073403,0.0129411975,0.05870075,0.5748583,0.12765688,0.18342905,0.036406424
data/raf_db/test/2/test_2242_aligned.jpg,2,5,0.000107775486,0.00075903034,0.018031647,9.516197e-05,0.00093637814,0.979652,0.0004180396
data/raf_db/test/2/test_2243_aligned.jpg,2,5,0.054887116,0.053808216,0.03386171,0.16428585,0.038321324,0.3940029,0.26083288
data/raf_db/test/2/test_2244_aligned.jpg,2,2,0.054275125,0.0019569928,0.83752245,0.0011147312,0.002840825,0.10152034,0.00076956186
data/raf_db/test/2/test_2245_aligned.jpg,2,0,0.31816962,0.2595051,0.1601225,0.0551685,0.024510637,0.14517139,0.0373522
data/raf_db/test/2/test_2246_aligned.jpg,2,2,0.015445778,0.0014983999,0.53062636,0.00072189164,0.00041190162,0.45092443,0.00037124124
data/raf_db/test/2/test_2247_aligned.jpg,2,4,0.01441814,0.06825422,0.05915634,0.0046020546,0.5849782,0.25058687,0.018004198
data/raf_db/test/2/test_2248_aligned.jpg,2,3,0.106069386,0.23738532,0.062334664,0.41557726,0.0934812,0.05491156,0.030240616
data/raf_db/test/2/test_2249_aligned.jpg,2,2,0.01244685,0.0005321718,0.9439595,0.00053731765,0.0008181353,0.041248456,0.00045760893
data/raf_db/test/2/test_2250_aligned.jpg,2,5,0.18845049,0.121154286,0.19233915,0.019552708,0.016861403,0.4516604,0.009981653
data/raf_db/test/2/test_2251_aligned.jpg,2,3,0.040254448,0.19427228,0.05205112,0.57010686,0.014621884,0.051110163,0.07758333
data/raf_db/test/2/test_2252_aligned.jpg,2,5,0.0057688663,0.010398015,0.029448906,0.00045605114,0.009100695,0.94035226,0.004475122
data/raf_db/test/2/test_2253_aligned.jpg,2,4,0.006205461,0.005162789,0.070582084,0.284357,0.48913133,0.13210747,0.012453904
data/raf_db/test/2/test_2254_aligned.jpg,2,1,0.039754234,0.45860404,0.019576887,0.043045897,0.08425121,0.03765467,0.31711307
data/raf_db/test/2/test_2255_aligned.jpg,2,5,0.00055340125,0.0030539285,0.019700494,0.00013680525,0.011181246,0.96447676,0.0008972828
data/raf_db/test/2/test_2256_aligned.jpg,2,5,2.7031845e-05,3.207042e-05,0.20427072,5.378824e-06,5.7262776e-05,0.795599,8.516628e-06
data/raf_db/test/2/test_2257_aligned.jpg,2,5,0.01762416,0.037217267,0.18673244,0.28684402,0.037059225,0.41807193,0.016450876
data/raf_db/test/2/test_2258_aligned.jpg,2,3,0.0032144256,0.0034628985,0.033392575,0.8484551,0.062522806,0.04758115,0.0013711416
data/raf_db/test/2/test_2259_aligned.jpg,2,5,0.01366127,0.0024041634,0.4569797,0.008876529,0.007365817,0.50923914,0.0014733727
data/raf_db/test/2/test_2260_aligned.jpg,2,6,0.103875354,0.035779767,0.0042952006,0.11297617,0.10920843,0.006122687,0.62774235
data/raf_db/test/2/test_2261_aligned.jpg,2,5,0.0024149648,0.00037344146,0.48730928,0.00053364394,0.0005696584,0.5087081,9.088841e-05
data/raf_db/test/2/test_2262_aligned.jpg,2,3,0.11492367,0.11593619,0.23411067,0.2845976,0.019534707,0.22121885,0.009678284
data/raf_db/test/2/test_2263_aligned.jpg,2,5,0.0072197607,0.028095238,0.20971575,0.20602097,0.009025494,0.52842516,0.011497554
data/raf_db/test/2/test_2264_aligned.jpg,2,5,0.002668178,0.0076017184,0.17839283,0.027389416,0.002383991,0.7788102,0.0027537153
data/raf_db/test/2/test_2265_aligned.jpg,2,5,0.015845189,0.0033863345,0.1633782,0.0007015738,0.0055897012,0.80821574,0.0028832802
data/raf_db/test/2/test_2266_aligned.jpg,2,5,0.009939012,0.009192671,0.29796723,0.0012367608,0.04070035,0.6379801,0.002983914
data/raf_db/test/2/test_2267_aligned.jpg,2,2,0.005555517,0.0008589831,0.95380247,0.0029411418,0.0014282771,0.035155423,0.00025826597
data/raf_db/test/2/test_2268_aligned.jpg,2,2,0.03920037,0.011732809,0.67079264,0.0010684168,0.021657903,0.24526434,0.0102835195
data/raf_db/test/2/test_2269_aligned.jpg,2,5,0.025072249,0.14626777,0.14344451,0.036565535,0.11662661,0.3337142,0.19830915
data/raf_db/test/2/test_2270_aligned.jpg,2,3,0.0028972647,0.007141211,0.029209588,0.59003216,0.35301128,0.010445193,0.0072633354
data/raf_db/test/2/test_2271_aligned.jpg,2,2,0.026684467,0.002343519,0.82869756,0.09152673,0.028428756,0.021162068,0.0011569335
data/raf_db/test/2/test_2272_aligned.jpg,2,2,0.1310654,0.0010808151,0.85858834,0.00013272115,0.0027092781,0.0063788556,4.4482393e-05
data/raf_db/test/2/test_2273_aligned.jpg,2,0,0.8111011,0.011859244,0.15134026,0.00483748,0.019245552,0.0013384604,0.00027796472
data/raf_db/test/2/test_2274_aligned.jpg,2,2,0.002031764,0.000121537174,0.96925247,0.00014470218,0.0006993231,0.027719626,3.0670737e-05
data/raf_db/test/2/test_2275_aligned.jpg,2,2,0.006397082,0.0018061884,0.9053177,0.014008943,0.0078734765,0.06340251,0.0011940436
data/raf_db/test/2/test_2276_aligned.jpg,2,1,0.2159579,0.2920913,0.15824208,0.017965727,0.17584056,0.027648302,0.11225418
data/raf_db/test/2/test_2277_aligned.jpg,2,2,0.031033253,0.0226817,0.4229441,0.22143,0.20913297,0.06623576,0.026542183
data/raf_db/test/2/test_2278_aligned.jpg,2,2,0.007938071,0.0006203656,0.97034943,0.002318819,0.001925349,0.016789062,5.8914975e-05
data/raf_db/test/2/test_2279_aligned.jpg,2,2,0.013163875,0.00047727005,0.97551435,0.0011856761,0.0006859154,0.008796659,0.0001762262
data/raf_db/test/2/test_2280_aligned.jpg,2,2,0.13330065,0.062639765,0.3837666,0.012287489,0.07325977,0.31399348,0.02075233
data/raf_db/test/2/test_2281_aligned.jpg,2,2,0.06436273,0.15495017,0.32740936,0.08564093,0.18581903,0.0771746,0.10464318
data/raf_db/test/2/test_2282_aligned.jpg,2,2,0.03466457,0.0021804343,0.90519035,0.04264822,0.0072567724,0.0077066827,0.00035288912
data/raf_db/test/2/test_2283_aligned.jpg,2,2,0.23704776,0.0069671334,0.6064825,0.12188887,0.0071980585,0.018473674,0.0019419714
data/raf_db/test/2/test_2284_aligned.jpg,2,2,0.023560321,0.0014127957,0.9453595,0.0105411885,0.011844377,0.005960258,0.0013214119
data/raf_db/test/2/test_2285_aligned.jpg,2,2,0.022137681,0.00067696476,0.9641882,0.006974568,0.001634098,0.0042610555,0.00012741031
data/raf_db/test/2/test_2286_aligned.jpg,2,2,0.00481941,0.0014469797,0.93382925,0.004024643,0.007704051,0.04782928,0.00034642714
data/raf_db/test/2/test_2287_aligned.jpg,2,2,0.0021538602,3.18868e-05,0.99346006,0.00012107027,3.9661634e-05,0.004188433,4.990219e-06
data/raf_db/test/2/test_2288_aligned.jpg,2,2,0.028698226,0.0021041792,0.9460472,0.00024290905,0.0056662746,0.017024076,0.00021722415
data/raf_db/test/2/test_2289_aligned.jpg,2,2,0.004349365,0.00027012246,0.9838897,0.00053940836,0.0002180522,0.010676381,5.698597e-05
data/raf_db/test/2/test_2290_aligned.jpg,2,2,0.012057516,6.471643e-05,0.9865283,0.00013477055,0.000118131546,0.0010925164,4.0323516e-06
data/raf_db/test/2/test_2291_aligned.jpg,2,2,0.0059245857,0.0003396041,0.9817853,0.00056738657,0.00079924683,0.010542676,4.1237352e-05
data/raf_db/test/2/test_2292_aligned.jpg,2,2,0.046691786,0.0015359838,0.90353465,0.0022680333,0.0011968925,0.044450488,0.00032225967
data/raf_db/test/2/test_2293_aligned.jpg,2,2,0.006599081,0.002511069,0.51126975,0.012185398,0.42816308,0.034700807,0.0045708143
data/raf_db/test/2/test_2294_aligned.jpg,2,2,0.056657616,0.0014171619,0.91526604,0.00060818606,0.0032722512,0.022658074,0.00012073587
data/raf_db/test/2/test_2295_aligned.jpg,2,5,0.0019528908,0.0038827485,0.08631143,0.009543106,0.0016415907,0.8959355,0.0007327564
data/raf_db/test/2/test_2296_aligned.jpg,2,3,0.009014858,0.0041895485,0.009682559,0.9585474,0.015964778,0.0024053426,0.00019546048
data/raf_db/test/2/test_2297_aligned.jpg,2,5,0.003901392,0.017514301,0.101063386,0.0036458224,0.0080139935,0.85377616,0.012084854
data/raf_db/test/2/test_2298_aligned.jpg,2,2,0.33485636,0.010203411,0.55561274,0.027013617,0.00322952,0.06901467,6.9666254e-05
data/raf_db/test/2/test_2299_aligned.jpg,2,5,0.077953696,0.0060399985,0.3188662,0.0004312702,0.0009289442,0.5956824,9.7389704e-05
data/raf_db/test/2/test_2300_aligned.jpg,2,1,0.20822106,0.33184198,0.05913155,0.038373366,0.22056755,0.11856141,0.023303064
data/raf_db/test/2/test_2301_aligned.jpg,2,2,0.00022446204,2.2868032e-06,0.9870394,1.0624948e-05,4.2726697e-06,0.012718655,3.043406e-07
data/raf_db/test/2/test_2302_aligned.jpg,2,5,0.032526806,0.04437251,0.024696123,0.0046472372,0.0779707,0.5499853,0.26580128
data/raf_db/test/2/test_2303_aligned.jpg,2,5,0.010556148,0.006939718,0.1848343,0.002717499,0.0012573032,0.7917716,0.0019235067
data/raf_db/test/3/test_0003_aligned.jpg,3,4,0.010784147,0.15145388,0.009893919,0.05460482,0.57714105,0.0066369763,0.18948527
data/raf_db/test/3/test_0009_aligned.jpg,3,3,0.00019590295,0.00036534172,0.0010179145,0.9978186,0.00023622744,0.0002813681,8.4765124e-05
data/raf_db/test/3/test_0010_aligned.jpg,3,3,0.0007882526,0.0009475247,0.0031467893,0.98777664,0.0063108606,0.00094269356,8.7234344e-05
data/raf_db/test/3/test_0012_aligned.jpg,3,3,0.0032440345,0.003308276,0.004884987,0.9834683,0.0036452375,0.0008775397,0.00057172077
data/raf_db/test/3/test_0013_aligned.jpg,3,3,0.005808067,0.0046616867,0.0024807958,0.9780306,0.0050734817,0.000684906,0.0032604486
data/raf_db/test/3/test_0014_aligned.jpg,3,3,0.0005838813,0.0025371984,0.0022040356,0.99149126,0.0022779594,0.0004862409,0.0004194276
data/raf_db/test/3/test_0016_aligned.jpg,3,3,0.010082713,0.02451598,0.02325754,0.63769907,0.118479595,0.0664811,0.11948398
data/raf_db/test/3/test_0019_aligned.jpg,3,3,0.00019494546,0.00028051325,0.0005973537,0.9983816,8.0978265e-05,0.000251663,0.00021291067
data/raf_db/test/3/test_0020_aligned.jpg,3,3,0.013325159,0.019758444,0.016234403,0.8049783,0.047333587,0.027658328,0.07071179
data/raf_db/test/3/test_0021_aligned.jpg,3,3,0.00089128915,0.0059484164,0.0052274554,0.97301346,0.0071098846,0.0024942646,0.005315288
data/raf_db/test/3/test_0025_aligned.jpg,3,3,0.06051555,0.057306334,0.017556688,0.6824566,0.13686822,0.009937775,0.03535883
data/raf_db/test/3/test_0026_aligned.jpg,3,3,0.00022581419,0.00038700714,0.0005061888,0.99827313,0.00030906024,0.00018526724,0.00011353351
data/raf_db/test/3/test_0028_aligned.jpg,3,4,0.039093334,0.12042638,0.025635976,0.06178135,0.5967353,0.046355043,0.10997257
data/raf_db/test/3/test_0029_aligned.jpg,3,3,0.005659748,0.012074658,0.015425655,0.9030841,0.016031962,0.016276991,0.03144689
data/raf_db/test/3/test_0032_aligned.jpg,3,3,0.01285931,0.030019056,0.004511871,0.9478887,0.002598373,0.001022444,0.0011002524
data/raf_db/test/3/test_0033_aligned.jpg,3,3,0.03140651,0.10992046,0.021611467,0.7959564,0.018711627,0.006993516,0.015400101
data/raf_db/test/3/test_0038_aligned.jpg,3,3,0.00026603712,0.001308993,0.007491405,0.97563744,0.000328938,0.014283518,0.0006836658
data/raf_db/test/3/test_0040_aligned.jpg,3,3,0.025090331,0.0074867005,0.039819494,0.88166827,0.014423398,0.026186947,0.0053248457
data/raf_db/test/3/test_0041_aligned.jpg,3,3,0.003876384,0.012042597,0.0070118485,0.9585469,0.013395966,0.0013972933,0.0037290147
data/raf_db/test/3/test_0044_aligned.jpg,3,0,0.42216617,0.21194308,0.012188907,0.25399688,0.03489426,0.0140967,0.050714042
data/raf_db/test/3/test_0046_aligned.jpg,3,3,0.0011280093,0.003356485,0.0015522767,0.9928173,0.00034474433,0.0003584208,0.00044271725
data/raf_db/test/3/test_0047_aligned.jpg,3,3,0.00057462906,0.0018718248,0.0020266292,0.9921639,0.0023495103,0.0006392779,0.0003742359
data/raf_db/test/3/test_0048_aligned.jpg,3,3,0.002212202,0.0072799264,0.002054077,0.9852996,0.0026500179,0.00021981639,0.0002844329
data/raf_db/test/3/test_0050_aligned.jpg,3,3,0.013166356,0.036819525,0.014233091,0.84335226,0.037716776,0.009312118,0.045399893
data/raf_db/test/3/test_0051_aligned.jpg,3,3,0.049216278,0.07001361,0.029476758,0.4386873,0.39570844,0.0097246235,0.0071730614
data/raf_db/test/3/test_0052_aligned.jpg,3,3,0.006734679,0.13059053,0.009659582,0.40826437,0.05319452,0.006926258,0.38463005
data/raf_db/test/3/test_0053_aligned.jpg,3,3,0.0063851643,0.015437379,0.009023859,0.9489569,0.006525793,0.00557151,0.008099441
data/raf_db/test/3/test_0054_aligned.jpg,3,6,0.020756217,0.026816696,0.025343321,0.058768746,0.29573634,0.076087736,0.49649101
data/raf_db/test/3/test_0055_aligned.jpg,3,3,0.0054734335,0.026651291,0.006403707,0.92665017,0.013333375,0.0023152956,0.01917276
data/raf_db/test/3/test_0056_aligned.jpg,3,5,0.030482085,0.068809174,0.16203922,0.012127118,0.094297945,0.39025652,0.24198787
data/raf_db/test/3/test_0058_aligned.jpg,3,3,0.0058891387,0.019109664,0.06045497,0.8070629,0.0135552725,0.06884213,0.025085898
data/raf_db/test/3/test_0060_aligned.jpg,3,3,0.032380085,0.08960382,0.15036625,0.37431416,0.16546586,0.1656501,0.02221972
data/raf_db/test/3/test_0061_aligned.jpg,3,3,0.0035494117,0.0074481573,0.011479181,0.9528823,0.018542757,0.0044756774,0.0016224391
data/raf_db/test/3/test_0063_aligned.jpg,3,6,0.0019951041,0.0067605632,0.001908885,0.18266805,0.17150754,0.0052389214,0.62992096
data/raf_db/test/3/test_0064_aligned.jpg,3,3,0.004907221,0.013604125,0.006978823,0.8981301,0.011690673,0.008304658,0.056384347
data/raf_db/test/3/test_0065_aligned.jpg,3,3,0.004059701,0.009086537,0.0050877053,0.97812676,0.0015403435,0.0011636846,0.00093518425
data/raf_db/test/3/test_0066_aligned.jpg,3,6,0.0049075163,0.032974675,0.00702265,0.4256401,0.023308028,0.013038021,0.49310908
data/raf_db/test/3/test_0067_aligned.jpg,3,3,0.01696906,0.02554568,0.018529605,0.8984517,0.006078347,0.020702848,0.0137227
data/raf_db/test/3/test_0068_aligned.jpg,3,4,0.015922766,0.08733735,0.026877768,0.2525641,0.3761823,0.026515739,0.21459988
data/raf_db/test/3/test_0071_aligned.jpg,3,3,0.0010652221,0.004049983,0.0026996743,0.9844928,0.0040391656,0.0008742242,0.0027789543
data/raf_db/test/3/test_0072_aligned.jpg,3,3,0.037637807,0.03410351,0.099181056,0.42474988,0.18430367,0.050849967,0.16917409
data/raf_db/test/3/test_0074_aligned.jpg,3,3,0.027086945,0.09696375,0.014158389,0.7375948,0.008955532,0.01482582,0.100414805
data/raf_db/test/3/test_0075_aligned.jpg,3,3,0.0005507366,0.0013864682,0.0021045825,0.9927573,0.0027303325,0.0002983157,0.00017224172
data/raf_db/test/3/test_0077_aligned.jpg,3,3,0.014062385,0.010642094,0.032380365,0.5479167,0.003911641,0.37467048,0.016416324
data/raf_db/test/3/test_0078_aligned.jpg,3,3,0.092611074,0.17730407,0.112832405,0.38111016,0.08068703,0.12356905,0.0318862
data/raf_db/test/3/test_0079_aligned.jpg,3,3,0.017044226,0.04138144,0.024256168,0.6786599,0.07317231,0.046615127,0.11887079
data/raf_db/test/3/test_0082_aligned.jpg,3,3,0.022013428,0.009464414,0.014740999,0.9247001,0.020610526,0.006557599,0.0019130514
data/raf_db/test/3/test_0083_aligned.jpg,3,3,0.007673803,0.026351217,0.004816407,0.85542375,0.008838273,0.006054174,0.09084232
data/raf_db/test/3/test_0087_aligned.jpg,3,3,0.002698543,0.0022199315,0.0037529625,0.9891333,0.00075433264,0.0012195158,0.00022140631
data/raf_db/test/3/test_0092_aligned.jpg,3,3,0.011465324,0.014938912,0.021732368,0.71371216,0.17249125,0.038323835,0.027336098
data/raf_db/test/3/test_0093_aligned.jpg,3,3,0.00023684613,0.0011873933,0.00063306774,0.99509096,0.00019927656,0.0003988925,0.0022535773
data/raf_db/test/3/test_0097_aligned.jpg,3,3,0.038937178,0.035783965,0.026976254,0.768268,0.12052323,0.007698999,0.0018124823
data/raf_db/test/3/test_0098_aligned.jpg,3,3,0.0005060144,0.0028796755,0.0018853226,0.97884697,0.008526402,0.00080365816,0.006551955
data/raf_db/test/3/test_0101_aligned.jpg,3,6,0.09470383,0.2032196,0.064660214,0.09701367,0.14932667,0.10546396,0.28561202
data/raf_db/test/3/test_0105_aligned.jpg,3,4,0.03626695,0.09976455,0.045743022,0.23520753,0.5168041,0.016902277,0.049311638
data/raf_db/test/3/test_0106_aligned.jpg,3,3,0.0005243503,0.0013961357,0.0014813766,0.99097097,0.0004654251,0.0016684984,0.003493236
data/raf_db/test/3/test_0108_aligned.jpg,3,3,0.00398265,0.017901422,0.020406429,0.9224779,0.023646966,0.009571285,0.0020133238
data/raf_db/test/3/test_0109_aligned.jpg,3,3,0.00199076,0.0023738118,0.012506504,0.97299,0.0017620276,0.0073405574,0.0010363287
data/raf_db/test/3/test_0110_aligned.jpg,3,3,0.03584829,0.114625394,0.046470046,0.31325462,0.03827388,0.14419283,0.30733493
data/raf_db/test/3/test_0111_aligned.jpg,3,3,0.023220224,0.025759522,0.016949432,0.84544784,0.029307997,0.025677381,0.033637553
data/raf_db/test/3/test_0112_aligned.jpg,3,3,0.0036842115,0.005297703,0.007760053,0.9773899,0.0029672098,0.002353447,0.00054755143
data/raf_db/test/3/test_0113_aligned.jpg,3,3,0.0053846976,0.00693485,0.010630054,0.9657449,0.0035333345,0.0048598694,0.0029122517
data/raf_db/test/3/test_0114_aligned.jpg,3,3,0.0020191928,0.0031627084,0.0015306376,0.9917549,0.00066504447,0.00034584163,0.0005216048
data/raf_db/test/3/test_0115_aligned.jpg,3,3,0.0012454422,0.0007377523,0.0013448979,0.9910487,0.0046528946,0.0008569318,0.00011333241
data/raf_db/test/3/test_0116_aligned.jpg,3,1,0.05351459,0.51430583,0.008085104,0.078498,0.09269901,0.0049252682,0.24797219
data/raf_db/test/3/test_0117_aligned.jpg,3,3,0.0004623723,0.0004539406,0.008510733,0.91882485,0.046238285,0.025020817,0.0004890049
data/raf_db/test/3/test_0118_aligned.jpg,3,3,0.028317716,0.045263115,0.06077656,0.6677051,0.020096714,0.08696171,0.09087902
data/raf_db/test/3/test_0120_aligned.jpg,3,4,0.026628498,0.04975143,0.061506864,0.32512206,0.491296,0.044373237,0.001321855
data/raf_db/test/3/test_0122_aligned.jpg,3,3,0.047653537,0.16061427,0.013802974,0.5542767,0.029990539,0.007891199,0.18577075
data/raf_db/test/3/test_0124_aligned.jpg,3,3,0.0038829718,0.006131862,0.006302463,0.9769464,0.0027294334,0.0032988705,0.000708027
data/raf_db/test/3/test_0126_aligned.jpg,3,3,0.00426961,0.028728927,0.0036955911,0.92322665,0.01913349,0.0008352103,0.020110618
data/raf_db/test/3/test_0128_aligned.jpg,3,5,0.041309804,0.040342133,0.1423863,0.23396291,0.0023266983,0.5280379,0.011634185
data/raf_db/test/3/test_0129_aligned.jpg,3,3,0.0038775837,0.0031087259,0.004739875,0.965881,0.013926485,0.0061543677,0.0023119645
data/raf_db/test/3/test_0130_aligned.jpg,3,3,0.027127448,0.07260389,0.020869553,0.77495974,0.048898824,0.010629181,0.04491141
data/raf_db/test/3/test_0131_aligned.jpg,3,4,0.012776158,0.014532744,0.010130551,0.034374855,0.47011226,0.16349967,0.2945737
data/raf_db/test/3/test_0132_aligned.jpg,3,3,0.00574468,0.056864902,0.029651765,0.7754708,0.016652111,0.035312522,0.08030325
data/raf_db/test/3/test_0133_aligned.jpg,3,3,0.0002522105,0.00018868108,0.0009525744,0.9979321,0.00037152355,0.00023565552,6.73362e-05
data/raf_db/test/3/test_0137_aligned.jpg,3,3,0.014304289,0.047788274,0.017130006,0.8425876,0.065848,0.0063220346,0.0060197697
data/raf_db/test/3/test_0138_aligned.jpg,3,3,0.012210597,0.01994621,0.0064243353,0.95591456,0.00073573715,0.0025043099,0.0022643139
data/raf_db/test/3/test_0139_aligned.jpg,3,3,0.026405307,0.042059578,0.016730474,0.8629803,0.013280493,0.018073708,0.020470073
data/raf_db/test/3/test_0140_aligned.jpg,3,3,0.0064043524,0.018731121,0.0048382073,0.82574385,0.06401233,0.0038877497,0.07638239
data/raf_db/test/3/test_0141_aligned.jpg,3,3,0.009775044,0.006713908,0.008030272,0.9597536,0.008064662,0.0038574042,0.0038051428
data/raf_db/test/3/test_0143_aligned.jpg,3,3,0.0054832404,0.0063663814,0.0038307677,0.9480671,0.035070144,0.00067991175,0.0005025223
data/raf_db/test/3/test_0144_aligned.jpg,3,3,0.0007314187,0.0003645246,0.0008417241,0.99528027,0.0026240265,9.381947e-05,6.426771e-05
data/raf_db/test/3/test_0150_aligned.jpg,3,3,0.04524163,0.07043095,0.012651085,0.55141246,0.28047007,0.0049682977,0.034825478
data/raf_db/test/3/test_0154_aligned.jpg,3,3,0.00088429754,0.004429519,0.0019778966,0.98794717,0.0018717356,0.0006131905,0.0022761216
data/raf_db/test/3/test_0157_aligned.jpg,3,3,0.06946651,0.2875716,0.039124418,0.44776893,0.058893025,0.028050696,0.06912477
data/raf_db/test/3/test_0158_aligned.jpg,3,3,0.07142655,0.053192686,0.044486016,0.5793456,0.07254837,0.122652546,0.056348167
data/raf_db/test/3/test_0159_aligned.jpg,3,4,0.030341411,0.2054877,0.06515373,0.090278596,0.5007688,0.032109637,0.07586012
data/raf_db/test/3/test_0161_aligned.jpg,3,3,0.0067348788,0.0022772518,0.0021652754,0.9822114,0.0058290693,0.00040378337,0.00037837386
data/raf_db/test/3/test_0166_aligned.jpg,3,3,0.00095749175,0.0009389538,0.0011307722,0.9947726,0.00022564233,0.0009807516,0.0009936964
data/raf_db/test/3/test_0167_aligned.jpg,3,3,0.044942614,0.043684933,0.040241346,0.77042884,0.054290093,0.027179748,0.019232422
data/raf_db/test/3/test_0170_aligned.jpg,3,3,0.016992496,0.014095363,0.014190735,0.91795623,0.009342468,0.010878039,0.01654472
data/raf_db/test/3/test_0173_aligned.jpg,3,3,0.0005233819,0.0016293287,0.0009650647,0.99553394,0.000554841,0.00021427502,0.00057917216
data/raf_db/test/3/test_0174_aligned.jpg,3,3,0.007824539,0.04405818,0.010948447,0.9153394,0.012976189,0.003725176,0.0051280116
data/raf_db/test/3/test_0175_aligned.jpg,3,3,0.03468543,0.11229793,0.085004985,0.42444327,0.27124,0.060810786,0.011517589
data/raf_db/test/3/test_0176_aligned.jpg,3,3,0.02576817,0.0070436117,0.009844193,0.9282684,0.027317822,0.0010864217,0.0006714507
data/raf_db/test/3/test_0177_aligned.jpg,3,3,0.009000833,0.030501584,0.022224871,0.8947792,0.03338524,0.005702985,0.0044052317
data/raf_db/test/3/test_0178_aligned.jpg,3,3,0.023649808,0.09460281,0.0447158,0.45028093,0.17414315,0.090647176,0.1219603
data/raf_db/test/3/test_0179_aligned.jpg,3,3,0.001317085,0.0039933575,0.0035739928,0.98748696,0.0011210719,0.0012684977,0.0012390113
data/raf_db/test/3/test_0181_aligned.jpg,3,3,0.0063543734,0.015129644,0.0048185163,0.95096695,0.0061178394,0.0024765474,0.014136028
data/raf_db/test/3/test_0182_aligned.jpg,3,3,0.0051724035,0.009993602,0.009645498,0.92148167,0.036048807,0.004734078,0.012923934
data/raf_db/test/3/test_0183_aligned.jpg,3,3,0.0038576303,0.0017582221,0.004358085,0.9803626,0.0075432165,0.001472769,0.0006474232
data/raf_db/test/3/test_0184_aligned.jpg,3,2,0.13981654,0.061822597,0.5431331,0.13047476,0.09506541,0.024647404,0.005040267
data/raf_db/test/3/test_0188_aligned.jpg,3,3,8.02537e-05,8.279886e-05,0.0005151818,0.9989146,0.000207993,0.0001809634,1.827742e-05
data/raf_db/test/3/test_0191_aligned.jpg,3,3,0.0029232297,0.0058814,0.0023390308,0.9857347,0.0008121914,0.00075530005,0.0015541138
data/raf_db/test/3/test_0192_aligned.jpg,3,3,0.006579048,0.018433984,0.0033778027,0.95890146,0.0012707063,0.0020177122,0.009419334
data/raf_db/test/3/test_0193_aligned.jpg,3,3,0.00057394966,0.0019137649,0.0018366965,0.9929443,0.001974134,0.00037380023,0.00038327146
data/raf_db/test/3/test_0194_aligned.jpg,3,3,0.0016264409,0.0017772304,0.0041815774,0.98322624,0.0039079543,0.0028624935,0.0024180731
data/raf_db/test/3/test_0199_aligned.jpg,3,3,0.015211095,0.024317192,0.012483965,0.5060924,0.43537554,0.0029904637,0.0035292436
data/raf_db/test/3/test_0204_aligned.jpg,3,3,0.0323194,0.06896096,0.019477002,0.6550597,0.20983991,0.0035754575,0.010767585
data/raf_db/test/3/test_0206_aligned.jpg,3,3,0.0049648746,0.01419783,0.009463072,0.93900746,0.030311733,0.00115292,0.0009021497
data/raf_db/test/3/test_0208_aligned.jpg,3,3,0.0036731139,0.0041219494,0.004468822,0.92869145,0.055395737,0.0021678214,0.0014810995
data/raf_db/test/3/test_0209_aligned.jpg,3,3,0.002302278,0.0046281535,0.0026582296,0.9871502,0.0021778871,0.0004237731,0.00065948226
data/raf_db/test/3/test_0212_aligned.jpg,3,3,0.031241285,0.028404498,0.03785526,0.8877384,0.0025838576,0.0073788096,0.0047978302
data/raf_db/test/3/test_0213_aligned.jpg,3,3,0.018051688,0.013949209,0.017124195,0.6400956,0.29765698,0.007688281,0.0054340838
data/raf_db/test/3/test_0221_aligned.jpg,3,3,0.012021143,0.023979727,0.014924494,0.8743704,0.06375726,0.006654829,0.0042922306
data/raf_db/test/3/test_0222_aligned.jpg,3,3,0.032193754,0.026723118,0.039076302,0.8052057,0.010452024,0.07074784,0.0156013165
data/raf_db/test/3/test_0223_aligned.jpg,3,4,0.01937096,0.015991677,0.027326625,0.20632713,0.6868206,0.025248045,0.01891495
data/raf_db/test/3/test_0224_aligned.jpg,3,3,0.0008590255,0.0016933606,0.0010609451,0.99530506,0.0008339338,0.000116784504,0.00013094832
data/raf_db/test/3/test_0227_aligned.jpg,3,3,0.000105169456,0.00042541185,0.0015647894,0.99361587,0.003436503,0.00038029495,0.00047190336
data/raf_db/test/3/test_0230_aligned.jpg,3,3,0.018839557,0.01862238,0.047314733,0.7617823,0.047147654,0.0898794,0.016414016
data/raf_db/test/3/test_0231_aligned.jpg,3,3,0.002452327,0.00540266,0.028562903,0.9122412,0.005512366,0.042290177,0.0035383508
data/raf_db/test/3/test_0232_aligned.jpg,3,3,0.014744478,0.013026103,0.018483529,0.92249715,0.013358308,0.012830686,0.0050596395
data/raf_db/test/3/test_0233_aligned.jpg,3,3,0.0037002282,0.012276022,0.018717047,0.9160956,0.045813702,0.002269579,0.0011278236
data/raf_db/test/3/test_0234_aligned.jpg,3,3,0.0054034293,0.0017236649,0.007628557,0.87834305,0.09805939,0.00846948,0.00037241337
data/raf_db/test/3/test_0236_aligned.jpg,3,3,0.0010546292,0.0040170555,0.0020017566,0.9917114,0.0005331919,0.0002948134,0.00038715772
data/raf_db/test/3/test_0237_aligned.jpg,3,3,0.030819485,0.022319049,0.006800371,0.92714125,0.002339035,0.004174283,0.0064065116
data/raf_db/test/3/test_0238_aligned.jpg,3,3,0.0006190921,0.00047396147,0.0008748329,0.9973671,0.00048333715,0.00015547684,2.6222708e-05
data/raf_db/test/3/test_0239_aligned.jpg,3,3,0.023727827,0.07953624,0.023063162,0.8241678,0.038061876,0.0071147075,0.0043283533
data/raf_db/test/3/test_0247_aligned.jpg,3,3,0.0019802714,0.0040737856,0.009651529,0.96352416,0.004144573,0.009890496,0.0067352955
data/raf_db/test/3/test_0248_aligned.jpg,3,3,0.0012072102,0.002229146,0.0024355557,0.98418343,0.007870607,0.0008326478,0.0012413316
data/raf_db/test/3/test_0250_aligned.jpg,3,3,0.03631563,0.08360257,0.019625038,0.7926622,0.032115772,0.0099304365,0.025748378
data/raf_db/test/3/test_0251_aligned.jpg,3,3,0.059879445,0.026337499,0.23316231,0.54725254,0.038538486,0.084140874,0.01068883
data/raf_db/test/3/test_0252_aligned.jpg,3,3,0.0015532756,0.001367262,0.005649732,0.9846526,0.002042385,0.004688845,4.588659e-05
data/raf_db/test/3/test_0253_aligned.jpg,3,3,0.027041264,0.054443892,0.015420519,0.86223674,0.03021775,0.0054783584,0.005161477
data/raf_db/test/3/test_0254_aligned.jpg,3,3,0.012335649,0.024946915,0.009540017,0.9107877,0.011594272,0.008788123,0.022007357
data/raf_db/test/3/test_0255_aligned.jpg,3,3,0.03223064,0.031348374,0.0047307033,0.9159153,0.003535557,0.004006013,0.008233433
data/raf_db/test/3/test_0256_aligned.jpg,3,3,0.010506112,0.013063539,0.009336962,0.8731372,0.0513396,0.0070920764,0.035524555
data/raf_db/test/3/test_0257_aligned.jpg,3,3,0.09879171,0.111670114,0.015756859,0.6239843,0.07592375,0.010511991,0.06336133
data/raf_db/test/3/test_0258_aligned.jpg,3,3,0.0026282212,0.0052112634,0.0030808356,0.9859548,0.0005152257,0.0013482819,0.0012613627
data/raf_db/test/3/test_0260_aligned.jpg,3,3,0.09186677,0.22134393,0.03255728,0.50988436,0.015319984,0.063374855,0.06565283
data/raf_db/test/3/test_0261_aligned.jpg,3,3,0.0034897733,0.003752239,0.019741992,0.93313235,0.029485246,0.007912427,0.002486001
data/raf_db/test/3/test_0262_aligned.jpg,3,3,0.039092183,0.027941598,0.014123339,0.8872324,0.0030528007,0.017394492,0.01116322
data/raf_db/test/3/test_0265_aligned.jpg,3,3,0.008711787,0.012045223,0.019854464,0.9230652,0.014399427,0.017924776,0.003999036
data/raf_db/test/3/test_0266_aligned.jpg,3,3,0.00045211968,0.0006040209,0.00040122718,0.99740475,0.0011001828,1.9245426e-05,1.8474042e-05
data/raf_db/test/3/test_0267_aligned.jpg,3,3,0.014541613,0.020860163,0.020663487,0.9072783,0.016984407,0.010640588,0.009031402
data/raf_db/test/3/test_0268_aligned.jpg,3,3,0.0093004145,0.04038016,0.015533535,0.89813673,0.023877185,0.0031376313,0.009634369
data/raf_db/test/3/test_0269_aligned.jpg,3,3,0.024259701,0.109559305,0.0136086345,0.83793247,0.0050415257,0.0028090947,0.0067892307
data/raf_db/test/3/test_0270_aligned.jpg,3,3,0.101233035,0.06388296,0.016007572,0.7824764,0.024580333,0.009210027,0.0026096816
data/raf_db/test/3/test_0271_aligned.jpg,3,3,0.00010107245,0.00036121384,0.00036854282,0.99865216,0.00031505496,5.8418813e-05,0.0001435791
data/raf_db/test/3/test_0272_aligned.jpg,3,3,0.0067216614,0.0212508,0.010099053,0.93186826,0.005989806,0.0076990877,0.016371291
data/raf_db/test/3/test_0275_aligned.jpg,3,3,0.0005583026,0.0010124124,0.001393071,0.9959705,0.00023733507,0.0005898353,0.00023855409
data/raf_db/test/3/test_0277_aligned.jpg,3,3,0.0016439088,0.0018078911,0.001467189,0.99371594,0.000736798,0.0003592175,0.00026906867
data/raf_db/test/3/test_0279_aligned.jpg,3,3,0.05464624,0.102345645,0.030981958,0.73121715,0.06685633,0.008616382,0.00533629
data/raf_db/test/3/test_0282_aligned.jpg,3,3,0.0174455,0.074532196,0.06823028,0.41343823,0.34130025,0.042031582,0.043021977
data/raf_db/test/3/test_0285_aligned.jpg,3,3,0.0039920327,0.0057619074,0.0066402056,0.9535415,0.02316813,0.0049820924,0.0019141107
data/raf_db/test/3/test_0287_aligned.jpg,3,3,0.00059208705,0.00048159366,0.0008895856,0.99718034,0.0007189904,8.816499e-05,4.9233397e-05
data/raf_db/test/3/test_0289_aligned.jpg,3,3,0.0031230645,0.0029323567,0.0025817365,0.98906237,0.00069248246,0.0010341484,0.0005737521
data/raf_db/test/3/test_0291_aligned.jpg,3,3,0.0036219237,0.01172207,0.0035576834,0.97552603,0.0031863735,0.0004863864,0.0018994615
data/raf_db/test/3/test_0292_aligned.jpg,3,4,0.00664405,0.013522477,0.03132569,0.31030282,0.624402,0.011228866,0.0025740585
data/raf_db/test/3/test_0302_aligned.jpg,3,3,0.062519714,0.1289298,0.038840108,0.68673885,0.039463006,0.028057354,0.015451176
data/raf_db/test/3/test_0303_aligned.jpg,3,3,0.0023824775,0.0027429576,0.004099467,0.9830603,0.0018593537,0.0025642496,0.003291191
data/raf_db/test/3/test_0304_aligned.jpg,3,3,0.013085267,0.024169615,0.009062746,0.9314583,0.0034359973,0.006920921,0.011867278
data/raf_db/test/3/test_0305_aligned.jpg,3,3,0.00052099844,0.0019384411,0.0018735393,0.9915211,0.0033176658,0.0004137246,0.00041440458
data/raf_db/test/3/test_0306_aligned.jpg,3,3,0.036238827,0.17965673,0.040425595,0.6171773,0.06013494,0.022206811,0.04415977
data/raf_db/test/3/test_0307_aligned.jpg,3,3,0.012679341,0.027813844,0.021467837,0.8508356,0.07258916,0.009109176,0.0055049686
data/raf_db/test/3/test_0308_aligned.jpg,3,3,0.0020796235,0.003936672,0.0028190205,0.98813826,0.0022776965,0.0005621754,0.00018655925
data/raf_db/test/3/test_0309_aligned.jpg,3,3,0.008116716,0.023879468,0.033545453,0.8929762,0.030799123,0.0063903364,0.0042926385
data/raf_db/test/3/test_0310_aligned.jpg,3,3,0.004735975,0.019441139,0.016821096,0.9145622,0.03601957,0.005321228,0.0030987428
data/raf_db/test/3/test_0311_aligned.jpg,3,3,0.0020426956,0.0008621804,0.0014494506,0.9904839,0.0040637148,0.0009503404,0.00014774331
data/raf_db/test/3/test_0312_aligned.jpg,3,3,0.0035185728,0.0075844345,0.012021881,0.96011376,0.010352579,0.0048073744,0.0016014476
data/raf_db/test/3/test_0313_aligned.jpg,3,3,0.008607652,0.022839786,0.011199574,0.9458878,0.004335212,0.003680192,0.0034497837
data/raf_db/test/3/test_0317_aligned.jpg,3,3,0.008043056,0.0105813155,0.015674647,0.9465638,0.008303793,0.0071768314,0.003656627
data/raf_db/test/3/test_0320_aligned.jpg,3,3,0.007865798,0.03560498,0.04344345,0.8570099,0.021959322,0.028033327,0.0060831984
data/raf_db/test/3/test_0322_aligned.jpg,3,3,0.00048671704,0.000846898,0.00095848634,0.9969258,0.00042123935,0.00019635039,0.00016453605
data/raf_db/test/3/test_0324_aligned.jpg,3,4,0.057090044,0.19768827,0.02665818,0.1220926,0.46973014,0.025169509,0.10157132
data/raf_db/test/3/test_0329_aligned.jpg,3,3,0.0028325345,0.008494597,0.004256694,0.9803309,0.0009096436,0.0016268886,0.0015487524
data/raf_db/test/3/test_0330_aligned.jpg,3,1,0.24887705,0.45021757,0.019944431,0.16632456,0.08608044,0.011864459,0.016691407
data/raf_db/test/3/test_0331_aligned.jpg,3,3,0.0019460267,0.0012298076,0.0027580268,0.9916973,0.0013207948,0.00087322056,0.00017477215
data/raf_db/test/3/test_0332_aligned.jpg,3,3,0.042418443,0.05422507,0.025209961,0.8305473,0.02432508,0.014899727,0.008374462
data/raf_db/test/3/test_0333_aligned.jpg,3,3,0.0030355342,0.009575364,0.0084219705,0.9015684,0.073481,0.0013987,0.002519076
data/raf_db/test/3/test_0334_aligned.jpg,3,3,0.006649903,0.014579618,0.0073932395,0.62345433,0.34625813,0.0008495789,0.00081515015
data/raf_db/test/3/test_0335_aligned.jpg,3,3,0.006513191,0.009870856,0.008399995,0.96632427,0.0029875552,0.004211955,0.0016921149
data/raf_db/test/3/test_0337_aligned.jpg,3,3,0.09839109,0.19093592,0.023127811,0.6147283,0.023597494,0.011331588,0.03788777
data/raf_db/test/3/test_0338_aligned.jpg,3,3,0.10391914,0.04789556,0.02563523,0.77802,0.031975847,0.005809589,0.006744532
data/raf_db/test/3/test_0345_aligned.jpg,3,3,0.0094010355,0.020125264,0.023590026,0.90402627,0.032629367,0.008204482,0.0020235577
data/raf_db/test/3/test_0350_aligned.jpg,3,3,0.05555339,0.065999396,0.03895259,0.67321754,0.10087788,0.044122875,0.021276342
data/raf_db/test/3/test_0352_aligned.jpg,3,3,0.0006495869,0.0009511278,0.00143816,0.99403715,0.0010978879,0.0006333298,0.0011928474
data/raf_db/test/3/test_0353_aligned.jpg,3,3,0.00031488715,0.0009400857,0.000687076,0.97480357,0.007278316,0.0005378922,0.015438208
data/raf_db/test/3/test_0362_aligned.jpg,3,3,0.0021530807,0.010656683,0.006026113,0.9103803,0.015791472,0.005116706,0.049875755
data/raf_db/test/3/test_0364_aligned.jpg,3,3,0.032462526,0.016197797,0.027244288,0.84867454,0.020448852,0.046250097,0.0087218685
data/raf_db/test/3/test_0366_aligned.jpg,3,3,0.005671175,0.005666534,0.0028597196,0.98288155,0.0010784885,0.0012490789,0.0005933968
data/raf_db/test/3/test_0367_aligned.jpg,3,3,0.009121394,0.006188455,0.007690597,0.7445048,0.23041469,0.0018399373,0.00024009908
data/raf_db/test/3/test_0369_aligned.jpg,3,3,0.0032317196,0.0031979596,0.002371075,0.9889864,0.0012206786,0.0006452258,0.00034701524
data/raf_db/test/3/test_0370_aligned.jpg,3,3,0.015161527,0.019251497,0.009697378,0.9418299,0.0031729094,0.005127557,0.00575921
data/raf_db/test/3/test_0371_aligned.jpg,3,3,0.0020499437,0.0056144143,0.023211379,0.9064218,0.0021888819,0.055361412,0.005152277
data/raf_db/test/3/test_0372_aligned.jpg,3,3,0.0008880251,0.001092577,0.00082416256,0.99670583,0.00018958052,0.00015799688,0.00014186851
data/raf_db/test/3/test_0373_aligned.jpg,3,3,0.0012270473,0.0012654329,0.0047498294,0.9888837,0.0006149872,0.0030950557,0.00016402466
data/raf_db/test/3/test_0374_aligned.jpg,3,3,0.02786543,0.109319545,0.07556248,0.63643867,0.020266062,0.08949469,0.041053087
data/raf_db/test/3/test_0375_aligned.jpg,3,3,0.0018150182,0.0006013094,0.002133451,0.99325985,0.0003409715,0.0012823879,0.00056696386
data/raf_db/test/3/test_0376_aligned.jpg,3,3,0.01902269,0.011560555,0.18763563,0.69818133,0.059022814,0.018511144,0.0060658436
data/raf_db/test/3/test_0378_aligned.jpg,3,3,0.0026495939,0.002123503,0.0046036826,0.98640627,0.0019479297,0.0018080424,0.00046103256
data/raf_db/test/3/test_0379_aligned.jpg,3,3,0.05064021,0.07610573,0.12152033,0.54511726,0.12498301,0.07035754,0.011275838
data/raf_db/test/3/test_0380_aligned.jpg,3,3,0.003424963,0.0076800156,0.012605901,0.9257301,0.041168697,0.004950386,0.004439933
data/raf_db/test/3/test_0383_aligned.jpg,3,4,0.045904752,0.05076808,0.020690015,0.23023547,0.4378493,0.03719945,0.17735294
data/raf_db/test/3/test_0384_aligned.jpg,3,3,0.016627448,0.014869718,0.01899312,0.85998005,0.07214724,0.011769323,0.005613173
data/raf_db/test/3/test_0386_aligned.jpg,3,3,0.0044398312,0.006135007,0.005181507,0.9180999,0.02533953,0.006726446,0.034077883
data/raf_db/test/3/test_0388_aligned.jpg,3,2,0.0438537,0.058918048,0.31914648,0.10414894,0.18644905,0.18077381,0.10670991
data/raf_db/test/3/test_0390_aligned.jpg,3,3,0.0003857615,0.00038830162,0.00066628656,0.9973743,0.0010500819,5.755456e-05,7.77735e-05
data/raf_db/test/3/test_0391_aligned.jpg,3,3,0.0029538802,0.0021078715,0.002161715,0.9869846,0.0026659514,0.0015195957,0.001606389
data/raf_db/test/3/test_0392_aligned.jpg,3,3,0.0112800095,0.009305237,0.019021666,0.8629582,0.08067071,0.004827401,0.011936743
data/raf_db/test/3/test_0393_aligned.jpg,3,3,0.006144656,0.009720625,0.0070505925,0.96752244,0.0017144936,0.005350787,0.0024964798
data/raf_db/test/3/test_0394_aligned.jpg,3,3,0.056270774,0.045739777,0.010886778,0.76438606,0.046082478,0.014524636,0.062109422
data/raf_db/test/3/test_0396_aligned.jpg,3,6,0.050481286,0.18259674,0.054024525,0.09546217,0.17381388,0.15048729,0.29313403
data/raf_db/test/3/test_0397_aligned.jpg,3,3,0.0027578196,0.0018425967,0.0019078761,0.9874635,0.0030240854,0.0009424014,0.0020617053
data/raf_db/test/3/test_0398_aligned.jpg,3,3,0.0023362362,0.0021901422,0.0018434318,0.9909541,0.0005797306,0.0010856703,0.0010106473
data/raf_db/test/3/test_0399_aligned.jpg,3,3,0.001439364,0.0017652849,0.0010265973,0.97743976,0.018208083,8.34581e-05,3.7522103e-05
data/raf_db/test/3/test_0400_aligned.jpg,3,3,0.0020254722,0.001502519,0.0012127489,0.99418664,0.00031860577,0.00033411334,0.0004198809
data/raf_db/test/3/test_0402_aligned.jpg,3,3,0.0006098824,0.0022728804,0.0018157343,0.99236757,0.002296214,0.00023373062,0.00040398128
data/raf_db/test/3/test_0405_aligned.jpg,3,3,0.0025220036,0.009780297,0.0072074956,0.9685496,0.0035668584,0.002930187,0.0054436075
data/raf_db/test/3/test_0406_aligned.jpg,3,3,0.0006838725,0.0007685294,0.0011259072,0.9966641,0.0005728745,0.00013211512,5.257402e-05
data/raf_db/test/3/test_0407_aligned.jpg,3,3,0.011362813,0.020949697,0.007770315,0.9523994,0.0022342359,0.0031505583,0.0021330097
data/raf_db/test/3/test_0408_aligned.jpg,3,3,0.020358097,0.030309912,0.0045834472,0.9346399,0.000878378,0.0028433134,0.0063870125
data/raf_db/test/3/test_0410_aligned.jpg,3,3,0.0040492895,0.0038538456,0.003288149,0.97491837,0.012595498,0.0008589039,0.00043604145
data/raf_db/test/3/test_0411_aligned.jpg,3,3,0.06317948,0.10105033,0.053325534,0.54151475,0.1607131,0.040848974,0.03936787
data/raf_db/test/3/test_0412_aligned.jpg,3,3,0.01104602,0.010188719,0.014243174,0.9142891,0.03155154,0.012770684,0.0059108115
data/raf_db/test/3/test_0414_aligned.jpg,3,3,0.004744222,0.004476212,0.001658631,0.98628926,0.00019175647,0.0013578566,0.0012820202
data/raf_db/test/3/test_0415_aligned.jpg,3,3,0.0013780782,0.001217027,0.002265713,0.99295664,0.0010843427,0.00087708206,0.00022111897
data/raf_db/test/3/test_0417_aligned.jpg,3,3,0.022368124,0.019437999,0.04940408,0.51379144,0.027064277,0.2390053,0.12892874
data/raf_db/test/3/test_0418_aligned.jpg,3,3,0.012995676,0.042868987,0.021083219,0.87664956,0.02254379,0.0070635485,0.016795164
data/raf_db/test/3/test_0419_aligned.jpg,3,3,0.006848448,0.015227542,0.008145012,0.95197237,0.005883376,0.004270629,0.007652607
data/raf_db/test/3/test_0421_aligned.jpg,3,3,0.0028840941,0.004518031,0.0019668452,0.98902494,0.00028813008,0.00073082664,0.0005871881
data/raf_db/test/3/test_0422_aligned.jpg,3,3,0.014545756,0.025902424,0.023511278,0.9049012,0.012134127,0.01304105,0.005964169
data/raf_db/test/3/test_0423_aligned.jpg,3,3,0.00045230793,0.0008142828,0.001584606,0.99568933,0.000493596,0.00066862337,0.00029723236
data/raf_db/test/3/test_0425_aligned.jpg,3,3,0.01195346,0.043778237,0.016368551,0.8886053,0.02063072,0.008001128,0.010662648
data/raf_db/test/3/test_0426_aligned.jpg,3,3,0.049987137,0.027892772,0.025806041,0.7823548,0.06785665,0.03706335,0.009039282
data/raf_db/test/3/test_0427_aligned.jpg,3,3,0.005828457,0.010379795,0.005992961,0.97189,0.004390279,0.0010351437,0.0004834212
data/raf_db/test/3/test_0428_aligned.jpg,3,3,0.0028939152,0.0030529872,0.0030743552,0.9869827,0.0011775192,0.002025466,0.0007930133
data/raf_db/test/3/test_0433_aligned.jpg,3,3,0.019879792,0.030591177,0.007632351,0.92865956,0.007376373,0.0027688043,0.0030918687
data/raf_db/test/3/test_0435_aligned.jpg,3,3,0.028080957,0.08214894,0.028060121,0.78582174,0.05488099,0.006685918,0.014321272
data/raf_db/test/3/test_0436_aligned.jpg,3,3,0.004808759,0.014200471,0.031984612,0.7947467,0.1408515,0.0072866064,0.0061212643
data/raf_db/test/3/test_0437_aligned.jpg,3,3,0.007952975,0.021550344,0.008386189,0.9501166,0.0035075333,0.0037986834,0.004687631
data/raf_db/test/3/test_0439_aligned.jpg,3,3,0.20939311,0.048992176,0.020616049,0.711456,0.005970305,0.0030192127,0.00055309443
data/raf_db/test/3/test_0442_aligned.jpg,3,3,0.0053552687,0.0038684153,0.0035550597,0.98418367,0.0018680576,0.001042124,0.00012739512
data/raf_db/test/3/test_0443_aligned.jpg,3,3,0.00061985897,0.00034533232,0.0014462055,0.99384177,0.0024661485,0.001144685,0.00013601576
data/raf_db/test/3/test_0444_aligned.jpg,3,3,0.00692751,0.005742387,0.0048668473,0.9760894,0.0016226924,0.0024020385,0.0023490563
data/raf_db/test/3/test_0445_aligned.jpg,3,3,0.0020099634,0.003769341,0.003176847,0.98059344,0.004921089,0.0014722794,0.004057083
data/raf_db/test/3/test_0447_aligned.jpg,3,3,0.0044163833,0.0027965237,0.007519531,0.9751751,0.005397313,0.00401355,0.000681552
data/raf_db/test/3/test_0448_aligned.jpg,3,3,0.01082145,0.008783127,0.011375776,0.9351004,0.026665013,0.0050614765,0.0021928134
data/raf_db/test/3/test_0449_aligned.jpg,3,3,0.02126367,0.0063725477,0.011420032,0.9492276,0.004832621,0.006189587,0.00069394533
data/raf_db/test/3/test_0450_aligned.jpg,3,3,0.0030998315,0.0029993197,0.004665554,0.98435205,0.0038837015,0.0006819555,0.00031762818
data/raf_db/test/3/test_0451_aligned.jpg,3,3,0.03858914,0.07342425,0.046065647,0.67685306,0.1415305,0.014330178,0.009207242
data/raf_db/test/3/test_0453_aligned.jpg,3,3,0.00092433504,0.0026131214,0.0011557165,0.9945574,0.0003264718,0.00016818428,0.0002548515
data/raf_db/test/3/test_0454_aligned.jpg,3,3,0.0035139273,0.012214608,0.0058774436,0.9530621,0.024092106,0.0006643032,0.0005755447
data/raf_db/test/3/test_0455_aligned.jpg,3,3,0.019726219,0.048320908,0.01406737,0.8921199,0.019120477,0.0046763355,0.0019688408
data/raf_db/test/3/test_0456_aligned.jpg,3,3,0.047954045,0.09765305,0.03982239,0.6690611,0.048770957,0.035631094,0.061107345
data/raf_db/test/3/test_0457_aligned.jpg,3,3,0.010077341,0.032760955,0.026808346,0.8878143,0.010045063,0.020615898,0.011878201
data/raf_db/test/3/test_0458_aligned.jpg,3,3,0.012682033,0.038717106,0.028259724,0.8660214,0.024861759,0.016030278,0.013427741
data/raf_db/test/3/test_0459_aligned.jpg,3,3,0.021158358,0.031212421,0.01087887,0.73175293,0.19300619,0.0023941572,0.009596976
data/raf_db/test/3/test_0460_aligned.jpg,3,3,0.00059589895,0.002808451,0.005503979,0.9769304,0.0023389088,0.006490364,0.0053319563
data/raf_db/test/3/test_0461_aligned.jpg,3,3,0.041832633,0.06980731,0.018091708,0.7950146,0.024054756,0.007611711,0.043587152
data/raf_db/test/3/test_0462_aligned.jpg,3,3,0.015849119,0.06274157,0.0228485,0.83438087,0.03901389,0.009480443,0.015685663
data/raf_db/test/3/test_0463_aligned.jpg,3,3,0.007805605,0.017785585,0.006775699,0.95478344,0.0020613421,0.0032813873,0.0075068707
data/raf_db/test/3/test_0464_aligned.jpg,3,3,0.021748357,0.033636305,0.04807004,0.80607355,0.0381317,0.044296667,0.008043377
data/raf_db/test/3/test_0465_aligned.jpg,3,3,0.015377362,0.021543793,0.025937652,0.8904043,0.023263996,0.016429722,0.007043194
data/raf_db/test/3/test_0466_aligned.jpg,3,5,0.13490517,0.043734305,0.21989466,0.011609186,0.017811755,0.5637778,0.008267105
data/raf_db/test/3/test_0467_aligned.jpg,3,3,0.026391465,0.053237762,0.026983107,0.8332294,0.04281194,0.009577319,0.007768978
data/raf_db/test/3/test_0468_aligned.jpg,3,3,0.053378202,0.22206661,0.021675397,0.54611677,0.032354195,0.022515109,0.10189376
data/raf_db/test/3/test_0469_aligned.jpg,3,3,0.011037485,0.001444367,0.016557412,0.9502774,0.017670067,0.0025690298,0.0004442574
data/raf_db/test/3/test_0473_aligned.jpg,3,3,0.0017865131,0.0024169446,0.0026235038,0.976035,0.005926275,0.0032278048,0.007984031
data/raf_db/test/3/test_0474_aligned.jpg,3,3,0.021341277,0.017071575,0.012072975,0.9226679,0.0063027353,0.008455535,0.012087941
data/raf_db/test/3/test_0475_aligned.jpg,3,3,0.027223364,0.031785883,0.017965322,0.8462842,0.042059388,0.01503841,0.019643433
data/raf_db/test/3/test_0477_aligned.jpg,3,3,0.026567377,0.021186188,0.014454306,0.8705518,0.04032769,0.013976552,0.012935952
data/raf_db/test/3/test_0478_aligned.jpg,3,3,0.12665957,0.069459625,0.07949636,0.65318644,0.022357127,0.033175316,0.01566561
data/raf_db/test/3/test_0479_aligned.jpg,3,3,0.0062428317,0.003689395,0.010276409,0.9523695,0.022700768,0.0033321753,0.0013888878
data/raf_db/test/3/test_0480_aligned.jpg,3,3,0.013783496,0.011933066,0.00515059,0.9591419,0.0020929177,0.0042613186,0.0036366265
data/raf_db/test/3/test_0481_aligned.jpg,3,4,0.047998056,0.03520774,0.021486847,0.103040315,0.7328646,0.017559286,0.041843154
data/raf_db/test/3/test_0484_aligned.jpg,3,3,0.032294765,0.13463378,0.027574133,0.54817516,0.22883967,0.0077385264,0.020743933
data/raf_db/test/3/test_0485_aligned.jpg,3,3,0.001728137,0.0028283363,0.004656004,0.98541576,0.0023981163,0.0022620088,0.000711582
data/raf_db/test/3/test_0486_aligned.jpg,3,3,0.0028075818,0.004742351,0.005978183,0.9653024,0.018021509,0.0021780827,0.000969925
data/raf_db/test/3/test_0487_aligned.jpg,3,3,0.020606108,0.053474274,0.024448568,0.8292168,0.017984116,0.02242719,0.031842932
data/raf_db/test/3/test_0488_aligned.jpg,3,3,0.0007128874,0.001434574,0.001953645,0.98858917,0.006941485,0.00021438838,0.00015386821
data/raf_db/test/3/test_0489_aligned.jpg,3,3,0.00026255613,0.00017374766,0.00011524766,0.99821246,0.001223907,6.5813247e-06,5.568303e-06
data/raf_db/test/3/test_0490_aligned.jpg,3,3,0.0044714385,0.009815349,0.012659389,0.9109047,0.0059720473,0.02170714,0.03446998
data/raf_db/test/3/test_0492_aligned.jpg,3,3,0.006080501,0.010743003,0.004178537,0.9716822,0.0024006455,0.0014545871,0.003460556
data/raf_db/test/3/test_0493_aligned.jpg,3,3,0.008280341,0.028685233,0.016176458,0.89120454,0.038799126,0.005588574,0.011265687
data/raf_db/test/3/test_0494_aligned.jpg,3,3,0.0024829651,0.0040012193,0.0019060908,0.98700756,0.0036814255,0.00049025856,0.00043047548
data/raf_db/test/3/test_0495_aligned.jpg,3,3,0.010136398,0.0076338146,0.006786208,0.9616105,0.009915503,0.0023717624,0.0015458923
data/raf_db/test/3/test_0496_aligned.jpg,3,1,0.13627778,0.6809828,0.011647048,0.04936096,0.055934377,0.013222029,0.05257501
data/raf_db/test/3/test_0497_aligned.jpg,3,3,0.0022298777,0.0035561814,0.0030444243,0.9885294,0.0018794024,0.00047157193,0.00028916998
data/raf_db/test/3/test_0498_aligned.jpg,3,3,0.0022067458,0.0016179909,0.007950682,0.9289077,0.055320777,0.0036690952,0.0003269443
data/raf_db/test/3/test_0500_aligned.jpg,3,3,0.0046580867,0.005783024,0.025431592,0.86935425,0.022294099,0.06745104,0.0050278436
data/raf_db/test/3/test_0501_aligned.jpg,3,3,0.008442093,0.0084063895,0.0027502903,0.9721591,0.0010660824,0.0018955593,0.005280514
data/raf_db/test/3/test_0502_aligned.jpg,3,3,0.0012127074,0.0017143227,0.0009644808,0.98891723,0.007022428,0.00013588031,3.2953016e-05
data/raf_db/test/3/test_0503_aligned.jpg,3,3,0.010877468,0.033402324,0.020595042,0.9083495,0.004829078,0.011195042,0.010751511
data/raf_db/test/3/test_0504_aligned.jpg,3,3,0.005830504,0.021522008,0.0048137316,0.9623737,0.0029209696,0.0009865311,0.0015526635
data/raf_db/test/3/test_0505_aligned.jpg,3,3,0.0072473125,0.011048497,0.061158925,0.62729144,0.17080975,0.10661982,0.015824227
data/raf_db/test/3/test_0506_aligned.jpg,3,3,0.001448963,0.0014666456,0.0012440305,0.99481404,0.00053268136,0.00024158826,0.0002520539
data/raf_db/test/3/test_0508_aligned.jpg,3,3,0.034295272,0.0083843395,0.041534953,0.838187,0.061784144,0.014803657,0.0010106267
data/raf_db/test/3/test_0509_aligned.jpg,3,3,0.0033486288,0.006444631,0.0077998973,0.9351084,0.0397477,0.0039335964,0.0036171244
data/raf_db/test/3/test_0510_aligned.jpg,3,3,0.004651123,0.012804021,0.008060668,0.9622685,0.0048143645,0.0031578566,0.0042435797
data/raf_db/test/3/test_0511_aligned.jpg,3,3,0.00060257904,0.00039393365,0.0005448042,0.99761117,0.00074157096,6.271019e-05,4.32755e-05
data/raf_db/test/3/test_0512_aligned.jpg,3,3,0.005314571,0.01503667,0.01892319,0.91606915,0.03631787,0.0048374147,0.0035011433
data/raf_db/test/3/test_0515_aligned.jpg,3,3,0.020266421,0.019659419,0.006967117,0.94449884,0.0012216015,0.0045802444,0.002806395
data/raf_db/test/3/test_0516_aligned.jpg,3,3,0.0016301206,0.0015838132,0.002244998,0.9898286,0.002796903,0.0010044193,0.00091119733
data/raf_db/test/3/test_0518_aligned.jpg,3,3,0.008172206,0.01612326,0.0050628525,0.96456826,0.0031499332,0.0017707791,0.0011527049
data/raf_db/test/3/test_0519_aligned.jpg,3,3,0.0066744927,0.008768483,0.0011609185,0.9819766,0.0008846783,0.00022968045,0.0003050919
data/raf_db/test/3/test_0520_aligned.jpg,3,3,0.00089666684,0.0015110013,0.0029345122,0.9912465,0.0022298463,0.0010125525,0.0001688555
data/raf_db/test/3/test_0521_aligned.jpg,3,3,0.00397489,0.008903386,0.0097231455,0.9443285,0.0046811244,0.0119543085,0.016434629
data/raf_db/test/3/test_0522_aligned.jpg,3,3,0.011427593,0.01744475,0.0069870967,0.92010444,0.03408574,0.004460772,0.0054895985
data/raf_db/test/3/test_0523_aligned.jpg,3,3,0.0009023384,0.0016875571,0.0014309018,0.9891874,0.006294284,0.00017236767,0.00032512215
data/raf_db/test/3/test_0524_aligned.jpg,3,3,0.05675597,0.017659651,0.06170628,0.632301,0.15630051,0.020932332,0.054344203
data/raf_db/test/3/test_0525_aligned.jpg,3,3,0.01154256,0.034597423,0.021559257,0.8351067,0.060630895,0.012069367,0.024493897
data/raf_db/test/3/test_0527_aligned.jpg,3,3,0.0029451135,0.0036885347,0.003932246,0.9846482,0.0014313675,0.0020243158,0.001330244
data/raf_db/test/3/test_0528_aligned.jpg,3,3,0.0034525855,0.0057635447,0.006229842,0.97829324,0.0011631782,0.0034910606,0.0016065617
data/raf_db/test/3/test_0529_aligned.jpg,3,3,0.03669878,0.01429901,0.014608689,0.9123311,0.002328576,0.008274583,0.0114592435
data/raf_db/test/3/test_0530_aligned.jpg,3,3,0.0027273465,0.006527631,0.0038397778,0.98444515,0.0013309384,0.00052015996,0.0006090781
data/raf_db/test/3/test_0531_aligned.jpg,3,3,0.0014228764,0.0012001403,0.0017572807,0.9934481,0.00017029014,0.0013461607,0.0006551557
data/raf_db/test/3/test_0532_aligned.jpg,3,3,0.009549343,0.023485053,0.017376687,0.9335181,0.0069537903,0.005530292,0.0035866173
data/raf_db/test/3/test_0533_aligned.jpg,3,3,0.0044963416,0.003862651,0.0019655786,0.9883847,0.00048475974,0.00039535272,0.00041053016
data/raf_db/test/3/test_0534_aligned.jpg,3,3,0.0061988547,0.01610117,0.00621201,0.9599839,0.0013087923,0.00421951,0.005975713
data/raf_db/test/3/test_0535_aligned.jpg,3,3,0.0036150427,0.007933447,0.008237574,0.9684524,0.005783486,0.003188892,0.0027891041
data/raf_db/test/3/test_0536_aligned.jpg,3,3,0.007487398,0.003858695,0.0337197,0.69577837,0.22528304,0.032935165,0.0009376575
data/raf_db/test/3/test_0538_aligned.jpg,3,4,0.012900201,0.35130116,0.009732348,0.03539184,0.3786797,0.0050769635,0.20691784
data/raf_db/test/3/test_0539_aligned.jpg,3,3,0.016562218,0.025593936,0.029571172,0.8824832,0.008482837,0.028287763,0.009018917
data/raf_db/test/3/test_0543_aligned.jpg,3,3,0.013243468,0.009464197,0.010379063,0.93844986,0.007056258,0.010484486,0.0109226685
data/raf_db/test/3/test_0544_aligned.jpg,3,3,0.0008584058,0.0017212402,0.0015691305,0.9942068,0.0005672761,0.00067733706,0.0003998482
data/raf_db/test/3/test_0545_aligned.jpg,3,3,0.0010783694,0.00440585,0.0029287136,0.988037,0.0011591226,0.0010153988,0.0013755833
data/raf_db/test/3/test_0546_aligned.jpg,3,3,0.029221028,0.028767992,0.026670344,0.73605484,0.031097803,0.04741182,0.1007762
data/raf_db/test/3/test_0547_aligned.jpg,3,3,0.0035568615,0.004165477,0.001994935,0.988816,0.00014325712,0.00085834437,0.00046504612
data/raf_db/test/3/test_0548_aligned.jpg,3,3,0.0016861032,0.0018229584,0.003483764,0.98567563,0.0030185916,0.003272111,0.0010409523
data/raf_db/test/3/test_0549_aligned.jpg,3,3,0.0002144569,0.0004076224,0.0016771952,0.9858665,0.010127981,0.0015709482,0.00013522131
data/raf_db/test/3/test_0552_aligned.jpg,3,3,0.11928856,0.033965856,0.016886018,0.6720973,0.14503032,0.010593217,0.0021386244
data/raf_db/test/3/test_0553_aligned.jpg,3,3,0.000102309976,0.00010217288,0.0001226236,0.9995685,7.002832e-05,1.3140463e-05,2.1115295e-05
data/raf_db/test/3/test_0554_aligned.jpg,3,3,0.005012598,0.009110068,0.013108494,0.9098387,0.058717556,0.0025299918,0.0016826928
data/raf_db/test/3/test_0555_aligned.jpg,3,3,0.01738853,0.011665481,0.016961323,0.7720799,0.1744179,0.0050032996,0.0024835786
data/raf_db/test/3/test_0556_aligned.jpg,3,3,0.004850701,0.010197342,0.0038129382,0.9768842,0.0018409577,0.0011130824,0.0013007048
data/raf_db/test/3/test_0557_aligned.jpg,3,3,0.008857974,0.049722172,0.030851487,0.85727656,0.02213022,0.016102718,0.0150588425
data/raf_db/test/3/test_0558_aligned.jpg,3,3,0.0061943303,0.0037479347,0.003501436,0.9799873,0.0054827174,0.0008844675,0.00020175184
data/raf_db/test/3/test_0559_aligned.jpg,3,3,0.0018091695,0.0032189481,0.010029657,0.9745248,0.006945899,0.0029262982,0.0005452543
data/raf_db/test/3/test_0561_aligned.jpg,3,3,0.06824821,0.02441628,0.02744031,0.47344476,0.3580289,0.04417377,0.004247758
data/raf_db/test/3/test_0562_aligned.jpg,3,3,0.009490029,0.013143748,0.011495875,0.9489368,0.010379322,0.0046436666,0.001910449
data/raf_db/test/3/test_0563_aligned.jpg,3,3,0.013301151,0.008225768,0.006026161,0.9332664,0.034833547,0.0015038422,0.0028431818
data/raf_db/test/3/test_0565_aligned.jpg,3,5,0.014516575,0.016526002,0.16622686,0.21758875,0.037346568,0.542518,0.0052772146
data/raf_db/test/3/test_0567_aligned.jpg,3,3,0.00029807142,0.0008001358,0.002559746,0.99229175,0.00090890744,0.0021399546,0.0010015336
data/raf_db/test/3/test_0568_aligned.jpg,3,3,0.00010736483,0.0006444093,0.0004956436,0.9978637,0.00030399548,0.00012274015,0.00046219645
data/raf_db/test/3/test_0569_aligned.jpg,3,3,0.0038617845,0.0069637657,0.00733604,0.92959857,0.051129993,0.0006407489,0.00046919426
data/raf_db/test/3/test_0570_aligned.jpg,3,3,0.007928502,0.014430332,0.014899635,0.9324701,0.0037821496,0.017837182,0.008652062
data/raf_db/test/3/test_0571_aligned.jpg,3,3,0.071490094,0.051431525,0.004661781,0.8632219,0.006403768,0.0010428234,0.001748166
data/raf_db/test/3/test_0572_aligned.jpg,3,3,0.0059689414,0.00085580343,0.0015861925,0.9606942,0.024576666,0.0011927173,0.005125513
data/raf_db/test/3/test_0573_aligned.jpg,3,3,0.01245831,0.06630881,0.022496106,0.6004502,0.09325166,0.025932653,0.17910224
data/raf_db/test/3/test_0574_aligned.jpg,3,3,0.006645493,0.018321427,0.010244053,0.9461965,0.012026969,0.0037451051,0.0028205246
data/raf_db/test/3/test_0575_aligned.jpg,3,3,0.04422487,0.044481806,0.05409423,0.60076404,0.22038244,0.022491507,0.01356104
data/raf_db/test/3/test_0576_aligned.jpg,3,3,8.8575835e-05,0.00027821527,0.0004258971,0.9988193,0.00010171136,0.00012518624,0.0001610859
data/raf_db/test/3/test_0578_aligned.jpg,3,3,0.027917698,0.026447037,0.013101774,0.8913218,0.02630096,0.00478901,0.010121752
data/raf_db/test/3/test_0579_aligned.jpg,3,6,0.0059473035,0.012082392,0.01986006,0.1952885,0.24742718,0.0678581,0.4515364
data/raf_db/test/3/test_0580_aligned.jpg,3,3,0.002728295,0.005414883,0.005880626,0.876726,0.105259225,0.0023240831,0.0016669376
data/raf_db/test/3/test_0581_aligned.jpg,3,5,0.028502144,0.012648829,0.085914,0.3916215,0.040710278,0.41474923,0.025853995
data/raf_db/test/3/test_0582_aligned.jpg,3,0,0.51862234,0.282187,0.012533413,0.059856288,0.02328031,0.023698118,0.07982251
data/raf_db/test/3/test_0583_aligned.jpg,3,3,0.03487275,0.019388277,0.012870351,0.82097954,0.10234263,0.00909432,0.00045209026
data/raf_db/test/3/test_0584_aligned.jpg,3,3,0.020478183,0.04977015,0.024665292,0.848422,0.044847537,0.0041617765,0.0076550576
data/raf_db/test/3/test_0586_aligned.jpg,3,3,0.009615855,0.0037095698,0.010084166,0.56090933,0.40155098,0.0035583554,0.01057175
data/raf_db/test/3/test_0587_aligned.jpg,3,3,0.00030108762,0.00039978806,0.00077299896,0.99735165,0.00037518612,0.0005837452,0.00021560428
data/raf_db/test/3/test_0588_aligned.jpg,3,3,0.013528883,0.016715458,0.03542575,0.47440186,0.43884173,0.007640826,0.013445488
data/raf_db/test/3/test_0589_aligned.jpg,3,1,0.054525647,0.28299236,0.07442502,0.17887333,0.25685784,0.06994597,0.08237978
data/raf_db/test/3/test_0590_aligned.jpg,3,3,0.0011261984,0.0005654719,0.0013308311,0.9956564,0.00050759676,0.0006643848,0.00014917394
data/raf_db/test/3/test_0591_aligned.jpg,3,3,0.0020262033,0.0024672323,0.0013443835,0.9927636,0.0005639096,0.00040028844,0.00043437828
data/raf_db/test/3/test_0592_aligned.jpg,3,3,0.000648886,0.00031811808,0.0017989869,0.9948295,0.00096256984,0.001296156,0.00014585177
data/raf_db/test/3/test_0594_aligned.jpg,3,3,0.0017810616,0.0090376865,0.012723236,0.9545295,0.016879978,0.0027995366,0.0022489075
data/raf_db/test/3/test_0596_aligned.jpg,3,3,0.003444454,0.0019761284,0.0034807534,0.98799825,0.0020737571,0.00078458234,0.00024200132
data/raf_db/test/3/test_0597_aligned.jpg,3,3,0.008085055,0.013768679,0.02301488,0.9039043,0.041476198,0.007271055,0.0024798552
data/raf_db/test/3/test_0599_aligned.jpg,3,3,0.0050681927,0.0041495156,0.0017914252,0.9558784,0.002894727,0.002474469,0.027743293
data/raf_db/test/3/test_0600_aligned.jpg,3,3,0.0058460045,0.0067630573,0.012555412,0.9463987,0.019395834,0.0053972737,0.0036437158
data/raf_db/test/3/test_0602_aligned.jpg,3,3,0.011115937,0.009763376,0.0079395445,0.9535398,0.010652194,0.0020721515,0.0049170414
data/raf_db/test/3/test_0604_aligned.jpg,3,3,0.0063505876,0.0014695128,0.0014997288,0.98926663,0.00043787196,0.0005419736,0.00043365205
data/raf_db/test/3/test_0605_aligned.jpg,3,3,0.031847008,0.07715394,0.039469566,0.7399824,0.035589427,0.03920175,0.03675582
data/raf_db/test/3/test_0607_aligned.jpg,3,3,0.007183536,0.008572186,0.008580627,0.95764226,0.009335664,0.0066619446,0.0020237388
data/raf_db/test/3/test_0608_aligned.jpg,3,3,0.011926851,0.013630202,0.0076395925,0.9587937,0.002231487,0.0044126827,0.001365453
data/raf_db/test/3/test_0609_aligned.jpg,3,3,0.015438885,0.004273638,0.014129117,0.9568562,0.0023893567,0.0048199054,0.002092895
data/raf_db/test/3/test_0611_aligned.jpg,3,3,0.0008369195,0.0007520777,0.0013209103,0.99575126,0.0005464739,0.00055221946,0.0002402028
data/raf_db/test/3/test_0612_aligned.jpg,3,3,0.035917163,0.05854975,0.04236092,0.73873365,0.049767427,0.03257342,0.042097695
data/raf_db/test/3/test_0613_aligned.jpg,3,3,0.0013442284,0.0017899745,0.006896753,0.8224728,0.1625307,0.0041286107,0.00083690207
data/raf_db/test/3/test_0614_aligned.jpg,3,3,0.000963524,0.0013629372,0.002599241,0.9898775,0.001296305,0.0013705001,0.0025300693
data/raf_db/test/3/test_0615_aligned.jpg,3,3,0.0010212156,0.00080115395,0.0010239744,0.99658644,0.0003219945,0.00019404101,5.1142186e-05
data/raf_db/test/3/test_0617_aligned.jpg,3,3,0.0001843364,0.00013487587,0.0003935466,0.9990858,6.6832545e-05,0.000105758816,2.891779e-05
data/raf_db/test/3/test_0618_aligned.jpg,3,3,0.0089629805,0.007945703,0.010914781,0.95222443,0.0075711994,0.0053605344,0.0070203054
data/raf_db/test/3/test_0619_aligned.jpg,3,3,0.16538818,0.056851972,0.020440372,0.70324993,0.023996936,0.011271738,0.018800875
data/raf_db/test/3/test_0620_aligned.jpg,3,3,0.002843779,0.0029216837,0.0013551271,0.989602,0.0010489097,0.00060605904,0.0016224108
data/raf_db/test/3/test_0621_aligned.jpg,3,3,0.0019444749,0.0018990433,0.0015336002,0.9920666,0.0007899196,0.0007362801,0.0010299449
data/raf_db/test/3/test_0622_aligned.jpg,3,3,0.0008116228,0.000448384,0.0006965598,0.99756134,0.0002233972,0.00019197843,6.678775e-05
data/raf_db/test/3/test_0625_aligned.jpg,3,3,0.013450747,0.039271552,0.025478702,0.882722,0.024573226,0.00892047,0.005583326
data/raf_db/test/3/test_0626_aligned.jpg,3,3,0.029461412,0.03636908,0.01757509,0.67865694,0.15511851,0.019903354,0.06291559
data/raf_db/test/3/test_0627_aligned.jpg,3,3,0.0051012957,0.0055918894,0.0015604852,0.98533195,0.000747613,0.00044135933,0.0012253302
data/raf_db/test/3/test_0628_aligned.jpg,3,3,0.0011005352,0.003434412,0.010973287,0.90155494,0.078667365,0.0031539071,0.001115594
data/raf_db/test/3/test_0630_aligned.jpg,3,3,0.00015380404,7.28517e-05,0.0006317543,0.99865204,0.00028209388,0.00019237169,1.5084696e-05
data/raf_db/test/3/test_0631_aligned.jpg,3,3,0.006827415,0.0026335637,0.0060637714,0.9778235,0.0031701806,0.0021245219,0.0013569514
data/raf_db/test/3/test_0632_aligned.jpg,3,3,0.021703623,0.012511019,0.0073547396,0.93442404,0.0065822448,0.006987465,0.010436762
data/raf_db/test/3/test_0633_aligned.jpg,3,3,0.019809037,0.026015688,0.049548987,0.82235354,0.044680536,0.019752225,0.017839974
data/raf_db/test/3/test_0634_aligned.jpg,3,3,0.0041367305,0.008407782,0.009075624,0.91334915,0.0629208,0.0016525672,0.00045739434
data/raf_db/test/3/test_0635_aligned.jpg,3,3,0.00022293127,0.00070723065,0.0011180297,0.99320203,0.0034835853,0.00055453734,0.00071163406
data/raf_db/test/3/test_0636_aligned.jpg,3,3,0.0021993376,0.003537704,0.005780033,0.9738954,0.01297934,0.0007983999,0.0008097695
data/raf_db/test/3/test_0637_aligned.jpg,3,3,0.0028096875,0.0013626462,0.0018851911,0.9881936,0.003991492,0.0011139427,0.0006435067
data/raf_db/test/3/test_0638_aligned.jpg,3,3,0.014134887,0.009286982,0.0028682621,0.96886194,0.0006680743,0.0022269832,0.0019528394
data/raf_db/test/3/test_0641_aligned.jpg,3,3,0.015239259,0.017733335,0.011689873,0.93278766,0.01735504,0.0034453012,0.0017494923
data/raf_db/test/3/test_0642_aligned.jpg,3,3,0.001709562,0.002959468,0.00853829,0.9480441,0.02913656,0.009017007,0.0005950656
data/raf_db/test/3/test_0643_aligned.jpg,3,3,0.0019143183,0.002715236,0.0037499215,0.9875173,0.0024894841,0.00094834296,0.0006653309
data/raf_db/test/3/test_0645_aligned.jpg,3,3,0.0005173862,0.00036363842,0.0016675458,0.9959489,0.0009606259,0.00042331114,0.00011855405
data/raf_db/test/3/test_0646_aligned.jpg,3,3,0.001589352,0.0016181085,0.005421288,0.98187065,0.007886303,0.0012438314,0.0003704979
data/raf_db/test/3/test_0647_aligned.jpg,3,3,0.00023735919,0.0009814518,0.00037138487,0.9981495,5.721573e-05,8.553867e-05,0.00011760267
data/raf_db/test/3/test_0648_aligned.jpg,3,3,0.008988117,0.011131286,0.006672459,0.8508448,0.12098803,0.001041718,0.00033360798
data/raf_db/test/3/test_0649_aligned.jpg,3,4,0.0074401987,0.08478488,0.0022525412,0.0018663132,0.8953469,0.0012726494,0.007036437
data/raf_db/test/3/test_0650_aligned.jpg,3,3,0.004521717,0.006134771,0.008714005,0.968777,0.004268214,0.0063665565,0.001217749
data/raf_db/test/3/test_0651_aligned.jpg,3,3,0.00041054012,0.00049468485,0.00069569104,0.9970258,0.00037911136,0.0002923488,0.0007019389
data/raf_db/test/3/test_0653_aligned.jpg,3,3,0.0046852627,0.021089245,0.017392488,0.8949288,0.034740686,0.011190499,0.015972983
data/raf_db/test/3/test_0654_aligned.jpg,3,4,0.0040178136,0.02948768,0.01560143,0.3764048,0.5632268,0.0034378376,0.007823695
data/raf_db/test/3/test_0657_aligned.jpg,3,3,0.00077403366,0.0018081866,0.0007178032,0.9938514,0.0024420395,0.00011039681,0.00029611724
data/raf_db/test/3/test_0658_aligned.jpg,3,3,0.00042614172,0.0008877005,0.0013824212,0.99413526,0.0022065584,0.00069522084,0.00026660517
data/raf_db/test/3/test_0660_aligned.jpg,3,3,0.0042995955,0.0020358243,0.0018789982,0.9794933,0.0114353625,0.0002961604,0.0005607347
data/raf_db/test/3/test_0661_aligned.jpg,3,3,0.0015808013,0.0013907583,0.0044871843,0.98799765,0.0015828273,0.0022090802,0.00075169234
data/raf_db/test/3/test_0662_aligned.jpg,3,3,0.0019572596,0.0028385876,0.0050584264,0.9577366,0.029081417,0.0015909418,0.0017367187
data/raf_db/test/3/test_0663_aligned.jpg,3,3,0.010500404,0.027220216,0.015203116,0.91557777,0.021729345,0.0026557539,0.0071133533
data/raf_db/test/3/test_0664_aligned.jpg,3,3,0.003700857,0.0049703987,0.01641151,0.9275519,0.03987344,0.006553082,0.00093873625
data/raf_db/test/3/test_0665_aligned.jpg,3,3,0.0036713432,0.0042469855,0.0099778855,0.9729859,0.002982863,0.0055185547,0.0006164168
data/raf_db/test/3/test_0666_aligned.jpg,3,3,0.0007667988,0.00092513923,0.0014957043,0.9946597,0.001596044,0.00036717186,0.00018948838
data/raf_db/test/3/test_0667_aligned.jpg,3,3,0.006094567,0.012425573,0.0036675879,0.9710595,0.003991945,0.00081399217,0.001946883
data/raf_db/test/3/test_0668_aligned.jpg,3,3,0.105560966,0.21963458,0.10991617,0.22112207,0.10469093,0.19037648,0.048698887
data/raf_db/test/3/test_0669_aligned.jpg,3,3,0.0007756202,0.00069085,0.0008411141,0.9958502,0.0016115296,0.00012805275,0.000102596176
data/raf_db/test/3/test_0670_aligned.jpg,3,3,0.0055399486,0.036846254,0.042902306,0.75337803,0.11139645,0.014110186,0.035826817
data/raf_db/test/3/test_0672_aligned.jpg,3,3,0.010198762,0.008965429,0.014443197,0.83869976,0.121807724,0.004096579,0.0017885496
data/raf_db/test/3/test_0673_aligned.jpg,3,3,0.023007682,0.015562365,0.025239598,0.89318067,0.015824096,0.018852664,0.008332857
data/raf_db/test/3/test_0676_aligned.jpg,3,3,0.008935569,0.043605067,0.041333504,0.7593401,0.12675881,0.008558037,0.011468859
data/raf_db/test/3/test_0677_aligned.jpg,3,3,0.114989035,0.067202196,0.040242862,0.5924082,0.12735263,0.043175973,0.014629172
data/raf_db/test/3/test_0680_aligned.jpg,3,3,9.683094e-05,0.00016314382,0.000465356,0.9985726,0.0006376472,3.8758517e-05,2.5633775e-05
data/raf_db/test/3/test_0681_aligned.jpg,3,3,0.002806594,0.0046870518,0.0016445208,0.9893037,0.0005692075,0.00050921564,0.00047977577
data/raf_db/test/3/test_0682_aligned.jpg,3,3,0.0032981238,0.01123496,0.006178265,0.95767254,0.005715909,0.004367954,0.011532263
data/raf_db/test/3/test_0683_aligned.jpg,3,3,9.8121345e-05,0.0006050413,0.0007155386,0.9978942,0.00027266276,0.00018476244,0.00022961864
data/raf_db/test/3/test_0685_aligned.jpg,3,3,0.0002553335,0.0015182802,0.0027103792,0.9763299,0.018124592,0.0007563969,0.00030521094
data/raf_db/test/3/test_0688_aligned.jpg,3,3,0.012716791,0.02160794,0.011693306,0.93634814,0.012929086,0.0022690438,0.0024356362
data/raf_db/test/3/test_0690_aligned.jpg,3,3,0.014680463,0.021635942,0.040263567,0.7183213,0.022180704,0.12960868,0.053309377
data/raf_db/test/3/test_0692_aligned.jpg,3,3,0.014004438,0.12464787,0.04380302,0.5072512,0.1684866,0.042527333,0.09927956
data/raf_db/test/3/test_0693_aligned.jpg,3,3,0.0017543879,0.0016710355,0.0020546776,0.99127793,0.0017484417,0.0007695411,0.0007240299
data/raf_db/test/3/test_0696_aligned.jpg,3,3,0.0035118088,0.0030759578,0.0077593224,0.9784127,0.0031365508,0.0033080715,0.00079566456
data/raf_db/test/3/test_0697_aligned.jpg,3,3,0.0055723777,0.006833272,0.013217469,0.91123897,0.052790143,0.0070518577,0.0032958775
data/raf_db/test/3/test_0698_aligned.jpg,3,3,0.00023006438,0.00050318113,0.0036001806,0.98974764,0.00451443,0.0010905751,0.00031394747
data/raf_db/test/3/test_0699_aligned.jpg,3,3,0.0131884115,0.025350219,0.014880063,0.8989227,0.007985567,0.015815321,0.023857716
data/raf_db/test/3/test_0700_aligned.jpg,3,3,0.0039828885,0.0030889956,0.0074483533,0.9756599,0.0044336393,0.004353966,0.0010322894
data/raf_db/test/3/test_0701_aligned.jpg,3,3,0.0048537445,0.0024458156,0.005546794,0.96089804,0.017915081,0.0052082483,0.0031323398
data/raf_db/test/3/test_0702_aligned.jpg,3,3,0.00033075115,0.00090622576,0.0004471198,0.9978733,0.000103473154,0.000109659544,0.00022943763
data/raf_db/test/3/test_0703_aligned.jpg,3,3,0.0035140628,0.00436726,0.007830185,0.9585851,0.023570972,0.0015403411,0.0005920344
data/raf_db/test/3/test_0704_aligned.jpg,3,3,0.0042259176,0.009846405,0.012249357,0.95570064,0.01315344,0.003039621,0.0017846326
data/raf_db/test/3/test_0705_aligned.jpg,3,3,0.014394514,0.02114439,0.017960945,0.9098173,0.03061757,0.0045354045,0.0015298795
data/raf_db/test/3/test_0707_aligned.jpg,3,3,0.019047782,0.08281447,0.048675083,0.6927541,0.03813872,0.04854638,0.0700234
data/raf_db/test/3/test_0708_aligned.jpg,3,3,0.0045387344,0.006350256,0.010548853,0.9462346,0.008689764,0.011354495,0.012283384
data/raf_db/test/3/test_0709_aligned.jpg,3,5,0.040738188,0.20832764,0.074802995,0.019189542,0.18521914,0.36814645,0.10357611
data/raf_db/test/3/test_0710_aligned.jpg,3,3,0.0013207792,0.0010047882,0.0015831344,0.99490213,0.00033496626,0.00051316037,0.00034095667
data/raf_db/test/3/test_0711_aligned.jpg,3,3,0.0053993203,0.0071587246,0.005856546,0.977424,0.002361825,0.000842947,0.0009566143
data/raf_db/test/3/test_0712_aligned.jpg,3,3,0.0015600136,0.00082976953,0.0036607257,0.9888108,0.0010349344,0.0033060655,0.0007977529
data/raf_db/test/3/test_0713_aligned.jpg,3,3,0.0037013337,0.0073735467,0.002691019,0.9806698,0.0040536104,0.00045281037,0.0010579564
data/raf_db/test/3/test_0714_aligned.jpg,3,3,0.0024449134,0.0018051266,0.0055979597,0.9802751,0.006115374,0.0032407795,0.00052078825
data/raf_db/test/3/test_0715_aligned.jpg,3,3,0.023986656,0.03776289,0.046534944,0.7243809,0.03096207,0.08069676,0.055675764
data/raf_db/test/3/test_0717_aligned.jpg,3,3,0.0019688904,0.009502659,0.0088787,0.97005165,0.003569759,0.0029349814,0.0030933446
data/raf_db/test/3/test_0718_aligned.jpg,3,3,0.004661836,0.0214415,0.005158507,0.9400331,0.017198386,0.0013609045,0.010145761
data/raf_db/test/3/test_0720_aligned.jpg,3,3,0.00014595338,0.00025252992,0.0009054115,0.9981654,3.1373518e-05,0.00045375197,4.5557048e-05
data/raf_db/test/3/test_0723_aligned.jpg,3,3,0.00085073087,0.0008759301,0.00088546745,0.99690324,0.00022027359,0.00018116033,8.310577e-05
data/raf_db/test/3/test_0724_aligned.jpg,3,3,0.0054479265,0.01692736,0.012615403,0.94969,0.008693931,0.0036922235,0.0029331872
data/raf_db/test/3/test_0725_aligned.jpg,3,3,0.03685123,0.10433774,0.026582276,0.7936431,0.025521398,0.0072405925,0.005823589
data/raf_db/test/3/test_0726_aligned.jpg,3,3,0.0018894402,0.006175481,0.0040170113,0.9813053,0.0030661155,0.0012826804,0.0022639392
data/raf_db/test/3/test_0727_aligned.jpg,3,3,0.0055643674,0.018560437,0.022963485,0.9165618,0.025941042,0.0068479776,0.003560932
data/raf_db/test/3/test_0728_aligned.jpg,3,3,0.012501595,0.0343265,0.0074725826,0.8723314,0.021090886,0.0034990273,0.048778
data/raf_db/test/3/test_0729_aligned.jpg,3,3,0.005229902,0.017134016,0.0074642967,0.9501729,0.014882188,0.002449007,0.0026676697
data/raf_db/test/3/test_0730_aligned.jpg,3,3,0.00627573,0.011345395,0.010956749,0.93757695,0.02706174,0.0035419858,0.0032414156
data/raf_db/test/3/test_0732_aligned.jpg,3,3,0.032346155,0.09470999,0.016083892,0.8279906,0.020906221,0.004471068,0.0034919677
data/raf_db/test/3/test_0733_aligned.jpg,3,3,0.029635184,0.010065643,0.03179891,0.91369456,0.004289097,0.0072241775,0.0032924307
data/raf_db/test/3/test_0735_aligned.jpg,3,3,0.026602468,0.094280936,0.026385335,0.7629964,0.060222056,0.008604596,0.020908229
data/raf_db/test/3/test_0737_aligned.jpg,3,3,0.09042685,0.056071386,0.06991309,0.69807196,0.014980305,0.06774559,0.0027908343
data/raf_db/test/3/test_0739_aligned.jpg,3,3,0.0071685533,0.011194112,0.0042264713,0.97284096,0.0011318997,0.0016597466,0.0017783174
data/raf_db/test/3/test_0740_aligned.jpg,3,3,0.0009942224,0.004342726,0.005583005,0.9843582,0.0018601908,0.001572526,0.0012890912
data/raf_db/test/3/test_0741_aligned.jpg,3,3,0.02775596,0.007366237,0.021599982,0.9250979,0.00893223,0.0082379775,0.0010097987
data/raf_db/test/3/test_0742_aligned.jpg,3,3,0.0019197331,0.0070346463,0.0025981446,0.98611915,0.0010835849,0.00055411964,0.00069069146
data/raf_db/test/3/test_0743_aligned.jpg,3,3,0.005045717,0.024871007,0.014271184,0.6521631,0.29213974,0.0029990375,0.008510321
data/raf_db/test/3/test_0744_aligned.jpg,3,3,0.0049624946,0.0049262578,0.0066163815,0.9757075,0.0037798202,0.002680028,0.0013275677
data/raf_db/test/3/test_0745_aligned.jpg,3,3,0.0008847899,0.0022996713,0.008314199,0.969116,0.015400461,0.0031175273,0.000867387
data/raf_db/test/3/test_0746_aligned.jpg,3,3,0.051878493,0.08853756,0.035176177,0.7700159,0.015098683,0.028993638,0.01029951
data/raf_db/test/3/test_0747_aligned.jpg,3,3,0.0011317031,0.0010812466,0.0037327851,0.98596394,0.00368272,0.003526849,0.0008808025
data/raf_db/test/3/test_0749_aligned.jpg,3,3,0.0006651862,0.0007433828,0.0009185839,0.99674606,0.0002763982,0.0004932989,0.00015704166
data/raf_db/test/3/test_0750_aligned.jpg,3,3,0.010088136,0.050293885,0.022756437,0.83405226,0.06433924,0.004176504,0.0142935645
data/raf_db/test/3/test_0751_aligned.jpg,3,3,0.002375869,0.002996288,0.0051734447,0.98413956,0.0006543852,0.0033040792,0.0013563825
data/raf_db/test/3/test_0752_aligned.jpg,3,3,0.00034185813,0.00040668793,0.00034888572,0.9987878,5.8597558e-05,3.6605335e-05,1.9566627e-05
data/raf_db/test/3/test_0753_aligned.jpg,3,3,0.02294027,0.016446417,0.0058377017,0.8347147,0.1182336,0.001121974,0.00070539664
data/raf_db/test/3/test_0755_aligned.jpg,3,3,0.0010059493,0.0016802219,0.001969815,0.99345434,0.00028941993,0.0010445728,0.0005557194
data/raf_db/test/3/test_0756_aligned.jpg,3,3,0.00025999936,0.0004914802,0.0006485374,0.9896605,0.0036435258,0.0006265216,0.004669416
data/raf_db/test/3/test_0757_aligned.jpg,3,3,0.020629315,0.04061194,0.008638735,0.86357695,0.058529302,0.002488696,0.0055249557
data/raf_db/test/3/test_0758_aligned.jpg,3,3,0.00051927497,0.0010703378,0.0015784141,0.9923422,0.0040769237,0.0002036678,0.00020925202
data/raf_db/test/3/test_0759_aligned.jpg,3,3,0.0013937409,0.0012300535,0.00090766203,0.9898157,0.0064545167,0.00014952,4.8829625e-05
data/raf_db/test/3/test_0760_aligned.jpg,3,3,0.045440342,0.0936818,0.027502313,0.79022765,0.016287873,0.017417662,0.009442302
data/raf_db/test/3/test_0763_aligned.jpg,3,3,0.043299478,0.061224695,0.019397777,0.7696387,0.049519893,0.011200083,0.04571931
data/raf_db/test/3/test_0767_aligned.jpg,3,3,0.004487693,0.004515643,0.018909283,0.9288196,0.016525477,0.025438664,0.0013037022
data/raf_db/test/3/test_0768_aligned.jpg,3,3,0.00038894473,0.0002631698,0.0006712209,0.99786973,0.0006176969,0.00013358513,5.564696e-05
data/raf_db/test/3/test_0769_aligned.jpg,3,3,0.10621609,0.3879295,0.00850336,0.42765105,0.01593915,0.0058220522,0.04793874
data/raf_db/test/3/test_0771_aligned.jpg,3,3,0.009852512,0.01859982,0.0146413725,0.9275871,0.010911659,0.0068794405,0.011528065
data/raf_db/test/3/test_0773_aligned.jpg,3,3,0.009139498,0.013761952,0.011989503,0.9000189,0.042462442,0.013232108,0.009395684
data/raf_db/test/3/test_0775_aligned.jpg,3,3,0.006753597,0.012239943,0.032375213,0.9046707,0.007450633,0.034057226,0.0024526375
data/raf_db/test/3/test_0776_aligned.jpg,3,3,0.0006094235,0.0026193275,0.0021116966,0.9747011,0.018872183,0.0002280046,0.00085825194
data/raf_db/test/3/test_0778_aligned.jpg,3,3,0.027265163,0.01833497,0.28954914,0.48403472,0.153143,0.021030702,0.0066423044
data/raf_db/test/3/test_0780_aligned.jpg,3,3,0.0046769236,0.0016634121,0.0011579698,0.99154913,0.00047273448,0.00022197055,0.0002578543
data/raf_db/test/3/test_0781_aligned.jpg,3,3,0.0037413107,0.01346685,0.013998916,0.9594856,0.005013204,0.0025897045,0.0017043446
data/raf_db/test/3/test_0782_aligned.jpg,3,3,0.009946786,0.015091615,0.008095801,0.9258586,0.0050257524,0.012981786,0.022999639
data/raf_db/test/3/test_0783_aligned.jpg,3,3,0.013268109,0.019781383,0.01144667,0.94352305,0.0027792894,0.0056947945,0.0035067466
data/raf_db/test/3/test_0784_aligned.jpg,3,3,0.009094047,0.07938788,0.024873188,0.6944183,0.13070887,0.007353187,0.05416448
data/raf_db/test/3/test_0785_aligned.jpg,3,3,0.014931625,0.031252097,0.017914396,0.88101214,0.014148233,0.010888421,0.029853176
data/raf_db/test/3/test_0786_aligned.jpg,3,3,0.0012806129,0.0047624465,0.0034562603,0.9865285,0.0024828208,0.0006982281,0.0007911304
data/raf_db/test/3/test_0787_aligned.jpg,3,3,0.029992128,0.05065427,0.015388964,0.82742,0.014725711,0.016286442,0.045532476
data/raf_db/test/3/test_0788_aligned.jpg,3,3,0.0062913904,0.0048599476,0.0047968794,0.9736632,0.0035856438,0.0019358821,0.004867118
data/raf_db/test/3/test_0790_aligned.jpg,3,3,0.001692015,0.0025567356,0.0033792679,0.98206747,0.009514449,0.00062612497,0.00016391494
data/raf_db/test/3/test_0791_aligned.jpg,3,3,0.00838115,0.014056352,0.005570521,0.9641636,0.004624923,0.0013928708,0.0018106347
data/raf_db/test/3/test_0792_aligned.jpg,3,3,0.019672662,0.029715396,0.0099154245,0.9084659,0.002779912,0.010818946,0.01863172
data/raf_db/test/3/test_0794_aligned.jpg,3,3,0.00037081007,0.0008482748,0.007802416,0.9226585,0.05980077,0.007623789,0.0008954545
data/raf_db/test/3/test_0796_aligned.jpg,3,3,0.00021678461,0.00014563311,0.0005665367,0.99865156,0.00023353209,0.00015749817,2.847495e-05
data/raf_db/test/3/test_0797_aligned.jpg,3,3,0.0058544036,0.0107016945,0.0091456,0.9600937,0.0074024806,0.0034602962,0.0033419204
data/raf_db/test/3/test_0798_aligned.jpg,3,3,0.01505063,0.02048105,0.022274137,0.5657842,0.2800391,0.0465302,0.04984071
data/raf_db/test/3/test_0799_aligned.jpg,3,3,0.002920207,0.0019881832,0.0047381,0.9862592,0.0018116493,0.0020354607,0.0002471565
data/raf_db/test/3/test_0800_aligned.jpg,3,3,0.00046019236,0.0004530037,0.000822203,0.9978551,0.00024230944,0.00010328208,6.379582e-05
data/raf_db/test/3/test_0801_aligned.jpg,3,3,0.00065348315,0.0015642972,0.0030583045,0.9915964,0.00085967995,0.0018141122,0.0004536654
data/raf_db/test/3/test_0802_aligned.jpg,3,3,0.006274858,0.012603899,0.016921569,0.90591353,0.03325388,0.017031308,0.008000935
data/raf_db/test/3/test_0803_aligned.jpg,3,3,0.07379016,0.13501069,0.036880888,0.6175404,0.07912242,0.024449622,0.033205755
data/raf_db/test/3/test_0805_aligned.jpg,3,6,0.13729012,0.01534336,0.09625836,0.16314586,0.12892608,0.18175034,0.27728575
data/raf_db/test/3/test_0806_aligned.jpg,3,3,0.0003523113,0.0010405293,0.0009316897,0.9968284,0.00041407123,0.00015819771,0.0002748022
data/raf_db/test/3/test_0808_aligned.jpg,3,3,0.0013203303,0.0023738244,0.0025243734,0.98813987,0.004383105,0.0008473867,0.00041112793
data/raf_db/test/3/test_0809_aligned.jpg,3,3,0.021489745,0.035958387,0.008021827,0.82328546,0.019213904,0.009496887,0.08253376
data/raf_db/test/3/test_0811_aligned.jpg,3,3,0.022968568,0.01432507,0.023960957,0.8583787,0.048868332,0.02006833,0.011430073
data/raf_db/test/3/test_0813_aligned.jpg,3,3,0.0023567644,0.0076390086,0.0104524,0.95593303,0.016403712,0.0039868657,0.0032281885
data/raf_db/test/3/test_0814_aligned.jpg,3,3,0.018720092,0.01631335,0.010945422,0.92547774,0.017816095,0.005390218,0.0053370134
data/raf_db/test/3/test_0815_aligned.jpg,3,3,0.02456975,0.113178715,0.02870404,0.71644866,0.058567744,0.013704427,0.044826623
data/raf_db/test/3/test_0816_aligned.jpg,3,3,0.012109478,0.015494804,0.009247465,0.9471802,0.0041649584,0.0057180836,0.0060849357
data/raf_db/test/3/test_0817_aligned.jpg,3,3,0.010073554,0.01686848,0.055500835,0.7946298,0.018934427,0.09142653,0.012566403
data/raf_db/test/3/test_0818_aligned.jpg,3,3,0.0020310027,0.0040778085,0.008758938,0.91887474,0.06540194,0.0005447391,0.00031079704
data/raf_db/test/3/test_0821_aligned.jpg,3,3,0.02642265,0.009755271,0.007786775,0.9178844,0.006871782,0.017887464,0.013391647
data/raf_db/test/3/test_0822_aligned.jpg,3,3,0.052888617,0.16296199,0.017025948,0.31844506,0.24790497,0.023248887,0.17752452
data/raf_db/test/3/test_0823_aligned.jpg,3,3,0.005806628,0.016439997,0.019581173,0.9189747,0.031652465,0.0056164274,0.0019285162
data/raf_db/test/3/test_0824_aligned.jpg,3,3,0.00062298914,0.0019528625,0.002306517,0.98738676,0.006436265,0.0007024631,0.00059217046
data/raf_db/test/3/test_0826_aligned.jpg,3,3,0.0024560315,0.0044903937,0.0016014068,0.98577625,0.0018512871,0.0005282816,0.003296374
data/raf_db/test/3/test_0827_aligned.jpg,3,3,0.0023870268,0.0035863959,0.0042837444,0.97792196,0.002030437,0.0041582296,0.0056321584
data/raf_db/test/3/test_0828_aligned.jpg,3,3,0.00059189426,0.0009985939,0.0041800956,0.987056,0.0023548845,0.0045422288,0.00027629762
data/raf_db/test/3/test_0829_aligned.jpg,3,3,0.00034358233,0.00023453451,0.0010372915,0.99784744,0.00030046294,0.0001994809,3.7143374e-05
data/raf_db/test/3/test_0830_aligned.jpg,3,3,0.03403481,0.044687115,0.0271407,0.810608,0.07397475,0.0051125307,0.004442072
data/raf_db/test/3/test_0831_aligned.jpg,3,3,0.012293588,0.020455774,0.0073711816,0.95012265,0.0047616214,0.0019681158,0.0030271125
data/raf_db/test/3/test_0832_aligned.jpg,3,3,0.0040533035,0.0133638345,0.00994804,0.9156034,0.051703356,0.0017584714,0.003569604
data/raf_db/test/3/test_0833_aligned.jpg,3,3,0.036977854,0.04272241,0.039425217,0.8249083,0.010446322,0.0235966,0.021923332
data/raf_db/test/3/test_0835_aligned.jpg,3,4,0.017642884,0.08248946,0.031160517,0.3415827,0.483794,0.011015143,0.03231523
data/raf_db/test/3/test_0836_aligned.jpg,3,3,0.009041045,0.006770968,0.0095638735,0.954936,0.008834107,0.007246941,0.0036070629
data/raf_db/test/3/test_0838_aligned.jpg,3,3,0.00085766957,0.002346894,0.0060483934,0.91942376,0.06990419,0.0008876876,0.00053142046
data/raf_db/test/3/test_0840_aligned.jpg,3,3,0.0011323999,0.0014397014,0.0011192819,0.9953015,0.0005706761,0.00030968367,0.00012671837
data/raf_db/test/3/test_0841_aligned.jpg,3,3,0.013058632,0.010171978,0.003464107,0.9621699,0.00071845384,0.0028227577,0.007594188
data/raf_db/test/3/test_0842_aligned.jpg,3,3,0.03860061,0.062535554,0.027282737,0.8398523,0.012028871,0.010124844,0.009575122
data/raf_db/test/3/test_0843_aligned.jpg,3,3,0.0014793738,0.002476195,0.0018384373,0.9910081,0.0005876215,0.0009028718,0.0017074164
data/raf_db/test/3/test_0844_aligned.jpg,3,3,0.011313659,0.09817271,0.014561841,0.41668403,0.020210618,0.04563006,0.3934271
data/raf_db/test/3/test_0846_aligned.jpg,3,3,0.0054984465,0.0052305725,0.011177742,0.9385939,0.0088413935,0.0206459,0.010012083
data/raf_db/test/3/test_0848_aligned.jpg,3,3,0.0057424936,0.006240746,0.0017570856,0.98092884,0.00124623,0.0007439515,0.003340652
data/raf_db/test/3/test_0849_aligned.jpg,3,3,0.0024117134,0.0054494203,0.0044589355,0.97569853,0.0041209986,0.0038554657,0.004004908
data/raf_db/test/3/test_0852_aligned.jpg,3,3,0.0026849734,0.007130342,0.008123378,0.5624531,0.41776046,0.00089920807,0.00094852794
data/raf_db/test/3/test_0854_aligned.jpg,3,3,0.001058026,0.0023183096,0.0017570289,0.98367,0.0016661785,0.0015172856,0.008013201
data/raf_db/test/3/test_0855_aligned.jpg,3,3,0.00045434295,0.00051992433,0.00058132026,0.99808145,0.00012462829,0.00017557463,6.281339e-05
data/raf_db/test/3/test_0856_aligned.jpg,3,3,0.0004693683,0.001281351,0.0018758293,0.9919064,0.0017405045,0.000811634,0.0019149686
data/raf_db/test/3/test_0857_aligned.jpg,3,3,0.012050029,0.017523557,0.017465105,0.9080689,0.011287426,0.016110634,0.0174944
data/raf_db/test/3/test_0858_aligned.jpg,3,3,0.013010064,0.0036379113,0.0039414642,0.9707784,0.005227902,0.0023222296,0.0010820497
data/raf_db/test/3/test_0860_aligned.jpg,3,3,0.0038996346,0.02542535,0.013300702,0.9144896,0.017692365,0.007715609,0.017476652
data/raf_db/test/3/test_0861_aligned.jpg,3,3,0.00026339546,0.00030043634,0.0004674155,0.99857485,5.0475937e-05,0.0002441778,9.924426e-05
data/raf_db/test/3/test_0862_aligned.jpg,3,3,0.0034664746,0.0059652496,0.009459748,0.96513814,0.009840545,0.004163605,0.0019662613
data/raf_db/test/3/test_0864_aligned.jpg,3,3,0.0011671926,0.004443269,0.009450181,0.9697231,0.0025845473,0.009588803,0.0030428953
data/raf_db/test/3/test_0865_aligned.jpg,3,3,0.0005251295,0.0004064959,0.0010594709,0.9973018,0.000597074,0.000101818376,8.0762675e-06
data/raf_db/test/3/test_0866_aligned.jpg,3,3,0.0021278744,0.0014623774,0.0023369303,0.9917998,0.00036959,0.0016028954,0.00030051524
data/raf_db/test/3/test_0869_aligned.jpg,3,3,0.014128147,0.024445545,0.025992801,0.8689555,0.028394783,0.021407679,0.016675547
data/raf_db/test/3/test_0871_aligned.jpg,3,3,0.06572825,0.099818565,0.019361181,0.40031776,0.046750832,0.04775681,0.3202666
data/raf_db/test/3/test_0879_aligned.jpg,3,3,0.06321565,0.17254369,0.032309107,0.6115721,0.00795591,0.053670447,0.05873314
data/raf_db/test/3/test_0880_aligned.jpg,3,3,0.0013652698,0.0011580482,0.00054092536,0.99658585,0.00011532979,0.00011818575,0.000116341354
data/raf_db/test/3/test_0881_aligned.jpg,3,3,0.0027031638,0.014794623,0.0051086764,0.97059846,0.0013669115,0.0024297785,0.002998285
data/raf_db/test/3/test_0882_aligned.jpg,3,3,0.0026901506,0.014531054,0.013501221,0.84954846,0.026755143,0.01748154,0.075492434
data/raf_db/test/3/test_0883_aligned.jpg,3,3,0.0019335707,0.004474932,0.003123486,0.9876994,0.0007414612,0.0007540548,0.0012731062
data/raf_db/test/3/test_0884_aligned.jpg,3,3,0.0075591845,0.03291861,0.013626978,0.88587534,0.055504203,0.0024803816,0.0020352372
data/raf_db/test/3/test_0885_aligned.jpg,3,3,0.0020693047,0.009513577,0.0063014515,0.9515407,0.027792817,0.0011815628,0.0016005115
data/raf_db/test/3/test_0886_aligned.jpg,3,3,0.007093523,0.009677715,0.0060267267,0.9732197,0.0024064078,0.0011945638,0.00038132424
data/raf_db/test/3/test_0887_aligned.jpg,3,3,0.041053813,0.056196302,0.090330414,0.65142894,0.045553256,0.07218907,0.043248255
data/raf_db/test/3/test_0890_aligned.jpg,3,3,0.0020077506,0.00932562,0.003365951,0.9815137,0.0015572589,0.0011581143,0.0010716298
data/raf_db/test/3/test_0894_aligned.jpg,3,3,0.015379291,0.04451973,0.018060064,0.7862341,0.025806464,0.013587913,0.09641247
data/raf_db/test/3/test_0896_aligned.jpg,3,3,0.053132363,0.16778518,0.019208865,0.6823284,0.030063508,0.008172151,0.039309528
data/raf_db/test/3/test_0897_aligned.jpg,3,3,0.004992264,0.02208724,0.012736265,0.94482577,0.0048879646,0.0058542998,0.004616266
data/raf_db/test/3/test_0898_aligned.jpg,3,3,0.0181421,0.008854625,0.0033752583,0.96259373,0.0018118193,0.00136723,0.0038552193
data/raf_db/test/3/test_0899_aligned.jpg,3,6,0.08642135,0.104405545,0.033129398,0.097655945,0.15806882,0.17904419,0.34127474
data/raf_db/test/3/test_0901_aligned.jpg,3,3,0.0026061006,0.0023139727,0.0031794722,0.9890393,0.00049545005,0.001793745,0.00057196757
data/raf_db/test/3/test_0904_aligned.jpg,3,3,0.000182356,0.00050317927,0.0007059923,0.9979087,0.00021332127,0.00023531874,0.00025112362
data/raf_db/test/3/test_0906_aligned.jpg,3,5,0.0023054716,0.0041451277,0.04982958,0.41346338,0.003859392,0.4836581,0.04273892
data/raf_db/test/3/test_0908_aligned.jpg,3,3,0.02613938,0.043441065,0.031226395,0.86173546,0.017838873,0.016703641,0.0029151924
data/raf_db/test/3/test_0911_aligned.jpg,3,3,0.016178958,0.07126854,0.010258024,0.8551962,0.038731758,0.0017847606,0.006581776
data/raf_db/test/3/test_0915_aligned.jpg,3,3,0.007797288,0.01611871,0.021180937,0.9114588,0.013771452,0.02458005,0.005092836
data/raf_db/test/3/test_0921_aligned.jpg,3,3,0.01468386,0.030426301,0.0056769215,0.92902786,0.00795826,0.0022973898,0.009929372
data/raf_db/test/3/test_0922_aligned.jpg,3,3,0.0646333,0.006621911,0.1930781,0.6294728,0.011012122,0.08870883,0.006472945
data/raf_db/test/3/test_0923_aligned.jpg,3,3,0.00020274844,0.00050162943,0.00033999322,0.9986136,0.00010685009,6.1824525e-05,0.00017334039
data/raf_db/test/3/test_0924_aligned.jpg,3,3,0.0021164285,0.009073416,0.009355493,0.9518866,0.015334713,0.0052698907,0.00696342
data/raf_db/test/3/test_0928_aligned.jpg,3,3,0.009491979,0.015192911,0.008001506,0.9563028,0.0059955693,0.0019083002,0.003106981
data/raf_db/test/3/test_0929_aligned.jpg,3,3,0.0010315174,0.002257223,0.003088729,0.99040973,0.0012772214,0.0013365081,0.0005990322
data/raf_db/test/3/test_0930_aligned.jpg,3,3,0.0005464413,0.0010250254,0.0012086758,0.9963648,0.00045282912,0.0003159352,8.627473e-05
data/raf_db/test/3/test_0932_aligned.jpg,3,3,0.025105221,0.023889845,0.020755433,0.8398825,0.04993724,0.019824298,0.020605382
data/raf_db/test/3/test_0933_aligned.jpg,3,3,0.011844281,0.0107141705,0.0021403895,0.9725054,0.00072969764,0.0005169493,0.0015490756
data/raf_db/test/3/test_0934_aligned.jpg,3,3,0.001217286,0.0014011543,0.003689192,0.9898391,0.002775273,0.00095982914,0.0001181852
data/raf_db/test/3/test_0938_aligned.jpg,3,3,0.0035790235,0.009802066,0.0057283468,0.965176,0.007310426,0.003100496,0.005303625
data/raf_db/test/3/test_0939_aligned.jpg,3,3,0.013631587,0.003759583,0.0041523078,0.97533745,0.0010260587,0.001703132,0.00038991123
data/raf_db/test/3/test_0941_aligned.jpg,3,3,0.003177086,0.0023503064,0.0018901555,0.9852808,0.00023525867,0.0030806372,0.003985732
data/raf_db/test/3/test_0942_aligned.jpg,3,3,0.004343482,0.008071005,0.0024977166,0.98153573,0.00164091,0.0005100076,0.0014010787
data/raf_db/test/3/test_0943_aligned.jpg,3,3,0.0050149835,0.008075081,0.0050364635,0.9750352,0.0011217091,0.002878018,0.0028385534
data/raf_db/test/3/test_0944_aligned.jpg,3,3,0.0015011244,0.0016513518,0.0010693364,0.99486697,0.00024028677,0.00034741292,0.00032343247
data/raf_db/test/3/test_0945_aligned.jpg,3,3,0.0027505888,0.0032314353,0.0020826978,0.9900109,0.00059335364,0.0006334734,0.0006975282
data/raf_db/test/3/test_0946_aligned.jpg,3,3,0.0013977389,0.0018530024,0.0010340028,0.99365,0.0002183285,0.0005637165,0.0012831939
data/raf_db/test/3/test_0954_aligned.jpg,3,3,0.03549595,0.10356626,0.04017224,0.71481746,0.0450811,0.02213583,0.03873114
data/raf_db/test/3/test_0955_aligned.jpg,3,3,0.046075124,0.04386265,0.03826144,0.8460651,0.0119351,0.0035407126,0.010259878
data/raf_db/test/3/test_0958_aligned.jpg,3,3,0.0017267114,0.00087314367,0.0020470484,0.99119496,0.0024654763,0.0014421967,0.00025042184
data/raf_db/test/3/test_0959_aligned.jpg,3,3,0.0018565509,0.0030531902,0.010415187,0.6868224,0.2800331,0.008521581,0.0092979055
data/raf_db/test/3/test_0961_aligned.jpg,3,3,0.04670737,0.028065918,0.049859814,0.63099134,0.05315857,0.1302534,0.06096357
data/raf_db/test/3/test_0962_aligned.jpg,3,3,0.039240107,0.019553846,0.10871573,0.5331603,0.016767705,0.2794771,0.0030852302
data/raf_db/test/3/test_0963_aligned.jpg,3,3,0.0092638405,0.0125905825,0.016369203,0.8532012,0.027356304,0.03176516,0.049453687
data/raf_db/test/3/test_0967_aligned.jpg,3,3,0.12298323,0.062424548,0.0113166,0.63650906,0.009801742,0.019982466,0.13698241
data/raf_db/test/3/test_0971_aligned.jpg,3,3,0.001332465,0.0008717942,0.0015454241,0.99476045,0.00026749892,0.0010191792,0.0002031658
data/raf_db/test/3/test_0972_aligned.jpg,3,3,0.006444463,0.0051700533,0.011605837,0.96503866,0.0022529261,0.0070748413,0.0024132328
data/raf_db/test/3/test_0973_aligned.jpg,3,3,0.0034746742,0.0030021616,0.0019037647,0.9906633,0.0006129001,0.0002575004,8.568277e-05
data/raf_db/test/3/test_0974_aligned.jpg,3,3,0.07886765,0.06505772,0.18892972,0.3563727,0.0070452397,0.29790768,0.0058192364
data/raf_db/test/3/test_0975_aligned.jpg,3,3,0.0051305904,0.010194521,0.0032336386,0.9772807,0.00052061124,0.0018181968,0.0018217427
data/raf_db/test/3/test_0976_aligned.jpg,3,3,0.00034308815,0.0003848814,0.0015695076,0.996897,0.0003412095,0.0004357297,2.8639446e-05
data/raf_db/test/3/test_0977_aligned.jpg,3,3,0.062814645,0.20697643,0.030554568,0.6068129,0.056078397,0.018763976,0.017999096
data/raf_db/test/3/test_0978_aligned.jpg,3,3,0.006065161,0.0050317906,0.027795915,0.8331461,0.02476779,0.09713049,0.00606279
data/raf_db/test/3/test_0980_aligned.jpg,3,3,0.016865486,0.02423687,0.04153341,0.70333034,0.18750466,0.01692384,0.009605431
data/raf_db/test/3/test_0981_aligned.jpg,3,3,0.019005964,0.022461941,0.0032700093,0.9525327,0.0003531379,0.0014140336,0.00096228346
data/raf_db/test/3/test_0984_aligned.jpg,3,3,0.007357213,0.050829563,0.0038531027,0.49879313,0.02700457,0.0032863584,0.40887606
data/raf_db/test/3/test_0985_aligned.jpg,3,3,0.011667696,0.024843976,0.01061246,0.940711,0.00255638,0.005533692,0.0040747356
data/raf_db/test/3/test_0989_aligned.jpg,3,3,0.0009114771,0.001329371,0.0012612179,0.9959345,0.000111518835,0.00035968862,9.2275746e-05
data/raf_db/test/3/test_0990_aligned.jpg,3,3,0.010208939,0.015074581,0.009481439,0.9507065,0.0046924097,0.0042593447,0.005576824
data/raf_db/test/3/test_0992_aligned.jpg,3,3,0.0023721063,0.019147899,0.00868551,0.75668275,0.18920399,0.0028024912,0.021105226
data/raf_db/test/3/test_0993_aligned.jpg,3,3,0.035319645,0.053626537,0.019812983,0.778515,0.0143225165,0.024406245,0.073997036
data/raf_db/test/3/test_0995_aligned.jpg,3,3,0.008036393,0.006917624,0.006862507,0.9759871,0.0006457746,0.0013442494,0.0002064313
data/raf_db/test/3/test_0996_aligned.jpg,3,1,0.07978151,0.46251893,0.035060585,0.10391284,0.17395848,0.014822132,0.12994543
data/raf_db/test/3/test_0999_aligned.jpg,3,3,0.00955544,0.02729767,0.015033082,0.8629509,0.010855892,0.024270913,0.050036076
data/raf_db/test/3/test_1004_aligned.jpg,3,3,0.00075836794,0.0031561316,0.005400865,0.9835565,0.0052533615,0.0013696104,0.0005051651
data/raf_db/test/3/test_1005_aligned.jpg,3,3,0.008725034,0.03331163,0.021878947,0.90885687,0.009865355,0.010459082,0.0069030505
data/raf_db/test/3/test_1010_aligned.jpg,3,3,0.0143080475,0.0072019934,0.011039307,0.9479752,0.0020914879,0.010985866,0.0063981307
data/raf_db/test/3/test_1011_aligned.jpg,3,3,0.005772981,0.009448209,0.0039812466,0.9686857,0.0020792354,0.002393724,0.007638852
data/raf_db/test/3/test_1012_aligned.jpg,3,3,0.000683869,0.0010596566,0.0022046634,0.9909567,0.0037979733,0.0008226303,0.00047451223
data/raf_db/test/3/test_1016_aligned.jpg,3,3,0.0019573227,0.025012562,0.012296935,0.93698275,0.011202468,0.0040853503,0.008462641
data/raf_db/test/3/test_1019_aligned.jpg,3,3,0.078222744,0.03280283,0.026353119,0.6262897,0.21675062,0.0042983,0.01528266
data/raf_db/test/3/test_1020_aligned.jpg,3,3,0.0024731134,0.004526181,0.0020253158,0.9891403,0.0013928846,0.0002816498,0.0001605634
data/raf_db/test/3/test_1021_aligned.jpg,3,3,0.10174344,0.1849594,0.02883116,0.5944312,0.017719582,0.0141588375,0.05815633
data/raf_db/test/3/test_1022_aligned.jpg,3,3,0.0031505353,0.007103057,0.0056906673,0.9775073,0.004410019,0.0012029887,0.000935373
data/raf_db/test/3/test_1025_aligned.jpg,3,3,0.0007124757,0.0021406533,0.009446496,0.9101886,0.0683486,0.008524876,0.00063824904
data/raf_db/test/3/test_1026_aligned.jpg,3,2,0.12786429,0.03286592,0.36412925,0.28996372,0.14106922,0.0201383,0.023969322
data/raf_db/test/3/test_1028_aligned.jpg,3,3,0.02534412,0.030125087,0.065228134,0.7529652,0.03137607,0.072920874,0.022040468
data/raf_db/test/3/test_1030_aligned.jpg,3,3,0.035516705,0.045938034,0.030684369,0.8347616,0.024949057,0.013350626,0.014799578
data/raf_db/test/3/test_1044_aligned.jpg,3,3,0.00023171096,0.0006097082,0.0053676306,0.9698935,0.0014327891,0.021463409,0.0010012133
data/raf_db/test/3/test_1045_aligned.jpg,3,3,0.0016875527,0.018206311,0.009575397,0.9346106,0.0039350754,0.0073691416,0.024615861
data/raf_db/test/3/test_1046_aligned.jpg,3,3,0.0030891732,0.041352596,0.022541465,0.89743274,0.013084033,0.009273134,0.013226931
data/raf_db/test/3/test_1047_aligned.jpg,3,3,0.05466632,0.12110818,0.08252313,0.41604346,0.22640361,0.05078707,0.048468143
data/raf_db/test/3/test_1053_aligned.jpg,3,3,0.00087044155,0.00049269875,0.0011812563,0.99597484,0.0012229973,0.00021826863,3.9558283e-05
data/raf_db/test/3/test_1056_aligned.jpg,3,3,0.008663364,0.0023193406,0.007363739,0.96498567,0.013063628,0.002509219,0.0010950179
data/raf_db/test/3/test_1062_aligned.jpg,3,3,0.0054480964,0.012798395,0.028565608,0.73082143,0.08714627,0.0957165,0.039503735
data/raf_db/test/3/test_1063_aligned.jpg,3,3,0.004149793,0.010105938,0.0038963573,0.9725981,0.007132559,0.0009677567,0.0011494242
data/raf_db/test/3/test_1067_aligned.jpg,3,3,0.0043364163,0.005250112,0.017856024,0.9427559,0.00926281,0.019010033,0.0015286312
data/raf_db/test/3/test_1068_aligned.jpg,3,3,0.0013675713,0.0021339578,0.0026320647,0.99175864,0.001351821,0.00056293147,0.000193027
data/raf_db/test/3/test_1069_aligned.jpg,3,3,0.0030677079,0.010357584,0.005049616,0.9718745,0.006229494,0.0017536643,0.0016674465
data/raf_db/test/3/test_1070_aligned.jpg,3,3,0.011765686,0.038184214,0.010106322,0.9166377,0.020768274,0.0017424354,0.0007952934
data/raf_db/test/3/test_1073_aligned.jpg,3,3,0.00062920386,0.0005650837,0.000843089,0.9969874,0.0006772657,0.00016826304,0.00012966192
data/raf_db/test/3/test_1075_aligned.jpg,3,3,0.0045312643,0.0029404236,0.0075850394,0.92220217,0.028468683,0.016051434,0.018221077
data/raf_db/test/3/test_1089_aligned.jpg,3,3,0.008525988,0.0071919267,0.018838927,0.86837155,0.0838948,0.007288659,0.0058881794
data/raf_db/test/3/test_1093_aligned.jpg,3,3,0.035589892,0.025569515,0.04112924,0.7244129,0.1635503,0.005464173,0.004283971
data/raf_db/test/3/test_1096_aligned.jpg,3,3,0.000537577,0.0010623252,0.0011958802,0.9947249,0.0010164318,0.00046378424,0.000999103
data/raf_db/test/3/test_1097_aligned.jpg,3,3,0.003935832,0.0032994004,0.002859269,0.9863863,0.0014806712,0.0014803683,0.0005581654
data/raf_db/test/3/test_1100_aligned.jpg,3,3,0.039590456,0.11443872,0.01869741,0.3916006,0.1200492,0.0198255,0.29579812
data/raf_db/test/3/test_1101_aligned.jpg,3,3,0.00064368703,0.0011816269,0.0011804948,0.9960531,0.00028628483,0.0003523275,0.00030243272
data/raf_db/test/3/test_1102_aligned.jpg,3,3,0.0630674,0.1303059,0.041967716,0.661345,0.038373847,0.042758454,0.02218167
data/raf_db/test/3/test_1107_aligned.jpg,3,3,0.0024680237,0.003952988,0.01750331,0.8960709,0.06760454,0.010303641,0.002096527
data/raf_db/test/3/test_1111_aligned.jpg,3,3,0.20108315,0.16706644,0.043237023,0.4541363,0.049219552,0.06690574,0.018351698
data/raf_db/test/3/test_1113_aligned.jpg,3,3,0.009418243,0.050122876,0.0040001385,0.84007066,0.0034746898,0.003065707,0.089847684
data/raf_db/test/3/test_1114_aligned.jpg,3,3,0.00436053,0.008142178,0.003264774,0.97999614,0.0019122186,0.00082539214,0.001498855
data/raf_db/test/3/test_1117_aligned.jpg,3,3,0.003733144,0.00894795,0.030185932,0.83775824,0.011224774,0.09328051,0.01486948
data/raf_db/test/3/test_1120_aligned.jpg,3,3,0.03542119,0.07238765,0.035235714,0.7905128,0.024458999,0.021025153,0.020958517
data/raf_db/test/3/test_1122_aligned.jpg,3,3,0.0012979838,0.0019002325,0.0016717861,0.9937236,0.0002546255,0.00063711946,0.00051463215
data/raf_db/test/3/test_1123_aligned.jpg,3,3,0.0021147423,0.018617438,0.004094745,0.87424225,0.03095306,0.0027448835,0.06723285
data/raf_db/test/3/test_1125_aligned.jpg,3,3,0.008667337,0.021188525,0.010299816,0.88640386,0.003311867,0.023393426,0.04673522
data/raf_db/test/3/test_1126_aligned.jpg,3,3,0.00609676,0.013518625,0.017197408,0.9455765,0.008085229,0.0071214717,0.002404079
data/raf_db/test/3/test_1128_aligned.jpg,3,3,0.0075487066,0.011895641,0.009581118,0.9388239,0.020433875,0.0051208767,0.00659593
data/raf_db/test/3/test_1130_aligned.jpg,3,6,0.0022554023,0.027420461,0.0032122494,0.24012785,0.0919051,0.0041133123,0.63096565
data/raf_db/test/3/test_1135_aligned.jpg,3,3,0.0019510468,0.0029620263,0.0024234967,0.9867317,0.0049984623,0.0005424996,0.00039070044
data/raf_db/test/3/test_1140_aligned.jpg,3,3,0.00125699,0.0022068543,0.0034073794,0.99016094,0.0017460777,0.0009769485,0.0002447948
data/raf_db/test/3/test_1143_aligned.jpg,3,3,0.0002982882,0.0008334858,0.0015666359,0.9944559,0.0016495986,0.00053611805,0.0006600424
data/raf_db/test/3/test_1144_aligned.jpg,3,3,0.0048062983,0.016634837,0.054736763,0.6557713,0.01579228,0.21176313,0.040495396
data/raf_db/test/3/test_1147_aligned.jpg,3,3,0.0033666373,0.002178548,0.0026176577,0.9868753,0.003972278,0.0006008896,0.00038860188
data/raf_db/test/3/test_1151_aligned.jpg,3,3,0.00071812526,0.001309181,0.0010212742,0.9914681,0.004699029,0.00029711932,0.00048717228
data/raf_db/test/3/test_1152_aligned.jpg,3,3,0.013841649,0.014388302,0.023105752,0.8498828,0.019533558,0.028374791,0.050873183
data/raf_db/test/3/test_1153_aligned.jpg,3,3,0.0022126052,0.0021316886,0.0031671752,0.9888342,0.0031271642,0.00036068485,0.00016646704
data/raf_db/test/3/test_1155_aligned.jpg,3,3,0.028974311,0.048386198,0.019687599,0.8101135,0.032863688,0.011577715,0.04839697
data/raf_db/test/3/test_1159_aligned.jpg,3,3,0.0017987391,0.0027957507,0.00555181,0.980191,0.0021164322,0.0058179665,0.001728296
data/raf_db/test/3/test_1163_aligned.jpg,3,3,0.015330211,0.045054667,0.01697642,0.8074441,0.09370755,0.006898766,0.014588276
data/raf_db/test/3/test_1164_aligned.jpg,3,3,0.0016914394,0.0005833861,0.0014201823,0.9876115,0.007791581,0.00053054746,0.00037138496
data/raf_db/test/3/test_1167_aligned.jpg,3,3,0.0026679141,0.0028653468,0.0018076843,0.988057,0.0015932347,0.0011070315,0.001901778
data/raf_db/test/3/test_1169_aligned.jpg,3,3,0.004157337,0.026709627,0.0042139427,0.9545266,0.0010975935,0.0023332015,0.0069616716
data/raf_db/test/3/test_1170_aligned.jpg,3,3,0.004658782,0.023082677,0.004911105,0.9428597,0.0017306907,0.0059703877,0.016786665
data/raf_db/test/3/test_1171_aligned.jpg,3,3,0.0022144627,0.014106447,0.005550108,0.96871924,0.003928766,0.0021393942,0.0033416126
data/raf_db/test/3/test_1172_aligned.jpg,3,3,0.0056741093,0.0062713264,0.0015093046,0.98282653,0.0009395791,0.0005808359,0.002198279
data/raf_db/test/3/test_1175_aligned.jpg,3,4,0.019761413,0.023160659,0.026528316,0.32328606,0.42398387,0.087968096,0.0953116
data/raf_db/test/3/test_1176_aligned.jpg,3,3,0.0051392755,0.006338277,0.008556735,0.9691993,0.0038362194,0.0038265223,0.0031036716
data/raf_db/test/3/test_1177_aligned.jpg,3,3,0.0014901637,0.0020620977,0.01919358,0.9428541,0.001674893,0.03186445,0.00086068315
data/raf_db/test/3/test_1179_aligned.jpg,3,3,0.0009900546,0.0034550775,0.002901166,0.98973686,0.0019361804,0.00073209277,0.00024861674
data/raf_db/test/3/test_1180_aligned.jpg,3,3,0.000616731,0.0047667962,0.0040184534,0.9874823,0.0016464003,0.00075643096,0.00071280875
data/raf_db/test/3/test_1181_aligned.jpg,3,3,0.011508861,0.049139045,0.0041796337,0.84635127,0.003812822,0.0034049521,0.081603475
data/raf_db/test/3/test_1182_aligned.jpg,3,3,0.0032622532,0.007479888,0.005632166,0.9764642,0.0037194102,0.0013318938,0.0021101446
data/raf_db/test/3/test_1184_aligned.jpg,3,3,0.0061466373,0.0065691746,0.002188774,0.9820295,0.0003052061,0.0012817744,0.0014789315
data/raf_db/test/3/test_1189_aligned.jpg,3,6,0.02483691,0.039700806,0.0043774173,0.19803962,0.058392394,0.010207841,0.66444504
data/raf_db/test/3/test_1191_aligned.jpg,3,3,0.09392552,0.13223878,0.05084102,0.59760725,0.043070592,0.052662298,0.02965452
data/raf_db/test/3/test_1193_aligned.jpg,3,3,0.02427057,0.016695727,0.014207745,0.9084086,0.020665046,0.006122134,0.009630271
data/raf_db/test/3/test_1196_aligned.jpg,3,3,0.003923396,0.014568257,0.007652846,0.9390065,0.015844595,0.0042439024,0.014760548
data/raf_db/test/3/test_1197_aligned.jpg,3,6,0.03724929,0.101687126,0.009893231,0.30813393,0.14484689,0.0074338135,0.39075574
data/raf_db/test/3/test_1201_aligned.jpg,3,3,0.00010399665,0.00012735788,0.0004151872,0.999046,0.00015027751,0.00013289481,2.4274268e-05
data/raf_db/test/3/test_1202_aligned.jpg,3,3,0.036220554,0.13466056,0.015239496,0.7405327,0.054659493,0.004988217,0.013698962
data/raf_db/test/3/test_1205_aligned.jpg,3,3,0.007873083,0.013124516,0.017974336,0.9357087,0.02003226,0.0044555888,0.0008314896
data/raf_db/test/3/test_1206_aligned.jpg,3,3,0.0063326466,0.005412257,0.008608047,0.6354759,0.008874585,0.11179975,0.22349684
data/raf_db/test/3/test_1208_aligned.jpg,3,3,0.042706456,0.020769212,0.03824282,0.49641374,0.011411765,0.3379217,0.05253433
data/raf_db/test/3/test_1209_aligned.jpg,3,3,0.051326748,0.018978216,0.018452806,0.7227623,0.012669954,0.10224452,0.073565446
data/raf_db/test/3/test_1213_aligned.jpg,3,3,0.007900169,0.016289216,0.009202463,0.6993404,0.15106185,0.013573083,0.10263279
data/raf_db/test/3/test_1214_aligned.jpg,3,3,0.004503897,0.004406959,0.002427098,0.9729043,0.015083568,0.0003553479,0.00031872993
data/raf_db/test/3/test_1215_aligned.jpg,3,3,0.003170629,0.0032250434,0.0031015282,0.98463017,0.0025851147,0.0015707058,0.0017167825
data/raf_db/test/3/test_1216_aligned.jpg,3,3,0.0019818945,0.006879121,0.011199952,0.9625194,0.0005031286,0.014741532,0.0021750228
data/raf_db/test/3/test_1218_aligned.jpg,3,3,0.01166512,0.016500382,0.008693962,0.94904387,0.010492337,0.0022337206,0.0013706594
data/raf_db/test/3/test_1219_aligned.jpg,3,3,0.0043534753,0.018798698,0.012823576,0.6400391,0.01902324,0.03023608,0.2747259
data/raf_db/test/3/test_1220_aligned.jpg,3,3,0.0005309592,0.0011973198,0.010278117,0.9522154,0.021831423,0.013616766,0.00033002862
data/raf_db/test/3/test_1222_aligned.jpg,3,3,0.038237598,0.038047154,0.00600028,0.90229714,0.011203083,0.0015843805,0.0026303295
data/raf_db/test/3/test_1225_aligned.jpg,3,3,0.010123155,0.013886655,0.010844155,0.9268075,0.01704885,0.004687538,0.016602114
data/raf_db/test/3/test_1226_aligned.jpg,3,3,0.0068693655,0.0021290167,0.010775235,0.8219829,0.15223882,0.0049307593,0.0010738262
data/raf_db/test/3/test_1229_aligned.jpg,3,6,0.009459273,0.10656244,0.003418205,0.12613289,0.023913793,0.008263132,0.7222503
data/raf_db/test/3/test_1230_aligned.jpg,3,3,0.0643163,0.05336604,0.051111232,0.772128,0.011729395,0.04384437,0.0035046486
data/raf_db/test/3/test_1231_aligned.jpg,3,3,0.0025929622,0.0020422915,0.0011662595,0.9933785,0.00039269496,0.0002786724,0.00014859169
data/raf_db/test/3/test_1232_aligned.jpg,3,3,0.0030670527,0.0085290205,0.017282786,0.93808234,0.024476152,0.0061299475,0.0024327906
data/raf_db/test/3/test_1235_aligned.jpg,3,3,0.00054439827,0.0008500275,0.0014327379,0.98716795,0.009674495,0.00024424438,8.606626e-05
data/raf_db/test/3/test_1236_aligned.jpg,3,3,0.0013130112,0.00076264626,0.003222873,0.9914574,0.0002989129,0.0026634652,0.00028169798
data/raf_db/test/3/test_1239_aligned.jpg,3,3,0.0049424013,0.0062459214,0.003467244,0.9706925,0.006690877,0.0013852373,0.0065758494
data/raf_db/test/3/test_1240_aligned.jpg,3,3,0.06313774,0.058150765,0.02516074,0.792847,0.018165885,0.019638853,0.022899037
data/raf_db/test/3/test_1242_aligned.jpg,3,3,0.0053289016,0.0061950395,0.005609614,0.9798701,0.00091040815,0.0017792658,0.00030662888
data/raf_db/test/3/test_1243_aligned.jpg,3,6,0.011741835,0.08233216,0.0071062096,0.15238833,0.045485117,0.0132486345,0.68769777
data/raf_db/test/3/test_1247_aligned.jpg,3,3,0.0036884288,0.0042762067,0.0073912945,0.97604966,0.00028546434,0.0071281465,0.0011807774
data/raf_db/test/3/test_1249_aligned.jpg,3,3,0.018793505,0.121062234,0.06314722,0.5359025,0.1436777,0.037077524,0.08033937
data/raf_db/test/3/test_1252_aligned.jpg,3,3,0.005700998,0.021674655,0.030384334,0.8941506,0.0043521044,0.03267118,0.0110661695
data/raf_db/test/3/test_1253_aligned.jpg,3,3,0.00999777,0.0462028,0.009533805,0.89776796,0.017395148,0.0039071846,0.015195334
data/raf_db/test/3/test_1255_aligned.jpg,3,3,0.002536629,0.016302118,0.049418535,0.8025361,0.063770495,0.034713477,0.030722622
data/raf_db/test/3/test_1257_aligned.jpg,3,6,0.014534959,0.032822225,0.007058591,0.3112213,0.020118322,0.04220628,0.57203823
data/raf_db/test/3/test_1260_aligned.jpg,3,3,0.0010266631,0.0014598707,0.0029842942,0.9882046,0.0054170424,0.00031419212,0.0005932711
data/raf_db/test/3/test_1264_aligned.jpg,3,3,0.004373483,0.024063198,0.003150731,0.95292085,0.009491649,0.0004902796,0.0055097626
data/raf_db/test/3/test_1265_aligned.jpg,3,3,0.011238743,0.032216262,0.014622674,0.8079125,0.044192106,0.019033393,0.070784315
data/raf_db/test/3/test_1269_aligned.jpg,3,3,0.0058585815,0.0071429564,0.008496636,0.97242546,0.002412888,0.0031121264,0.00055129174
data/raf_db/test/3/test_1273_aligned.jpg,3,3,0.002700276,0.014337578,0.009504433,0.95511,0.014899007,0.0019633372,0.0014854061
data/raf_db/test/3/test_1274_aligned.jpg,3,3,0.012962289,0.015259966,0.015103478,0.9236058,0.0173139,0.00812532,0.007629244
data/raf_db/test/3/test_1275_aligned.jpg,3,3,0.0024749078,0.0021599554,0.0077046035,0.98003036,0.005991114,0.0008929445,0.00074614317
data/raf_db/test/3/test_1276_aligned.jpg,3,3,0.00855821,0.0110331355,0.008419868,0.9574316,0.0063372925,0.0038277016,0.0043921615
data/raf_db/test/3/test_1284_aligned.jpg,3,5,0.0073734843,0.0051541184,0.036557194,0.0068616737,0.005877286,0.9334154,0.0047608903
data/raf_db/test/3/test_1286_aligned.jpg,3,3,0.011538459,0.02157131,0.0103296265,0.9462984,0.007612599,0.0021512236,0.0004983445
data/raf_db/test/3/test_1287_aligned.jpg,3,3,0.064875335,0.042723987,0.05571107,0.790454,0.03069963,0.00825549,0.007280531
data/raf_db/test/3/test_1288_aligned.jpg,3,3,0.009939394,0.006666585,0.005100404,0.97272485,0.0011537559,0.0025808855,0.0018340172
data/raf_db/test/3/test_1290_aligned.jpg,3,5,0.0122628175,0.008186919,0.013895247,0.0011416039,0.020004645,0.9206499,0.02385891
data/raf_db/test/3/test_1291_aligned.jpg,3,3,0.010083571,0.015141873,0.0076928325,0.9481179,0.015516447,0.0020406684,0.0014066988
data/raf_db/test/3/test_1292_aligned.jpg,3,3,0.00048527858,0.0009231951,0.001115356,0.99594456,0.00060273695,0.0004017779,0.00052703905
data/raf_db/test/3/test_1295_aligned.jpg,3,3,0.0061807963,0.0041001607,0.009726694,0.96181476,0.0021635683,0.01040056,0.005613333
data/raf_db/test/3/test_1296_aligned.jpg,3,3,6.764098e-05,0.00015185442,0.00025502278,0.9992506,7.253857e-05,8.859322e-05,0.000113745096
data/raf_db/test/3/test_1297_aligned.jpg,3,3,0.0020726358,0.011200129,0.008009969,0.9686252,0.0053672283,0.0015921062,0.0031326818
data/raf_db/test/3/test_1298_aligned.jpg,3,4,0.18330555,0.17971234,0.018865902,0.22192757,0.31513974,0.022607874,0.058441013
data/raf_db/test/3/test_1299_aligned.jpg,3,3,0.06951332,0.1128426,0.07896423,0.54586476,0.066931285,0.06551965,0.060364068
data/raf_db/test/3/test_1302_aligned.jpg,3,3,0.0024007328,0.004632925,0.004827605,0.98088616,0.005181937,0.0010373776,0.0010332773
data/raf_db/test/3/test_1307_aligned.jpg,3,3,0.013299811,0.007630564,0.016279714,0.9208009,0.03487062,0.0057490976,0.0013692998
data/raf_db/test/3/test_1308_aligned.jpg,3,3,0.036463402,0.17590404,0.010635167,0.53476775,0.024061233,0.010070511,0.20809796
data/raf_db/test/3/test_1310_aligned.jpg,3,4,0.0065641613,0.105493285,0.0110909445,0.068883374,0.48251238,0.009448892,0.316007
data/raf_db/test/3/test_1311_aligned.jpg,3,3,0.007099007,0.014682518,0.0057005086,0.9584162,0.0023101256,0.0034826295,0.008308917
data/raf_db/test/3/test_1313_aligned.jpg,3,3,0.042550284,0.11478999,0.02235336,0.6399444,0.06886783,0.022716457,0.08877766
data/raf_db/test/3/test_1318_aligned.jpg,3,3,0.001430711,0.011385663,0.009261,0.95976985,0.0019580964,0.007485177,0.00870948
data/raf_db/test/3/test_1319_aligned.jpg,3,3,0.015355606,0.029717205,0.01728028,0.811735,0.0460396,0.025661383,0.054210924
data/raf_db/test/3/test_1321_aligned.jpg,3,3,0.00030444987,0.0010048868,0.0024750843,0.9918733,0.0031905994,0.000800697,0.00035103274
data/raf_db/test/3/test_1322_aligned.jpg,3,3,0.026806558,0.15429144,0.031987473,0.6991432,0.02335993,0.01831211,0.046099324
data/raf_db/test/3/test_1323_aligned.jpg,3,3,0.035000082,0.08147841,0.018399918,0.80631936,0.019112872,0.008163723,0.03152562
data/raf_db/test/3/test_1325_aligned.jpg,3,3,0.027615815,0.09319315,0.00780699,0.804536,0.0035689934,0.005866631,0.05741238
data/raf_db/test/3/test_1327_aligned.jpg,3,3,0.038784288,0.061371654,0.117230676,0.6067383,0.032918856,0.1347229,0.008233392
data/raf_db/test/3/test_1337_aligned.jpg,3,3,0.010706145,0.06898963,0.015621032,0.80879074,0.01282142,0.012497596,0.0705734
data/raf_db/test/3/test_1346_aligned.jpg,3,3,0.011379562,0.004894018,0.047978632,0.92483217,0.0018148922,0.0080212075,0.0010795784
data/raf_db/test/3/test_1350_aligned.jpg,3,3,0.0022234344,0.0034258587,0.0043244925,0.9848903,0.0022478763,0.0016791945,0.0012087802
data/raf_db/test/3/test_1351_aligned.jpg,3,3,0.0049967514,0.009707615,0.014109774,0.9528204,0.007333533,0.009432585,0.001599427
data/raf_db/test/3/test_1352_aligned.jpg,3,3,0.0014904046,0.0033262384,0.0026059763,0.9879683,0.0035583077,0.000667427,0.00038334733
data/raf_db/test/3/test_1353_aligned.jpg,3,4,0.0104479,0.022355633,0.04183409,0.22731826,0.63241005,0.023686321,0.04194775
data/raf_db/test/3/test_1354_aligned.jpg,3,3,0.021407962,0.027592305,0.028104017,0.81492895,0.07985478,0.012687053,0.015424927
data/raf_db/test/3/test_1356_aligned.jpg,3,3,0.00071151956,0.007856169,0.0020032858,0.9866223,0.0015632501,0.00019962083,0.0010439379
data/raf_db/test/3/test_1357_aligned.jpg,3,3,0.0012267352,0.0018003719,0.008288671,0.9794742,0.00037924823,0.008519323,0.00031146093
data/raf_db/test/3/test_1358_aligned.jpg,3,3,0.007916003,0.019170757,0.009559169,0.92048866,0.0062573855,0.011075008,0.025533102
data/raf_db/test/3/test_1359_aligned.jpg,3,3,0.011878324,0.014706214,0.002434881,0.9674385,0.0012453885,0.00071675907,0.001579956
data/raf_db/test/3/test_1360_aligned.jpg,3,3,0.005875332,0.02519654,0.015350135,0.69159603,0.2507028,0.0037187517,0.0075604212
data/raf_db/test/3/test_1361_aligned.jpg,3,3,0.00080952246,0.0019304184,0.0054590055,0.94464093,0.0075316215,0.025158769,0.0144696785
data/raf_db/test/3/test_1362_aligned.jpg,3,4,0.010137736,0.0234094,0.015881741,0.073960535,0.7911693,0.031326704,0.054114603
data/raf_db/test/3/test_1363_aligned.jpg,3,3,0.0031003205,0.009553208,0.0058475104,0.9760124,0.0029988417,0.0012516152,0.001236109
data/raf_db/test/3/test_1364_aligned.jpg,3,3,0.03868346,0.026338432,0.023965983,0.8143153,0.056258492,0.026864931,0.01357345
data/raf_db/test/3/test_1366_aligned.jpg,3,3,0.026862953,0.049605004,0.031011378,0.81810844,0.008375856,0.025991697,0.040044725
data/raf_db/test/3/test_1369_aligned.jpg,3,3,0.0041586114,0.009927342,0.007603174,0.9656764,0.009609667,0.0019098095,0.0011150057
data/raf_db/test/3/test_1374_aligned.jpg,3,3,0.010092665,0.011502994,0.007184474,0.6440155,0.060407452,0.060123466,0.2066734
data/raf_db/test/3/test_1380_aligned.jpg,3,3,0.012026988,0.02000916,0.014491347,0.6158429,0.26177928,0.014245783,0.061604578
data/raf_db/test/3/test_1383_aligned.jpg,3,4,0.14044093,0.18824084,0.16092636,0.079205334,0.23984046,0.113502406,0.077843696
data/raf_db/test/3/test_1384_aligned.jpg,3,3,0.0014519936,0.0024229167,0.002687399,0.9849584,0.0055847126,0.0015192432,0.0013753317
data/raf_db/test/3/test_1387_aligned.jpg,3,3,0.0025602244,0.0056618475,0.011275396,0.9517859,0.0055349753,0.013051491,0.010130123
data/raf_db/test/3/test_1388_aligned.jpg,3,3,0.020433947,0.046834715,0.058287103,0.5212566,0.003616113,0.32625467,0.02331685
data/raf_db/test/3/test_1392_aligned.jpg,3,3,0.000770951,0.0016755546,0.0025222942,0.9932532,0.00085328805,0.00053335645,0.00039146317
data/raf_db/test/3/test_1393_aligned.jpg,3,3,0.009419096,0.018284608,0.01743551,0.6811432,0.21163937,0.004531837,0.05754638
data/raf_db/test/3/test_1394_aligned.jpg,3,3,0.015349636,0.010430209,0.0076844017,0.9544386,0.00598554,0.0038919149,0.0022196907
data/raf_db/test/3/test_1395_aligned.jpg,3,3,0.11577975,0.033747587,0.18248309,0.332038,0.25514707,0.07467377,0.006130703
data/raf_db/test/3/test_1398_aligned.jpg,3,3,0.0042777257,0.0154964505,0.008843406,0.9355721,0.012135362,0.0045480467,0.019126907
data/raf_db/test/3/test_1401_aligned.jpg,3,3,0.009751568,0.01152402,0.013546588,0.90150535,0.014992054,0.024320781,0.024359692
data/raf_db/test/3/test_1402_aligned.jpg,3,3,0.023444679,0.018334467,0.08030679,0.5291183,0.017104499,0.31802952,0.0136617385
data/raf_db/test/3/test_1405_aligned.jpg,3,3,0.010857577,0.0353444,0.018241158,0.88116056,0.025282625,0.009691329,0.019422324
data/raf_db/test/3/test_1406_aligned.jpg,3,3,0.0023903667,0.0065488555,0.003811553,0.9698118,0.005371016,0.0018391301,0.010227313
data/raf_db/test/3/test_1407_aligned.jpg,3,3,0.021529261,0.1269776,0.021336935,0.34979624,0.1495047,0.037681732,0.29317358
data/raf_db/test/3/test_1409_aligned.jpg,3,3,0.026762052,0.35591397,0.011673566,0.35832405,0.061734326,0.0050046635,0.18058734
data/raf_db/test/3/test_1410_aligned.jpg,3,3,0.020537406,0.067840844,0.015910134,0.81186146,0.01407057,0.011094412,0.05868525
data/raf_db/test/3/test_1414_aligned.jpg,3,3,0.0016477103,0.0020037722,0.004413095,0.9814647,0.0040000454,0.0036308307,0.0028398198
data/raf_db/test/3/test_1415_aligned.jpg,3,3,0.013289989,0.10868161,0.02424421,0.59733933,0.21746856,0.004982176,0.033994105
data/raf_db/test/3/test_1418_aligned.jpg,3,3,0.0031638558,0.0034060488,0.002243869,0.985587,0.0026097854,0.00089277246,0.0020966723
data/raf_db/test/3/test_1419_aligned.jpg,3,3,0.0042492435,0.0048430823,0.012679451,0.9674416,0.0027105918,0.006893527,0.001182556
data/raf_db/test/3/test_1422_aligned.jpg,3,3,0.0006040061,0.0014711561,0.0013499992,0.9950597,0.0003498599,0.0003477418,0.00081746257
data/raf_db/test/3/test_1423_aligned.jpg,3,3,0.0045131627,0.0034812775,0.007729174,0.96150225,0.017201703,0.0043177367,0.0012547596
data/raf_db/test/3/test_1424_aligned.jpg,3,3,0.00811534,0.006937186,0.004499482,0.9784339,0.0004119792,0.00070312625,0.0008990613
data/raf_db/test/3/test_1428_aligned.jpg,3,3,0.005389836,0.0314542,0.011257036,0.87725794,0.057012666,0.0051596346,0.012468717
data/raf_db/test/3/test_1430_aligned.jpg,3,3,0.04740036,0.045620147,0.054682612,0.6871972,0.09487199,0.03707561,0.033152033
data/raf_db/test/3/test_1431_aligned.jpg,3,3,0.0003112917,0.0010646399,0.0029515694,0.9927908,0.00021925951,0.0021754317,0.00048696558
data/raf_db/test/3/test_1434_aligned.jpg,3,3,0.011623232,0.021712013,0.010102003,0.93864346,0.00780348,0.0054033413,0.004712435
data/raf_db/test/3/test_1438_aligned.jpg,3,3,0.00059541187,0.0006072931,0.0013531087,0.9903606,0.0066489093,0.0003026581,0.00013209827
data/raf_db/test/3/test_1444_aligned.jpg,3,3,0.012278235,0.03482604,0.01103763,0.90875024,0.018969098,0.003585356,0.010553391
data/raf_db/test/3/test_1448_aligned.jpg,3,3,0.019460306,0.004894524,0.002262797,0.9634673,0.0062149377,0.0013594525,0.0023407266
data/raf_db/test/3/test_1455_aligned.jpg,3,6,0.004040314,0.013266441,0.0018911773,0.47127348,0.010841913,0.00468802,0.4939987
data/raf_db/test/3/test_1456_aligned.jpg,3,3,0.023231303,0.027419427,0.016353752,0.45839903,0.027075486,0.074240655,0.37328035
data/raf_db/test/3/test_1457_aligned.jpg,3,3,0.027446639,0.06638841,0.10554454,0.6596447,0.051582173,0.0827686,0.006624965
data/raf_db/test/3/test_1460_aligned.jpg,3,3,0.0042936723,0.0051406273,0.0026381551,0.96421194,0.0029437274,0.0029145128,0.017857334
data/raf_db/test/3/test_1463_aligned.jpg,3,3,0.00078475865,0.0019408789,0.0026738264,0.9928381,0.0008375246,0.00064024754,0.00028469806
data/raf_db/test/3/test_1464_aligned.jpg,3,3,0.014423723,0.07526727,0.013871172,0.8039343,0.042469025,0.006013399,0.04402112
data/raf_db/test/3/test_1465_aligned.jpg,3,3,0.032664537,0.054980163,0.02864776,0.54781365,0.11267895,0.06203947,0.16117546
data/raf_db/test/3/test_1466_aligned.jpg,3,3,0.018531356,0.040294457,0.018014986,0.8668002,0.017854284,0.013191536,0.02531315
data/raf_db/test/3/test_1468_aligned.jpg,3,3,0.01534072,0.02007202,0.014307493,0.91396606,0.007873716,0.018915331,0.009524607
data/raf_db/test/3/test_1469_aligned.jpg,3,3,0.02000375,0.04896632,0.023985159,0.8127872,0.013870865,0.028698716,0.05168807
data/raf_db/test/3/test_1472_aligned.jpg,3,3,0.030562425,0.07779502,0.008818812,0.8677586,0.006050898,0.0025448254,0.006469488
data/raf_db/test/3/test_1480_aligned.jpg,3,4,0.016467644,0.19079861,0.03043784,0.22429954,0.4004749,0.0061862743,0.13133518
data/raf_db/test/3/test_1482_aligned.jpg,3,3,0.00012676406,0.0003138904,0.0003642512,0.9990121,3.8039518e-05,8.908017e-05,5.580425e-05
data/raf_db/test/3/test_1483_aligned.jpg,3,3,0.009202146,0.0108338175,0.01482283,0.925516,0.029277032,0.0071866405,0.0031615535
data/raf_db/test/3/test_1485_aligned.jpg,3,3,0.0026977924,0.0123814745,0.009466329,0.9588036,0.00444061,0.0039672116,0.008243087
data/raf_db/test/3/test_1486_aligned.jpg,3,6,0.01939694,0.16202807,0.039369848,0.029079655,0.2125119,0.08478414,0.45282942
data/raf_db/test/3/test_1488_aligned.jpg,3,3,0.009903535,0.006196254,0.0041442853,0.9767744,0.00061195757,0.0014829597,0.0008865884
data/raf_db/test/3/test_1489_aligned.jpg,3,3,0.008238993,0.0034380627,0.0066952077,0.96228194,0.017694643,0.00077952346,0.00087162055
data/raf_db/test/3/test_1491_aligned.jpg,3,6,0.027603868,0.2722626,0.010682086,0.1799276,0.022215012,0.013585438,0.47372335
data/raf_db/test/3/test_1493_aligned.jpg,3,3,0.010915959,0.030932873,0.005084824,0.91477436,0.034534436,0.00077057985,0.0029870335
data/raf_db/test/3/test_1497_aligned.jpg,3,3,0.0011947649,0.0040498185,0.0046339496,0.9861611,0.0012037113,0.0019708604,0.00078579725
data/raf_db/test/3/test_1498_aligned.jpg,3,3,0.005033946,0.0046391957,0.051898118,0.4774934,0.005721847,0.4509793,0.0042342157
data/raf_db/test/3/test_1499_aligned.jpg,3,1,0.044919323,0.3456171,0.03570688,0.07051008,0.3324591,0.04800518,0.122782335
data/raf_db/test/3/test_1501_aligned.jpg,3,6,0.0037375353,0.020736894,0.00096649386,0.011821173,0.008466282,0.0056597684,0.94861186
data/raf_db/test/3/test_1502_aligned.jpg,3,3,0.011659526,0.0699972,0.022848833,0.5869654,0.048669066,0.025957687,0.2339023
data/raf_db/test/3/test_1505_aligned.jpg,3,3,0.009334424,0.02939481,0.012231566,0.7802194,0.029090492,0.0224449,0.117284395
data/raf_db/test/3/test_1506_aligned.jpg,3,3,0.0030280915,0.0032875985,0.001972785,0.9877989,0.0008235242,0.0013056621,0.0017833526
data/raf_db/test/3/test_1507_aligned.jpg,3,0,0.51752776,0.056807194,0.03582786,0.2963285,0.067183636,0.01897349,0.007351579
data/raf_db/test/3/test_1508_aligned.jpg,3,3,0.009728779,0.048740394,0.018778427,0.70723724,0.2061015,0.0029166916,0.00649699
data/raf_db/test/3/test_1510_aligned.jpg,3,6,0.005699504,0.023891546,0.008646147,0.3322946,0.06149694,0.02547991,0.54249126
data/raf_db/test/3/test_1512_aligned.jpg,3,3,0.0004090296,0.0002550048,0.00041110892,0.9983714,0.0005185411,3.090186e-05,4.0465247e-06
data/raf_db/test/3/test_1514_aligned.jpg,3,1,0.1406268,0.35248896,0.04555061,0.04936087,0.04069276,0.23226507,0.13901493
data/raf_db/test/3/test_1516_aligned.jpg,3,4,0.010488866,0.08094148,0.005542892,0.103207186,0.65190107,0.004534449,0.14338408
data/raf_db/test/3/test_1518_aligned.jpg,3,6,0.031111812,0.2022183,0.0122807305,0.09180703,0.24223925,0.02125928,0.39908364
data/raf_db/test/3/test_1521_aligned.jpg,3,3,0.0029826679,0.006617675,0.008668224,0.97029346,0.008421891,0.0022217177,0.000794324
data/raf_db/test/3/test_1522_aligned.jpg,3,3,0.0157521,0.029357266,0.0032954349,0.8654369,0.008837963,0.0030322177,0.07428812
data/raf_db/test/3/test_1523_aligned.jpg,3,3,0.088151135,0.17309391,0.03810496,0.49301043,0.08945231,0.019848244,0.09833908
data/raf_db/test/3/test_1524_aligned.jpg,3,3,0.037696052,0.04685552,0.030724056,0.79080427,0.07680849,0.012264304,0.0048473664
data/raf_db/test/3/test_1525_aligned.jpg,3,3,0.018653695,0.025304165,0.017926384,0.88618046,0.03241773,0.009273974,0.010243566
data/raf_db/test/3/test_1526_aligned.jpg,3,3,0.010047565,0.0151187545,0.006102858,0.93775254,0.01330734,0.0036169582,0.014053992
data/raf_db/test/3/test_1527_aligned.jpg,3,3,0.0026399943,0.002682773,0.0053946655,0.9832192,0.00043112197,0.0048346915,0.0007975784
data/raf_db/test/3/test_1528_aligned.jpg,3,3,0.06416777,0.13450474,0.017703013,0.58357036,0.09583222,0.016352922,0.08786901
data/raf_db/test/3/test_1531_aligned.jpg,3,3,0.005469087,0.025475973,0.0067598554,0.76968336,0.03481292,0.0067081996,0.15109059
data/raf_db/test/3/test_1532_aligned.jpg,3,3,0.018453171,0.016995922,0.011368832,0.9201034,0.0046331096,0.012892941,0.015552672
data/raf_db/test/3/test_1538_aligned.jpg,3,3,0.0048900465,0.018359393,0.0151056675,0.9442744,0.006338915,0.0051808306,0.0058507384
data/raf_db/test/3/test_1540_aligned.jpg,3,3,0.09322112,0.2238188,0.03114303,0.42362702,0.21151178,0.007920155,0.008758167
data/raf_db/test/3/test_1541_aligned.jpg,3,3,0.025408423,0.007496668,0.03779248,0.9028955,0.0039695306,0.018104687,0.0043327017
data/raf_db/test/3/test_1543_aligned.jpg,3,3,0.017687231,0.028754978,0.016982434,0.7943107,0.1357359,0.002241605,0.0042871265
data/raf_db/test/3/test_1544_aligned.jpg,3,3,0.011825797,0.009374048,0.0055166497,0.962291,0.004735164,0.003104144,0.003153227
data/raf_db/test/3/test_1545_aligned.jpg,3,3,0.00244077,0.003907029,0.007851209,0.9505265,0.007923771,0.015962979,0.011387769
data/raf_db/test/3/test_1548_aligned.jpg,3,3,0.020033928,0.024007054,0.036581825,0.6675885,0.021134583,0.14794978,0.08270442
data/raf_db/test/3/test_1550_aligned.jpg,3,3,0.0011028628,0.0032771854,0.0051610745,0.94196624,0.046050277,0.0019331301,0.00050920894
data/raf_db/test/3/test_1552_aligned.jpg,3,3,0.0032199065,0.007893028,0.009680294,0.967777,0.0013548617,0.008087071,0.0019877476
data/raf_db/test/3/test_1554_aligned.jpg,3,4,0.14304377,0.26752904,0.025879158,0.1915617,0.3570498,0.0059062606,0.009030338
data/raf_db/test/3/test_1558_aligned.jpg,3,6,0.011448856,0.098073006,0.0035836855,0.21833216,0.037437093,0.0057123625,0.6254128
data/raf_db/test/3/test_1559_aligned.jpg,3,3,0.003547994,0.0039095455,0.003831888,0.9829154,0.00247915,0.001612999,0.0017030573
data/raf_db/test/3/test_1560_aligned.jpg,3,3,0.004223078,0.015003838,0.009324418,0.9482011,0.007179006,0.005826394,0.010242184
data/raf_db/test/3/test_1561_aligned.jpg,3,3,0.0024939415,0.0028582383,0.0076119336,0.9837018,0.00045162503,0.002613035,0.0002692998
data/raf_db/test/3/test_1562_aligned.jpg,3,3,0.027241418,0.04587977,0.026224084,0.86782944,0.006546748,0.018683761,0.0075947046
data/raf_db/test/3/test_1564_aligned.jpg,3,3,0.0048181848,0.011862882,0.008347381,0.9544543,0.0087135965,0.0054906877,0.006313011
data/raf_db/test/3/test_1567_aligned.jpg,3,3,0.0039940407,0.015732646,0.005831364,0.9396417,0.006487118,0.003561031,0.024752146
data/raf_db/test/3/test_1570_aligned.jpg,3,3,0.01386434,0.015267285,0.008945871,0.9520615,0.006826819,0.0021531696,0.0008810265
data/raf_db/test/3/test_1571_aligned.jpg,3,3,0.0017118312,0.0020615845,0.002553962,0.9901265,0.0023885714,0.0007803117,0.00037719487
data/raf_db/test/3/test_1579_aligned.jpg,3,3,0.022179719,0.1141987,0.024481207,0.741114,0.04566975,0.008770544,0.043586068
data/raf_db/test/3/test_1580_aligned.jpg,3,3,0.016891958,0.052304238,0.009298327,0.4202938,0.13220868,0.0075494214,0.36145362
data/raf_db/test/3/test_1581_aligned.jpg,3,3,0.0007838829,0.0007333542,0.0010639542,0.99582434,0.001268851,0.00026097952,6.4635096e-05
data/raf_db/test/3/test_1582_aligned.jpg,3,3,0.0003607136,0.00045356964,0.000725113,0.9975345,0.00033510695,0.00026465338,0.00032628916
data/raf_db/test/3/test_1583_aligned.jpg,3,6,0.005129518,0.037233014,0.0033909155,0.12521626,0.01594283,0.010385932,0.8027016
data/raf_db/test/3/test_1588_aligned.jpg,3,3,0.0022518355,0.002617887,0.004092923,0.98681265,0.0022061658,0.0015993357,0.00041922316
data/raf_db/test/3/test_1589_aligned.jpg,3,3,0.001184768,0.0013889767,0.0038558908,0.99043244,0.00069564907,0.002110855,0.00033144956
data/raf_db/test/3/test_1591_aligned.jpg,3,3,0.006062602,0.0076317047,0.0052856267,0.8038827,0.17265987,0.0018153306,0.0026621432
data/raf_db/test/3/test_1593_aligned.jpg,3,3,0.053785007,0.07619011,0.08130869,0.57432055,0.06693244,0.12419133,0.02327182
data/raf_db/test/3/test_1594_aligned.jpg,3,5,0.014091814,0.043130424,0.07784601,0.115596,0.010993067,0.6699064,0.068436295
data/raf_db/test/3/test_1595_aligned.jpg,3,3,0.0021428803,0.0041850563,0.0025754198,0.9890188,0.001555758,0.00033793904,0.00018416609
data/raf_db/test/3/test_1596_aligned.jpg,3,3,0.006420304,0.01511882,0.0063027563,0.7432825,0.005892063,0.018114896,0.20486869
data/raf_db/test/3/test_1597_aligned.jpg,3,3,0.039355066,0.024322841,0.06682842,0.7492563,0.041464828,0.05167414,0.02709834
data/raf_db/test/3/test_1600_aligned.jpg,3,3,0.0015475157,0.0048159277,0.0032639583,0.9872957,0.0005740237,0.0014972639,0.0010056135
data/raf_db/test/3/test_1605_aligned.jpg,3,3,0.004116379,0.006093729,0.003288783,0.97368085,0.0017475408,0.0030788898,0.007993855
data/raf_db/test/3/test_1614_aligned.jpg,3,3,0.012904408,0.019107556,0.08030855,0.6973877,0.14209156,0.026672198,0.021527996
data/raf_db/test/3/test_1616_aligned.jpg,3,3,0.0008700489,0.0013237657,0.0019098447,0.99154985,0.0036055325,0.0005691451,0.00017184921
data/raf_db/test/3/test_1617_aligned.jpg,3,3,0.0005369669,0.00038688834,0.0012143115,0.9957207,0.0015343963,0.00052630407,8.046453e-05
data/raf_db/test/3/test_1628_aligned.jpg,3,3,0.008737508,0.02768641,0.021308102,0.87191874,0.020314807,0.01532262,0.034711823
data/raf_db/test/3/test_1629_aligned.jpg,3,3,0.003926818,0.0046058185,0.0028225686,0.98411775,0.00054070726,0.0016951172,0.0022911786
data/raf_db/test/3/test_1631_aligned.jpg,3,3,0.010070702,0.018804431,0.015163846,0.94071627,0.008144568,0.0048309783,0.0022691465
data/raf_db/test/3/test_1633_aligned.jpg,3,3,0.0007915891,0.00060491654,0.002426069,0.98689574,0.007827284,0.0013552466,9.9182835e-05
data/raf_db/test/3/test_1635_aligned.jpg,3,3,0.060820844,0.12920739,0.029727831,0.36904803,0.0548036,0.046916492,0.3094758
data/raf_db/test/3/test_1636_aligned.jpg,3,3,0.021434817,0.021399202,0.06645234,0.7354861,0.0025361856,0.14921536,0.00347593
data/raf_db/test/3/test_1640_aligned.jpg,3,3,0.00073812815,0.000740997,0.00041231053,0.99775356,6.353621e-05,0.0001357395,0.00015574889
data/raf_db/test/3/test_1641_aligned.jpg,3,3,0.06044424,0.041458365,0.014161526,0.60594386,0.12411235,0.020980146,0.1328995
data/raf_db/test/3/test_1644_aligned.jpg,3,3,0.0093914345,0.006674673,0.011517056,0.9225405,0.024582362,0.017056148,0.008237791
data/raf_db/test/3/test_1647_aligned.jpg,3,3,0.002084804,0.0022320794,0.0026907667,0.99029,0.00018214705,0.0018673276,0.0006528544
data/raf_db/test/3/test_1648_aligned.jpg,3,3,0.00072629424,0.00079945155,0.002825241,0.9903385,0.0015917949,0.0025715723,0.0011471305
data/raf_db/test/3/test_1655_aligned.jpg,3,3,0.0008864097,0.0016358767,0.0015248049,0.9883266,0.0010996728,0.0017946351,0.0047319504
data/raf_db/test/3/test_1656_aligned.jpg,3,3,0.017548095,0.01937256,0.037060726,0.87612253,0.019694852,0.02172774,0.008473417
data/raf_db/test/3/test_1658_aligned.jpg,3,5,0.0003876385,0.00086792384,0.046159502,0.17614955,0.022367418,0.75374,0.00032791906
data/raf_db/test/3/test_1659_aligned.jpg,3,3,0.013358827,0.028243212,0.012649144,0.81463534,0.1003598,0.0035033603,0.027250323
data/raf_db/test/3/test_1665_aligned.jpg,3,3,0.0066272756,0.012679149,0.0052381265,0.94728494,0.026681844,0.0010075249,0.00048108655
data/raf_db/test/3/test_1667_aligned.jpg,3,3,0.024092412,0.009333464,0.11103107,0.8214549,0.004120891,0.027578225,0.0023890885
data/raf_db/test/3/test_1676_aligned.jpg,3,3,0.008700986,0.08374784,0.044799317,0.5657816,0.07667892,0.055116426,0.16517486
data/raf_db/test/3/test_1677_aligned.jpg,3,3,0.0038555225,0.019783046,0.0063634664,0.9465104,0.02192933,0.0007625458,0.0007956313
data/raf_db/test/3/test_1678_aligned.jpg,3,3,0.11875712,0.020665787,0.14305395,0.6427465,0.041433923,0.028070405,0.0052723256
data/raf_db/test/3/test_1679_aligned.jpg,3,1,0.075868025,0.40471068,0.009913751,0.16987257,0.20204768,0.008973929,0.12861341
data/raf_db/test/3/test_1686_aligned.jpg,3,3,0.021993713,0.026713928,0.0765081,0.46281433,0.045971543,0.31489894,0.0510995
data/raf_db/test/3/test_1690_aligned.jpg,3,3,0.00028318763,0.00079330977,0.0026893062,0.9901046,0.005587154,0.0004332353,0.00010922292
data/raf_db/test/3/test_1692_aligned.jpg,3,3,0.008537221,0.019020315,0.012636142,0.64659697,0.046896584,0.053627808,0.212685
data/raf_db/test/3/test_1693_aligned.jpg,3,3,0.080305114,0.03511614,0.061527614,0.5382487,0.2764265,0.005704066,0.0026718923
data/raf_db/test/3/test_1694_aligned.jpg,3,3,0.002491461,0.002466583,0.0010103962,0.99218565,0.001039631,0.00026658806,0.0005397237
data/raf_db/test/3/test_1695_aligned.jpg,3,4,0.036093168,0.0845644,0.035026945,0.053452685,0.44788527,0.1427718,0.20020571
data/raf_db/test/3/test_1696_aligned.jpg,3,3,0.00028284494,0.0006407532,0.00043694343,0.9982596,0.000155505,0.00010086665,0.00012347048
data/raf_db/test/3/test_1697_aligned.jpg,3,3,0.0010781334,0.0011678984,0.0033367178,0.9563829,0.0012449226,0.0223015,0.014488016
data/raf_db/test/3/test_1699_aligned.jpg,3,3,0.00692949,0.0058739632,0.009931831,0.92411655,0.004924799,0.026831085,0.02139224
data/raf_db/test/3/test_1701_aligned.jpg,3,3,0.048825603,0.022489628,0.0295177,0.8632038,0.0045354078,0.021460988,0.009966755
data/raf_db/test/3/test_1702_aligned.jpg,3,3,0.0066045662,0.004946488,0.0042471783,0.9809232,0.0007223126,0.0020403853,0.00051596086
data/raf_db/test/3/test_1703_aligned.jpg,3,3,0.008322338,0.010364135,0.0055109425,0.9627777,0.0043581817,0.003219872,0.0054468806
data/raf_db/test/3/test_1704_aligned.jpg,3,3,0.0007915669,0.0012970542,0.0044973935,0.98566425,0.0005251604,0.0061100274,0.0011146066
data/raf_db/test/3/test_1705_aligned.jpg,3,3,0.00093185843,0.0007887024,0.0017831645,0.994806,0.00093654875,0.0006125636,0.00014114953
data/raf_db/test/3/test_1706_aligned.jpg,3,3,0.00032524168,0.00043454085,0.00077342964,0.9980001,0.0001257788,0.0002730912,6.774801e-05
data/raf_db/test/3/test_1707_aligned.jpg,3,3,0.0022937204,0.0030687356,0.0042432435,0.97995454,0.0011117314,0.004963767,0.004364226
data/raf_db/test/3/test_1708_aligned.jpg,3,3,0.023441238,0.25347868,0.022153005,0.59346545,0.055547126,0.00667023,0.04524423
data/raf_db/test/3/test_1710_aligned.jpg,3,3,0.0011512697,0.0016306535,0.017257687,0.9267556,0.04860542,0.0032947694,0.0013046347
data/raf_db/test/3/test_1712_aligned.jpg,3,4,0.0064836824,0.032186482,0.011434234,0.24440366,0.6951722,0.002436053,0.007883714
data/raf_db/test/3/test_1713_aligned.jpg,3,3,0.012646968,0.01430653,0.01099373,0.9384211,0.015753837,0.004196558,0.0036812723
data/raf_db/test/3/test_1717_aligned.jpg,3,3,0.02568496,0.03929302,0.019583853,0.69301677,0.15568255,0.014292521,0.052446313
data/raf_db/test/3/test_1718_aligned.jpg,3,3,0.027193392,0.13363788,0.01922205,0.5698781,0.1993441,0.0053472356,0.045377247
data/raf_db/test/3/test_1719_aligned.jpg,3,4,0.013948652,0.33155307,0.006558182,0.061145745,0.40129393,0.0020055447,0.18349484
data/raf_db/test/3/test_1724_aligned.jpg,3,3,0.0029464427,0.004994485,0.005281895,0.9778755,0.00582968,0.0017536153,0.0013184352
data/raf_db/test/3/test_1726_aligned.jpg,3,3,0.014892639,0.026952133,0.010183945,0.9187649,0.021321196,0.005219889,0.0026653528
data/raf_db/test/3/test_1729_aligned.jpg,3,3,0.030536653,0.05874528,0.01850952,0.8650703,0.01130324,0.010324926,0.0055100913
data/raf_db/test/3/test_1733_aligned.jpg,3,3,0.0044463635,0.0322839,0.029062033,0.8874102,0.031276155,0.013901655,0.0016196953
data/raf_db/test/3/test_1734_aligned.jpg,3,3,0.0014988573,0.0057441317,0.0043883766,0.9818401,0.004069971,0.0014827356,0.00097583677
data/raf_db/test/3/test_1743_aligned.jpg,3,3,0.0042416104,0.014588626,0.0067006857,0.96980804,0.001830876,0.001320473,0.0015097262
data/raf_db/test/3/test_1749_aligned.jpg,3,4,0.011367863,0.047956023,0.008599889,0.012118632,0.91178894,0.0043682535,0.0038003526
data/raf_db/test/3/test_1752_aligned.jpg,3,3,0.018165914,0.037194155,0.010504374,0.9196705,0.00883721,0.003214099,0.002413719
data/raf_db/test/3/test_1755_aligned.jpg,3,3,0.007142027,0.011264235,0.0075858827,0.9655623,0.0048992946,0.0015384033,0.0020079368
data/raf_db/test/3/test_1757_aligned.jpg,3,3,0.01133401,0.019710163,0.020859089,0.9203165,0.012664814,0.008994206,0.0061211884
data/raf_db/test/3/test_1761_aligned.jpg,3,3,0.0018526623,0.0090462,0.0051592086,0.9758959,0.005626271,0.0013361698,0.0010835193
data/raf_db/test/3/test_1762_aligned.jpg,3,3,0.0035256997,0.01649968,0.010440363,0.93769413,0.022260334,0.004804053,0.004775752
data/raf_db/test/3/test_1764_aligned.jpg,3,3,0.014005001,0.015431115,0.005784514,0.9008671,0.019691313,0.006845701,0.0373752
data/raf_db/test/3/test_1765_aligned.jpg,3,3,0.028268322,0.051351298,0.015534884,0.83582765,0.040059224,0.010556232,0.018402286
data/raf_db/test/3/test_1770_aligned.jpg,3,3,0.007762489,0.010859666,0.009711804,0.94292754,0.009688997,0.011212009,0.007837545
data/raf_db/test/3/test_1773_aligned.jpg,3,3,0.029369501,0.06290619,0.02086227,0.8295599,0.026121423,0.00886508,0.022315552
data/raf_db/test/3/test_1775_aligned.jpg,3,0,0.19018264,0.11769157,0.15361756,0.108221516,0.13708076,0.15943597,0.13376994
data/raf_db/test/3/test_1778_aligned.jpg,3,6,0.05073786,0.09978548,0.04845513,0.19196554,0.09122383,0.16347384,0.35435832
data/raf_db/test/3/test_1784_aligned.jpg,3,3,0.007865228,0.014310598,0.030308433,0.9142595,0.00854192,0.020605655,0.004108647
data/raf_db/test/3/test_1787_aligned.jpg,3,3,0.017104408,0.014452285,0.0075991214,0.94528145,0.009194696,0.002215519,0.004152526
data/raf_db/test/3/test_1790_aligned.jpg,3,3,0.028792415,0.109620705,0.012548954,0.82290995,0.020308917,0.001638104,0.0041810246
data/raf_db/test/3/test_1793_aligned.jpg,3,3,0.0039963825,0.0020097976,0.0047002505,0.97001487,0.010036647,0.0055915737,0.0036505007
data/raf_db/test/3/test_1794_aligned.jpg,3,3,0.019836405,0.011420411,0.0050272197,0.9584758,0.0043627475,0.0006552055,0.00022227007
data/raf_db/test/3/test_1796_aligned.jpg,3,3,0.0011648911,0.0023998513,0.001458541,0.9931283,0.0016490619,0.000114150396,8.529102e-05
data/raf_db/test/3/test_1797_aligned.jpg,3,3,0.0043784967,0.008589809,0.011252628,0.9598937,0.0020580995,0.010171013,0.0036562677
data/raf_db/test/3/test_1817_aligned.jpg,3,3,0.0008124415,0.00076964294,0.00070216,0.9969885,0.0004520079,0.00015218243,0.00012303206
data/raf_db/test/3/test_1819_aligned.jpg,3,3,0.0036004107,0.0067403163,0.019646162,0.82624614,0.13150688,0.010769926,0.0014900872
data/raf_db/test/3/test_1825_aligned.jpg,3,3,0.0005893331,0.0006386063,0.0012906194,0.9941499,0.0027413792,0.00041894586,0.00017121663
data/raf_db/test/3/test_1826_aligned.jpg,3,3,0.0049219998,0.009576058,0.0024169562,0.9797354,0.00039970357,0.0010601034,0.0018897764
data/raf_db/test/3/test_1834_aligned.jpg,3,3,0.032714345,0.057107605,0.025303252,0.53150856,0.26450837,0.0342194,0.0546385
data/raf_db/test/3/test_1837_aligned.jpg,3,3,0.013452597,0.011068982,0.0060624094,0.9604937,0.0023104204,0.0044101398,0.0022017276
data/raf_db/test/3/test_1841_aligned.jpg,3,3,0.021677718,0.059662472,0.038387537,0.62333757,0.13018534,0.056249905,0.07049946
data/raf_db/test/3/test_1844_aligned.jpg,3,1,0.1360889,0.70305204,0.0046699494,0.04424335,0.033404764,0.0056994995,0.07284155
data/raf_db/test/3/test_1848_aligned.jpg,3,3,0.11458321,0.1404571,0.015551269,0.61946315,0.009511284,0.02311803,0.07731594
data/raf_db/test/3/test_1860_aligned.jpg,3,3,0.00048447525,0.0007382129,0.0014078859,0.9961951,0.00015303445,0.0007382129,0.00028309267
data/raf_db/test/3/test_1862_aligned.jpg,3,3,0.012656488,0.04018473,0.027274266,0.6637149,0.008967507,0.09982833,0.14737378
data/raf_db/test/3/test_1865_aligned.jpg,3,3,0.026695821,0.100733474,0.03711627,0.6325452,0.058973286,0.022984523,0.12095144
data/raf_db/test/3/test_1870_aligned.jpg,3,3,0.014056265,0.10113376,0.012724513,0.78347754,0.036546413,0.004500143,0.047561325
data/raf_db/test/3/test_1871_aligned.jpg,3,3,0.008128068,0.026748095,0.016692441,0.9169022,0.017451338,0.005436744,0.008641115
data/raf_db/test/3/test_1876_aligned.jpg,3,3,0.004921148,0.019081203,0.008188822,0.9121215,0.019539276,0.00610199,0.030046025
data/raf_db/test/3/test_1878_aligned.jpg,3,3,0.011756838,0.014375563,0.009053719,0.9259688,0.026114557,0.0046369093,0.008093549
data/raf_db/test/3/test_1881_aligned.jpg,3,3,0.010653629,0.017920434,0.025962394,0.68611354,0.059924956,0.10987227,0.08955288
data/raf_db/test/3/test_1883_aligned.jpg,3,3,0.013888462,0.016582841,0.020209175,0.8627611,0.0025649662,0.05230216,0.031691276
data/raf_db/test/3/test_1885_aligned.jpg,3,3,0.016307931,0.031198928,0.0780449,0.7638269,0.013621491,0.09174485,0.00525508
data/raf_db/test/3/test_1887_aligned.jpg,3,3,0.020637633,0.014290966,0.010469144,0.808739,0.02056315,0.015278045,0.110022016
data/raf_db/test/3/test_1888_aligned.jpg,3,3,0.023605803,0.036515944,0.013726501,0.3496925,0.2180694,0.07051236,0.2878774
data/raf_db/test/3/test_1889_aligned.jpg,3,3,0.012128478,0.016051829,0.028824411,0.84706247,0.07566537,0.0145354625,0.0057319594
data/raf_db/test/3/test_1892_aligned.jpg,3,3,0.026387889,0.039347924,0.025178822,0.53394574,0.36466122,0.0039097997,0.006568612
data/raf_db/test/3/test_1894_aligned.jpg,3,3,0.0010760006,0.0041636257,0.002203377,0.988235,0.0017663995,0.0005221022,0.0020334693
data/raf_db/test/3/test_1895_aligned.jpg,3,4,0.03982038,0.15310402,0.014483496,0.18375553,0.5942677,0.0053597167,0.009209211
data/raf_db/test/3/test_1896_aligned.jpg,3,3,0.00061513414,0.0008337708,0.0008231439,0.9952167,0.0021756394,0.00021823586,0.00011739945
data/raf_db/test/3/test_1897_aligned.jpg,3,3,9.7764736e-05,8.5977605e-05,0.00050455425,0.99828464,0.0009146628,0.000100010075,1.236432e-05
data/raf_db/test/3/test_1898_aligned.jpg,3,3,0.051841754,0.10514084,0.023550207,0.5599186,0.14313652,0.011494959,0.10491708
data/raf_db/test/3/test_1899_aligned.jpg,3,3,0.0016955812,0.005407486,0.0032811246,0.95400023,0.03451208,0.00028647244,0.000817001
data/raf_db/test/3/test_1900_aligned.jpg,3,3,0.0015528412,0.0047739986,0.0037597453,0.97776,0.011576381,0.00040649803,0.0001705068
data/raf_db/test/3/test_1905_aligned.jpg,3,3,0.098054655,0.053794876,0.01511302,0.59888726,0.03101107,0.03972153,0.1634175
data/raf_db/test/3/test_1906_aligned.jpg,3,3,0.0046816273,0.006989818,0.0042298124,0.9665785,0.013771456,0.0020984989,0.0016503155
data/raf_db/test/3/test_1907_aligned.jpg,3,3,0.0008527465,0.0019122714,0.0030835108,0.9825434,0.0008969464,0.003320904,0.007390284
data/raf_db/test/3/test_1915_aligned.jpg,3,3,0.004562881,0.052862197,0.0065346453,0.8321639,0.011277284,0.0038934168,0.0887057
data/raf_db/test/3/test_1916_aligned.jpg,3,3,0.00024373547,0.00052708347,0.004678132,0.98396736,0.009864755,0.00055493665,0.00016402685
data/raf_db/test/3/test_1917_aligned.jpg,3,3,0.03741044,0.039139543,0.031364754,0.81955725,0.029306063,0.018705748,0.024516217
data/raf_db/test/3/test_1919_aligned.jpg,3,6,0.042016614,0.045746464,0.004888989,0.15570773,0.17242812,0.011064463,0.56814766
data/raf_db/test/3/test_1921_aligned.jpg,3,3,0.06327753,0.13615994,0.030419268,0.6901305,0.018337281,0.024295121,0.037380345
data/raf_db/test/3/test_1924_aligned.jpg,3,3,0.0204812,0.018783245,0.009549678,0.92208445,0.024793578,0.0024977934,0.0018100542
data/raf_db/test/3/test_1925_aligned.jpg,3,3,0.0032213528,0.0008139622,0.0017270753,0.98359483,0.0077042533,0.0017553312,0.0011832135
data/raf_db/test/3/test_1930_aligned.jpg,3,3,0.029261017,0.012323644,0.014573964,0.4785074,0.062938154,0.25564244,0.14675343
data/raf_db/test/3/test_1940_aligned.jpg,3,3,0.14410292,0.2713515,0.04734847,0.34634376,0.055923145,0.07749293,0.057437338
data/raf_db/test/3/test_1941_aligned.jpg,3,3,0.001942654,0.0041227066,0.0017522697,0.9897719,0.000896916,0.00070565543,0.00080779236
data/raf_db/test/3/test_1950_aligned.jpg,3,2,0.09688282,0.007225762,0.348161,0.29939368,0.12799859,0.082246505,0.038091682
data/raf_db/test/3/test_1953_aligned.jpg,3,3,0.05910398,0.15262136,0.051194724,0.6387974,0.036039118,0.031764567,0.030478878
data/raf_db/test/3/test_1959_aligned.jpg,3,3,0.02049136,0.13107887,0.012025034,0.7859665,0.025372704,0.002101133,0.022964396
data/raf_db/test/3/test_1960_aligned.jpg,3,3,0.015675465,0.055711444,0.02064416,0.8430239,0.009082838,0.019826746,0.03603536
data/raf_db/test/3/test_1965_aligned.jpg,3,3,0.0144706,0.026398253,0.021074113,0.904428,0.020573536,0.0062619224,0.006793481
data/raf_db/test/3/test_1972_aligned.jpg,3,3,0.0054194108,0.009651489,0.010728756,0.9561146,0.010423906,0.0040527163,0.0036091716
data/raf_db/test/3/test_1977_aligned.jpg,3,3,0.0004060317,0.000200831,0.00067644304,0.9977208,0.00080082496,0.0001453512,4.9775284e-05
data/raf_db/test/3/test_1978_aligned.jpg,3,3,0.012025271,0.01139666,0.01629272,0.9386374,0.0011670083,0.017017895,0.0034631125
data/raf_db/test/3/test_1979_aligned.jpg,3,3,0.063163646,0.023447523,0.07845979,0.6383956,0.12218602,0.029009113,0.045338314
data/raf_db/test/3/test_1980_aligned.jpg,3,3,0.0032453449,0.0047089057,0.0015142168,0.98612577,0.0012456718,0.00056754216,0.0025925697
data/raf_db/test/3/test_1987_aligned.jpg,3,0,0.47487092,0.2217165,0.07882517,0.15953317,0.04689592,0.010477303,0.007681
data/raf_db/test/3/test_1989_aligned.jpg,3,6,0.02255976,0.060208213,0.026209114,0.31994367,0.023972524,0.08296196,0.46414483
data/raf_db/test/3/test_1991_aligned.jpg,3,3,0.01883511,0.123455696,0.027988989,0.78389585,0.016884698,0.00803346,0.02090624
data/raf_db/test/3/test_1992_aligned.jpg,3,3,0.009746232,0.020273954,0.015258486,0.71040314,0.023066862,0.05186321,0.16938809
data/raf_db/test/3/test_1994_aligned.jpg,3,3,0.0049345503,0.020887189,0.0034967917,0.47830495,0.06507398,0.008027754,0.4192748
data/raf_db/test/3/test_1995_aligned.jpg,3,3,0.001180142,0.0013977126,0.0011790524,0.9939925,0.0015880009,0.00035333174,0.00030923568
data/raf_db/test/3/test_1998_aligned.jpg,3,3,0.0011908283,0.0015878559,0.0018161703,0.99296004,0.0010825107,0.00076429365,0.0005983668
data/raf_db/test/3/test_1999_aligned.jpg,3,3,0.003815251,0.002603334,0.0027312643,0.9883549,0.0012968531,0.0008569322,0.00034152265
data/raf_db/test/3/test_2001_aligned.jpg,3,3,0.0047173644,0.014997001,0.0072745876,0.8353989,0.13539796,0.0015416717,0.0006726021
data/raf_db/test/3/test_2002_aligned.jpg,3,3,0.002095398,0.007737145,0.0042539304,0.9751372,0.0034944974,0.0021363227,0.005145465
data/raf_db/test/3/test_2003_aligned.jpg,3,3,0.0035294103,0.008297981,0.013907645,0.95308584,0.0073165162,0.009906749,0.0039557675
data/raf_db/test/3/test_2004_aligned.jpg,3,4,0.037679043,0.13322078,0.03231408,0.33045736,0.35797197,0.010014967,0.09834174
data/raf_db/test/3/test_2006_aligned.jpg,3,3,0.2619322,0.07552535,0.011295483,0.599536,0.02714365,0.011253993,0.013313261
data/raf_db/test/3/test_2007_aligned.jpg,3,3,0.006359855,0.0091211945,0.010662207,0.9571291,0.010144636,0.0028308309,0.0037522092
data/raf_db/test/3/test_2008_aligned.jpg,3,3,0.0012024761,0.00146328,0.0022764916,0.9899316,0.0010700868,0.0023717561,0.0016842249
data/raf_db/test/3/test_2009_aligned.jpg,3,3,0.050676968,0.10137037,0.046372723,0.5236734,0.07198462,0.085261814,0.12066017
data/raf_db/test/3/test_2010_aligned.jpg,3,3,0.0007641209,0.0019707764,0.0045001945,0.9897786,0.0013216404,0.0012127407,0.00045203982
data/raf_db/test/3/test_2011_aligned.jpg,3,3,0.07041064,0.35240993,0.015621982,0.45596904,0.020230617,0.007039153,0.078318685
data/raf_db/test/3/test_2012_aligned.jpg,3,3,0.01114933,0.007906071,0.012222568,0.8845547,0.025053699,0.02442017,0.034693398
data/raf_db/test/3/test_2015_aligned.jpg,3,1,0.037266966,0.4356981,0.0067227096,0.0716314,0.04438253,0.008088811,0.39620948
data/raf_db/test/3/test_2018_aligned.jpg,3,3,0.0983401,0.05099397,0.04159469,0.55472493,0.2351125,0.009866074,0.009367766
data/raf_db/test/3/test_2019_aligned.jpg,3,3,0.00038782193,0.0010270149,0.000833485,0.99675363,0.00049764017,0.00024375082,0.0002566618
data/raf_db/test/3/test_2020_aligned.jpg,3,3,0.0028167737,0.006674021,0.004829447,0.9782909,0.00514984,0.0013980624,0.00084100786
data/raf_db/test/3/test_2023_aligned.jpg,3,3,0.0045186407,0.004075481,0.0071476256,0.9657466,0.01659312,0.0012665652,0.00065192644
data/raf_db/test/3/test_2027_aligned.jpg,3,3,0.0058228215,0.12460928,0.01159833,0.47824743,0.32886523,0.0012357829,0.049621116
data/raf_db/test/3/test_2028_aligned.jpg,3,3,0.007193293,0.059778053,0.039886855,0.64379984,0.12353609,0.01638287,0.109423
data/raf_db/test/3/test_2029_aligned.jpg,3,3,0.0002246384,0.00079325255,0.0011432813,0.9969087,0.0004931814,0.00029013783,0.00014673872
data/raf_db/test/3/test_2030_aligned.jpg,3,3,0.0007026697,0.0074180765,0.0036294733,0.97554684,0.0103956,0.00034110964,0.0019662604
data/raf_db/test/3/test_2031_aligned.jpg,3,3,0.0028204988,0.035342544,0.026005642,0.8792852,0.012074247,0.02113065,0.023341144
data/raf_db/test/3/test_2032_aligned.jpg,3,1,0.034828,0.4961555,0.009367531,0.23009539,0.04214954,0.0045346553,0.18286939
data/raf_db/test/3/test_2033_aligned.jpg,3,3,0.0147092715,0.17200439,0.038959768,0.5867937,0.04769088,0.031672876,0.10816902
data/raf_db/test/3/test_2039_aligned.jpg,3,3,0.046650082,0.1473229,0.029557962,0.54331785,0.0067703463,0.037187155,0.18919368
data/raf_db/test/3/test_2040_aligned.jpg,3,3,0.004698235,0.025485344,0.01843274,0.9249892,0.012748713,0.0063932505,0.007252497
data/raf_db/test/3/test_2041_aligned.jpg,3,3,0.0001821646,0.00022134604,0.00055838027,0.9986444,0.00012802111,0.00017630593,8.9287605e-05
data/raf_db/test/3/test_2042_aligned.jpg,3,6,0.0069552804,0.0066151163,0.00090394256,0.39743304,0.0029187554,0.009984776,0.5751892
data/raf_db/test/3/test_2043_aligned.jpg,3,3,0.00642734,0.0074726017,0.0034999887,0.9704517,0.0073396396,0.0010150456,0.0037937206
data/raf_db/test/3/test_2044_aligned.jpg,3,3,0.04102091,0.06077943,0.021123756,0.78700775,0.014338553,0.038205985,0.03752354
data/raf_db/test/3/test_2045_aligned.jpg,3,3,0.0016962015,0.0018061026,0.00310852,0.99101794,0.0010283014,0.001102641,0.00024028294
data/raf_db/test/3/test_2046_aligned.jpg,3,3,0.00096929964,0.00105664,0.00047021784,0.9973028,6.8762296e-05,7.236024e-05,5.9920876e-05
data/raf_db/test/3/test_2047_aligned.jpg,3,3,0.005041419,0.008743858,0.005055545,0.939844,0.01803534,0.0064977068,0.016782036
data/raf_db/test/3/test_2048_aligned.jpg,3,3,0.00020058785,0.0008615021,0.00074989814,0.9975617,0.00021082298,0.00023991431,0.00017552555
data/raf_db/test/3/test_2049_aligned.jpg,3,3,0.004849854,0.03342634,0.011933469,0.9294008,0.013790642,0.002586547,0.004012389
data/raf_db/test/3/test_2053_aligned.jpg,3,3,0.01941884,0.02489525,0.0429005,0.7140926,0.039334487,0.13209718,0.027261136
data/raf_db/test/3/test_2055_aligned.jpg,3,3,0.01652082,0.048886932,0.013968131,0.852044,0.020548787,0.0057357736,0.042295627
data/raf_db/test/3/test_2059_aligned.jpg,3,3,0.0049207956,0.017972434,0.026895119,0.9035356,0.0056134206,0.032452617,0.008610003
data/raf_db/test/3/test_2060_aligned.jpg,3,3,0.00037978272,0.0006451326,0.00090504147,0.99419796,0.003373743,0.00029845414,0.00019981465
data/raf_db/test/3/test_2063_aligned.jpg,3,3,0.02793042,0.068111405,0.03329867,0.65721774,0.071703315,0.043552123,0.09818624
data/raf_db/test/3/test_2064_aligned.jpg,3,3,0.0038248037,0.02152126,0.014313699,0.7207098,0.19159639,0.0067343772,0.041299697
data/raf_db/test/3/test_2065_aligned.jpg,3,3,0.002637101,0.0021286183,0.004262711,0.98132575,0.003977505,0.003342399,0.0023259777
data/raf_db/test/3/test_2072_aligned.jpg,3,3,0.0021853049,0.0018520952,0.0010767304,0.9939633,0.0004297112,0.0002546364,0.00023826164
data/raf_db/test/3/test_2074_aligned.jpg,3,3,0.009043074,0.0078111705,0.005418385,0.962829,0.006994023,0.003431218,0.004473117
data/raf_db/test/3/test_2079_aligned.jpg,3,3,0.013698308,0.03089424,0.010919943,0.57229334,0.022138743,0.027253883,0.32280162
data/raf_db/test/3/test_2081_aligned.jpg,3,3,0.0014684553,0.0009992297,0.0008992875,0.9960877,0.0002336233,0.00017471248,0.00013706423
data/raf_db/test/3/test_2082_aligned.jpg,3,6,0.01231345,0.16494873,0.003482308,0.29032794,0.010529225,0.004582061,0.51381636
data/raf_db/test/3/test_2083_aligned.jpg,3,3,0.007297429,0.07999031,0.0059825615,0.82584506,0.045881223,0.0009998912,0.034003485
data/raf_db/test/3/test_2084_aligned.jpg,3,3,0.026798416,0.14791717,0.08903213,0.453692,0.064268425,0.091117464,0.1271743
data/raf_db/test/3/test_2085_aligned.jpg,3,6,0.017595273,0.0444837,0.010358843,0.17707184,0.0070340275,0.040808182,0.70264816
data/raf_db/test/3/test_2086_aligned.jpg,3,3,0.0062639895,0.032569192,0.0048761577,0.9402425,0.0011751652,0.002109028,0.012763849
data/raf_db/test/3/test_2087_aligned.jpg,3,3,0.03174327,0.033190455,0.025105286,0.871855,0.011927555,0.015992803,0.010185579
data/raf_db/test/3/test_2089_aligned.jpg,3,3,0.0016545047,0.005860808,0.0020927251,0.87801105,0.09438507,0.0013441083,0.01665175
data/raf_db/test/3/test_2090_aligned.jpg,3,3,0.00045578257,0.001212992,0.0051029557,0.97292197,0.0060150917,0.012799664,0.0014915682
data/raf_db/test/3/test_2091_aligned.jpg,3,3,0.0006791601,0.002064048,0.0016173128,0.99256456,0.0022452078,0.00034680165,0.00048277478
data/raf_db/test/3/test_2092_aligned.jpg,3,3,0.0016896068,0.004630145,0.003378587,0.98318785,0.0029922873,0.0018065828,0.0023149932
data/raf_db/test/3/test_2093_aligned.jpg,3,3,0.005940539,0.017817484,0.013030289,0.8949371,0.009182701,0.014711117,0.04438078
data/raf_db/test/3/test_2094_aligned.jpg,3,6,0.022920793,0.086233556,0.02834831,0.1911897,0.13042453,0.09306475,0.44781843
data/raf_db/test/3/test_2096_aligned.jpg,3,6,0.027490657,0.13036737,0.028690698,0.067685276,0.048424833,0.1278667,0.56947446
data/raf_db/test/3/test_2098_aligned.jpg,3,4,0.08079351,0.31983662,0.04365477,0.14188555,0.38326836,0.017770905,0.012790372
data/raf_db/test/3/test_2104_aligned.jpg,3,3,0.0013122368,0.006815434,0.007258926,0.8900615,0.008600092,0.023877097,0.062074702
data/raf_db/test/3/test_2105_aligned.jpg,3,3,0.019847024,0.10310176,0.054237913,0.6318645,0.06306329,0.036920812,0.09096462
data/raf_db/test/3/test_2106_aligned.jpg,3,3,0.001743738,0.0079745995,0.004706144,0.9792619,0.0023991861,0.0014066341,0.0025078033
data/raf_db/test/3/test_2107_aligned.jpg,3,3,0.00826407,0.025643269,0.012458956,0.9276502,0.011456103,0.005383606,0.009143865
data/raf_db/test/3/test_2108_aligned.jpg,3,1,0.11258825,0.642523,0.017598225,0.107192226,0.07769106,0.009578473,0.032828733
data/raf_db/test/3/test_2110_aligned.jpg,3,3,0.008712274,0.011425173,0.004242166,0.957318,0.015154377,0.002024666,0.0011233484
data/raf_db/test/3/test_2112_aligned.jpg,3,3,0.02397598,0.02030253,0.024760785,0.7987616,0.04930917,0.04155515,0.041334767
data/raf_db/test/3/test_2114_aligned.jpg,3,3,0.08859033,0.115568675,0.054401793,0.33274975,0.2936436,0.013627655,0.10141824
data/raf_db/test/3/test_2116_aligned.jpg,3,3,0.0016046732,0.009308621,0.0067344573,0.93836164,0.042484187,0.0005159825,0.0009904058
data/raf_db/test/3/test_2120_aligned.jpg,3,6,0.0131725855,0.0997147,0.012589128,0.1752216,0.01516395,0.04767074,0.6364673
data/raf_db/test/3/test_2122_aligned.jpg,3,3,0.0014800208,0.00256027,0.001933811,0.98310435,0.010006894,0.00040493676,0.0005098075
data/raf_db/test/3/test_2125_aligned.jpg,3,3,0.0030707372,0.0014894181,0.0032677979,0.98269546,0.006706809,0.0009119181,0.0018577722
data/raf_db/test/3/test_2126_aligned.jpg,3,3,0.00027101926,0.0004519351,0.0004454677,0.9980326,0.0007094863,5.3684977e-05,3.5835612e-05
data/raf_db/test/3/test_2127_aligned.jpg,3,3,0.00373778,0.04412638,0.006337988,0.9083664,0.00973164,0.0037005101,0.02399938
data/raf_db/test/3/test_2128_aligned.jpg,3,4,0.041834563,0.08087513,0.025971126,0.18933475,0.6024925,0.019161975,0.04032995
data/raf_db/test/3/test_2129_aligned.jpg,3,6,0.034972865,0.11196942,0.047675993,0.14246762,0.08836594,0.2258988,0.3486493
data/raf_db/test/3/test_2133_aligned.jpg,3,3,0.0026641565,0.07660633,0.015043857,0.78163874,0.034220114,0.007305109,0.082521655
data/raf_db/test/3/test_2134_aligned.jpg,3,3,0.057436388,0.18006666,0.047311477,0.5653411,0.02134393,0.059326775,0.069173716
data/raf_db/test/3/test_2135_aligned.jpg,3,3,0.058246817,0.13966481,0.042753093,0.63158435,0.053019423,0.032651138,0.042080324
data/raf_db/test/3/test_2136_aligned.jpg,3,3,0.010716683,0.016886909,0.03196994,0.72361493,0.010896478,0.16868335,0.03723168
data/raf_db/test/3/test_2137_aligned.jpg,3,3,0.102028094,0.07482729,0.061366506,0.6352948,0.080104865,0.035547648,0.010830696
data/raf_db/test/3/test_2139_aligned.jpg,3,3,0.014821348,0.0066141253,0.013947569,0.93886167,0.017790956,0.006534476,0.0014298431
data/raf_db/test/3/test_2140_aligned.jpg,3,4,0.013369352,0.041770082,0.010229139,0.15987705,0.71289164,0.0068165,0.055046216
data/raf_db/test/3/test_2141_aligned.jpg,3,3,0.013072277,0.031712838,0.010673163,0.86029685,0.018302768,0.0050020083,0.06094009
data/raf_db/test/3/test_2143_aligned.jpg,3,3,0.0077065174,0.04652181,0.013239213,0.8996545,0.027508818,0.0025421046,0.0028271126
data/raf_db/test/3/test_2144_aligned.jpg,3,3,0.005311934,0.051524412,0.0049476656,0.8844203,0.005216229,0.0033161235,0.045263357
data/raf_db/test/3/test_2145_aligned.jpg,3,3,0.0041066697,0.0027654448,0.0048638326,0.9808038,0.0033448946,0.0030180227,0.0010972561
data/raf_db/test/3/test_2148_aligned.jpg,3,3,0.010593444,0.028617185,0.015080087,0.8811212,0.034319714,0.015234618,0.015033693
data/raf_db/test/3/test_2150_aligned.jpg,3,3,0.0026416646,0.004636631,0.0009677595,0.9903178,0.00050446106,0.00031228922,0.000619393
data/raf_db/test/3/test_2151_aligned.jpg,3,3,0.05252848,0.15907727,0.015641505,0.6924221,0.017364647,0.0065413094,0.05642461
data/raf_db/test/3/test_2152_aligned.jpg,3,3,0.0077787642,0.12154992,0.020432184,0.3729155,0.36782184,0.005729257,0.1037726
data/raf_db/test/3/test_2153_aligned.jpg,3,3,0.06395168,0.09236273,0.0674465,0.6112873,0.08622402,0.049658164,0.029069642
data/raf_db/test/3/test_2155_aligned.jpg,3,5,0.05421559,0.063907675,0.095738724,0.32047087,0.04766197,0.38546166,0.0325435
data/raf_db/test/3/test_2160_aligned.jpg,3,3,0.0020512822,0.037218478,0.011317522,0.8025953,0.06875002,0.0041344515,0.07393294
data/raf_db/test/3/test_2161_aligned.jpg,3,3,0.008673414,0.01767238,0.01455567,0.94522595,0.0021756163,0.0075510046,0.004146066
data/raf_db/test/3/test_2162_aligned.jpg,3,1,0.095247224,0.4244587,0.019044375,0.10645148,0.15827937,0.015129504,0.18138935
data/raf_db/test/3/test_2163_aligned.jpg,3,3,0.021900965,0.037869632,0.01156992,0.88109595,0.03238044,0.0069979895,0.00818503
data/raf_db/test/3/test_2164_aligned.jpg,3,3,0.005262921,0.021986479,0.010232402,0.9086248,0.0115762735,0.010325282,0.031991858
data/raf_db/test/3/test_2165_aligned.jpg,3,3,0.0051970505,0.038236476,0.017810082,0.8712549,0.034633305,0.012044434,0.020823775
data/raf_db/test/3/test_2166_aligned.jpg,3,6,0.0071446826,0.015986329,0.017628435,0.028319156,0.19869009,0.1717871,0.56044424
data/raf_db/test/3/test_2168_aligned.jpg,3,3,0.007587455,0.007343638,0.008275236,0.94718057,0.013687176,0.0037109389,0.012215084
data/raf_db/test/3/test_2171_aligned.jpg,3,3,0.0043291566,0.016339257,0.0025229792,0.9637042,0.0037928012,0.0011524132,0.008159161
data/raf_db/test/3/test_2173_aligned.jpg,3,3,0.00044222578,0.00038967212,0.0008092583,0.9978561,0.0003400901,0.00013025361,3.2431253e-05
data/raf_db/test/3/test_2175_aligned.jpg,3,3,0.0028533933,0.0040648,0.0031400514,0.9720889,0.016638903,0.0008830991,0.00033089856
data/raf_db/test/3/test_2176_aligned.jpg,3,3,0.038429588,0.01914106,0.012539954,0.87172717,0.044613104,0.0076346775,0.0059144036
data/raf_db/test/3/test_2177_aligned.jpg,3,5,0.011656963,0.06996183,0.047818422,0.067252696,0.0048447787,0.66498476,0.13348046
data/raf_db/test/3/test_2178_aligned.jpg,3,3,0.0004813635,0.0011435251,0.001134302,0.9963916,0.00028606766,0.00030669337,0.00025644136
data/raf_db/test/3/test_2179_aligned.jpg,3,3,0.018648634,0.06338252,0.017110175,0.8116185,0.0156228775,0.012414583,0.061202683
data/raf_db/test/3/test_2180_aligned.jpg,3,3,0.00017347351,0.00029714877,0.000363533,0.9990088,6.585109e-05,6.45946e-05,2.6663221e-05
data/raf_db/test/3/test_2181_aligned.jpg,3,3,0.008123767,0.021387156,0.007075756,0.9270845,0.007428076,0.0035941533,0.02530658
data/raf_db/test/3/test_2182_aligned.jpg,3,3,0.046165675,0.09490038,0.04118543,0.70724815,0.03999062,0.02527224,0.045237437
data/raf_db/test/3/test_2184_aligned.jpg,3,5,0.0036318388,0.011495925,0.014710162,0.26514247,0.0033348338,0.44105828,0.2606265
data/raf_db/test/3/test_2185_aligned.jpg,3,4,0.09195898,0.06971003,0.07546676,0.115296766,0.54405016,0.029271148,0.07424616
data/raf_db/test/3/test_2186_aligned.jpg,3,3,0.031785585,0.03619404,0.021303268,0.87616694,0.012085339,0.014745417,0.007719455
data/raf_db/test/3/test_2187_aligned.jpg,3,3,0.0031317617,0.003530785,0.0043399055,0.98316264,0.0019029818,0.0023510174,0.0015809558
data/raf_db/test/3/test_2189_aligned.jpg,3,3,0.0036668447,0.0124977585,0.0205165,0.91516644,0.020114727,0.01475626,0.013281457
data/raf_db/test/3/test_2190_aligned.jpg,3,3,0.0050195786,0.016129332,0.011759265,0.9392235,0.007377955,0.005807587,0.01468281
data/raf_db/test/3/test_2196_aligned.jpg,3,3,0.0066089444,0.02245638,0.006915646,0.9181366,0.030811844,0.0028767937,0.012193833
data/raf_db/test/3/test_2197_aligned.jpg,3,6,0.012518818,0.014005381,0.009462641,0.15863967,0.08286753,0.031570625,0.6909353
data/raf_db/test/3/test_2198_aligned.jpg,3,3,0.0034669407,0.0052199657,0.0032255754,0.9823308,0.002469942,0.0010135882,0.0022731093
data/raf_db/test/3/test_2199_aligned.jpg,3,3,0.0007907125,0.001313784,0.0017487184,0.990724,0.0029945776,0.001353888,0.0010742757
data/raf_db/test/3/test_2200_aligned.jpg,3,3,0.007505776,0.005743531,0.0047129756,0.97118765,0.0014349151,0.0039049662,0.0055102184
data/raf_db/test/3/test_2201_aligned.jpg,3,3,0.0011259383,0.0019194601,0.0014811044,0.99303365,0.0005597052,0.0007625163,0.0011175938
data/raf_db/test/3/test_2202_aligned.jpg,3,3,0.06326911,0.37924471,0.017524391,0.48781815,0.026900211,0.0072624064,0.017980972
data/raf_db/test/3/test_2203_aligned.jpg,3,3,0.042886827,0.15876336,0.03919788,0.64806616,0.02561938,0.026846595,0.058619723
data/raf_db/test/3/test_2205_aligned.jpg,3,3,0.002722715,0.0023963961,0.0024769737,0.9884376,0.0031714924,0.0006381674,0.00015664914
data/raf_db/test/3/test_2206_aligned.jpg,3,3,0.08132912,0.07028048,0.03400534,0.35973153,0.28383142,0.015772006,0.15505013
data/raf_db/test/3/test_2208_aligned.jpg,3,3,0.05821594,0.18088411,0.018958468,0.4485779,0.025051557,0.039545204,0.22876687
data/raf_db/test/3/test_2212_aligned.jpg,3,4,0.074962795,0.07245998,0.02008676,0.20364517,0.55753976,0.007196587,0.06410904
data/raf_db/test/3/test_2215_aligned.jpg,3,3,0.0042339424,0.05868396,0.0070854328,0.8896906,0.009451722,0.0030237492,0.027830578
data/raf_db/test/3/test_2219_aligned.jpg,3,3,0.0118186455,0.038962997,0.009560777,0.76728916,0.051372938,0.012493322,0.108502194
data/raf_db/test/3/test_2220_aligned.jpg,3,3,0.00949625,0.06656558,0.008568271,0.5530109,0.23988175,0.0023831713,0.12009406
data/raf_db/test/3/test_2221_aligned.jpg,3,3,0.00055801927,0.00033903893,0.0014882324,0.98493075,0.01217138,0.00043186833,8.068771e-05
data/raf_db/test/3/test_2222_aligned.jpg,3,3,0.022629617,0.05439732,0.057077505,0.5704415,0.019873252,0.22256182,0.05301906
data/raf_db/test/3/test_2224_aligned.jpg,3,3,0.022493089,0.015429238,0.009445197,0.9305079,0.016742859,0.0041879346,0.0011937969
data/raf_db/test/3/test_2229_aligned.jpg,3,3,0.0071166568,0.0051721185,0.0069618244,0.9113435,0.013548831,0.009740345,0.046116654
data/raf_db/test/3/test_2230_aligned.jpg,3,4,0.024631398,0.01618456,0.030655615,0.27461857,0.6209815,0.018266097,0.014662289
data/raf_db/test/3/test_2231_aligned.jpg,3,3,0.0016423649,0.0024678612,0.0018791076,0.99063534,0.0015403472,0.00062787725,0.001207086
data/raf_db/test/3/test_2232_aligned.jpg,3,3,0.015627598,0.03680268,0.009944127,0.60232127,0.019748693,0.025736589,0.28981897
data/raf_db/test/3/test_2233_aligned.jpg,3,3,0.025703182,0.046568077,0.041153662,0.74840236,0.048327398,0.046152372,0.043693013
data/raf_db/test/3/test_2235_aligned.jpg,3,3,0.0008266601,0.0014868095,0.0026482265,0.989804,0.0018844218,0.0015591938,0.0017906667
data/raf_db/test/3/test_2236_aligned.jpg,3,3,0.011400889,0.030054167,0.022739984,0.8940612,0.024412576,0.011142291,0.006188863
data/raf_db/test/3/test_2237_aligned.jpg,3,3,0.012162849,0.024317667,0.003995626,0.9530629,0.0051866965,0.000494236,0.0007799709
data/raf_db/test/4/test_0001_aligned.jpg,4,4,0.005383453,0.03283661,0.009276516,0.0075468915,0.8712046,0.009403148,0.0643487
data/raf_db/test/4/test_0005_aligned.jpg,4,4,0.0011820296,0.010686756,0.005500995,0.0064807017,0.951262,0.003961173,0.020926347
data/raf_db/test/4/test_0006_aligned.jpg,4,4,0.0066651506,0.18376078,0.0136262085,0.0029011131,0.5394205,0.03345978,0.22016647
data/raf_db/test/4/test_0022_aligned.jpg,4,4,0.006992784,0.01220185,0.020811753,0.0037693786,0.93323815,0.0069852294,0.016000828
data/raf_db/test/4/test_0024_aligned.jpg,4,4,0.0030048534,0.030128185,0.016341222,0.1306002,0.5008302,0.026210634,0.29288477
data/raf_db/test/4/test_0030_aligned.jpg,4,4,0.013444755,0.1250793,0.008301726,0.024027962,0.80967355,0.0035806687,0.01589211
data/raf_db/test/4/test_0031_aligned.jpg,4,4,0.031209176,0.053741567,0.09326932,0.005092574,0.7420429,0.0707859,0.0038585498
data/raf_db/test/4/test_0036_aligned.jpg,4,4,0.00021857668,0.003889135,0.00023727247,0.00018978558,0.91760576,0.00026724546,0.077592224
data/raf_db/test/4/test_0039_aligned.jpg,4,6,0.0044820146,0.011223987,0.03163413,0.033306956,0.19763497,0.076675594,0.6450424
data/raf_db/test/4/test_0045_aligned.jpg,4,4,0.011557977,0.018422145,0.042230498,0.09594285,0.82069707,0.005785923,0.0053635035
data/raf_db/test/4/test_0049_aligned.jpg,4,4,0.07054503,0.16981813,0.032997347,0.122736946,0.40481848,0.024413671,0.17467038
data/raf_db/test/4/test_0062_aligned.jpg,4,1,0.054014005,0.45754156,0.023860186,0.055587243,0.29417554,0.012595059,0.10222645
data/raf_db/test/4/test_0069_aligned.jpg,4,4,0.003014607,0.017707625,0.008311697,0.029800756,0.8543166,0.014566979,0.07228179
data/raf_db/test/4/test_0070_aligned.jpg,4,4,0.042808317,0.13452643,0.021353422,0.094353914,0.6810046,0.016693402,0.009259965
data/raf_db/test/4/test_0076_aligned.jpg,4,4,0.004113624,0.017000217,0.010115818,0.020532176,0.8220158,0.002862279,0.123360045
data/raf_db/test/4/test_0080_aligned.jpg,4,4,0.02021895,0.075075835,0.0037802388,0.0010661585,0.8991258,0.0003445564,0.00038846288
data/raf_db/test/4/test_0085_aligned.jpg,4,6,0.014741285,0.07561293,0.09861675,0.058276214,0.33420166,0.04445651,0.37409458
data/raf_db/test/4/test_0088_aligned.jpg,4,4,0.005804719,0.1487238,0.0029210488,0.0014899167,0.7534443,0.0015803475,0.08603591
data/raf_db/test/4/test_0089_aligned.jpg,4,3,0.0079292115,0.0076417373,0.010524479,0.9065442,0.03629414,0.014202383,0.016863873
data/raf_db/test/4/test_0095_aligned.jpg,4,4,0.061906368,0.30777064,0.017716687,0.025820998,0.42721012,0.034971576,0.12460369
data/raf_db/test/4/test_0100_aligned.jpg,4,4,0.011748446,0.088034876,0.02329327,0.036868136,0.749147,0.014840327,0.07606801
data/raf_db/test/4/test_0103_aligned.jpg,4,4,0.009230881,0.037969865,0.0017171793,0.004070881,0.86543965,0.0014404404,0.080131084
data/raf_db/test/4/test_0107_aligned.jpg,4,3,0.0075730714,0.03413579,0.030471725,0.68692577,0.20459752,0.023041325,0.013254813
data/raf_db/test/4/test_0119_aligned.jpg,4,4,0.041296754,0.12656513,0.010093159,0.012128447,0.6111955,0.011140961,0.18758005
data/raf_db/test/4/test_0134_aligned.jpg,4,4,0.0024065396,0.004446769,0.0031757823,0.008588292,0.98034155,0.00074564904,0.0002955427
data/raf_db/test/4/test_0142_aligned.jpg,4,4,0.04640382,0.09797685,0.056709487,0.0022214737,0.65807635,0.02592963,0.11268236
data/raf_db/test/4/test_0145_aligned.jpg,4,4,0.024107652,0.12527525,0.013403157,0.0071060755,0.6607982,0.008240579,0.16106912
data/raf_db/test/4/test_0152_aligned.jpg,4,4,0.021126483,0.057685666,0.09626863,0.23780912,0.4638489,0.10369195,0.01956926
data/raf_db/test/4/test_0156_aligned.jpg,4,0,0.37152043,0.23916048,0.047034685,0.005603265,0.10710062,0.1405796,0.0890009
data/raf_db/test/4/test_0160_aligned.jpg,4,3,0.0045603686,0.06630163,0.041216575,0.5056459,0.30401984,0.0406515,0.037604257
data/raf_db/test/4/test_0162_aligned.jpg,4,4,0.0044637336,0.021570515,0.039903488,0.010589152,0.8072267,0.054665614,0.061580773
data/raf_db/test/4/test_0164_aligned.jpg,4,4,0.0023943044,0.013517021,0.012479306,0.0039081713,0.785848,0.012401763,0.16945136
data/raf_db/test/4/test_0171_aligned.jpg,4,4,0.0446884,0.04476053,0.008298783,0.07589631,0.66504705,0.01510661,0.14620239
data/raf_db/test/4/test_0180_aligned.jpg,4,4,0.0007450456,0.0037064466,0.0009617619,0.0047048563,0.9895411,0.00029231855,4.8561258e-05
data/raf_db/test/4/test_0202_aligned.jpg,4,4,0.013389592,0.109618224,0.013389802,0.051811233,0.7847889,0.0046505365,0.022351671
data/raf_db/test/4/test_0203_aligned.jpg,4,4,0.00017549549,0.0047824923,0.00039876913,0.00022113777,0.98178536,0.00014314006,0.012493545
data/raf_db/test/4/test_0205_aligned.jpg,4,4,0.023214098,0.016779058,0.014244624,0.02728616,0.9095066,0.005817404,0.0031520498
data/raf_db/test/4/test_0210_aligned.jpg,4,4,0.014224959,0.030791575,0.024210703,0.062397063,0.6891811,0.06216668,0.117027946
data/raf_db/test/4/test_0211_aligned.jpg,4,4,0.047973838,0.13681279,0.017589418,0.16409947,0.602402,0.0065305736,0.024591861
data/raf_db/test/4/test_0217_aligned.jpg,4,4,0.017252475,0.034099184,0.046211466,0.25228906,0.6155977,0.023629226,0.010920876
data/raf_db/test/4/test_0220_aligned.jpg,4,4,0.096905276,0.07310922,0.10188944,0.14410953,0.49277574,0.017419266,0.0737915
data/raf_db/test/4/test_0229_aligned.jpg,4,6,0.0044109668,0.05909507,0.0122499745,0.0049276357,0.18657346,0.0463089,0.686434
data/raf_db/test/4/test_0240_aligned.jpg,4,4,0.002542762,0.0047589527,0.005274414,0.055873174,0.92907447,0.0021505523,0.00032571837
data/raf_db/test/4/test_0242_aligned.jpg,4,4,0.0039120778,0.01779219,0.008147917,0.02457291,0.9412732,0.00036289435,0.003938775
data/raf_db/test/4/test_0264_aligned.jpg,4,3,0.007335744,0.026827984,0.010282608,0.7387225,0.2104818,0.0025656056,0.00378372
data/raf_db/test/4/test_0273_aligned.jpg,4,4,0.012068471,0.03354862,0.022340767,0.029015373,0.8416959,0.025508646,0.03582229
data/raf_db/test/4/test_0276_aligned.jpg,4,4,0.008417237,0.02568238,0.0075270873,0.0011991061,0.9529723,0.004008853,0.00019308852
data/raf_db/test/4/test_0278_aligned.jpg,4,4,0.011889951,0.07263982,0.0128503535,0.0077050487,0.76064813,0.004397185,0.12986949
data/raf_db/test/4/test_0284_aligned.jpg,4,6,0.003793005,0.1079675,0.0015004622,0.0041278047,0.2162419,0.0019542014,0.6644151
data/raf_db/test/4/test_0290_aligned.jpg,4,4,0.0003772877,0.005312421,0.0006233059,0.0006001384,0.99236125,0.00044934638,0.00027635973
data/raf_db/test/4/test_0298_aligned.jpg,4,4,0.0007591772,0.05530377,0.00037159811,0.00043517436,0.5946472,0.00039338408,0.34808967
data/raf_db/test/4/test_0300_aligned.jpg,4,4,0.0011225903,0.008727515,0.003741836,0.0013477894,0.92450196,0.0019193054,0.058639124
data/raf_db/test/4/test_0315_aligned.jpg,4,4,0.0021774878,0.0058666263,0.012948589,0.32917175,0.6392984,0.009389176,0.0011480148
data/raf_db/test/4/test_0318_aligned.jpg,4,4,0.021600267,0.09938796,0.05384204,0.0015377081,0.49697936,0.20608775,0.12056491
data/raf_db/test/4/test_0319_aligned.jpg,4,4,0.11603806,0.16000445,0.057327844,0.1262906,0.3479672,0.09904379,0.09332805
data/raf_db/test/4/test_0323_aligned.jpg,4,4,0.028863527,0.02067432,0.043134246,0.17096779,0.724076,0.007808116,0.0044759684
data/raf_db/test/4/test_0328_aligned.jpg,4,3,0.006036775,0.024288742,0.014869816,0.91782165,0.012046625,0.011502306,0.013434099
data/raf_db/test/4/test_0336_aligned.jpg,4,4,0.05338525,0.20970505,0.019787028,0.036817078,0.46078822,0.041385088,0.17813227
data/raf_db/test/4/test_0339_aligned.jpg,4,4,0.0049697827,0.066251,0.010683953,0.046991263,0.53287333,0.0064794696,0.33175123
data/raf_db/test/4/test_0341_aligned.jpg,4,4,0.017833767,0.21878178,0.010387626,0.004185025,0.64621896,0.005359638,0.0972331
data/raf_db/test/4/test_0342_aligned.jpg,4,4,0.04160281,0.032464292,0.13232148,0.063976236,0.64945525,0.071431294,0.008748706
data/raf_db/test/4/test_0344_aligned.jpg,4,4,0.00071950076,0.0024198703,0.0041219383,0.12929764,0.8603413,0.0019065028,0.0011932206
data/raf_db/test/4/test_0348_aligned.jpg,4,6,0.053218517,0.1276502,0.0057435054,0.057303667,0.05663557,0.025469642,0.67397887
data/raf_db/test/4/test_0351_aligned.jpg,4,4,0.0061752787,0.015147986,0.0030430867,0.07441973,0.8992633,0.0016745504,0.00027607984
data/raf_db/test/4/test_0356_aligned.jpg,4,4,0.0028877002,0.024516769,0.012233923,0.03157437,0.9135715,0.013262453,0.0019531955
data/raf_db/test/4/test_0365_aligned.jpg,4,4,0.015692541,0.022889012,0.017053926,0.023941187,0.8997643,0.018756008,0.0019029969
data/raf_db/test/4/test_0368_aligned.jpg,4,4,0.0042781536,0.0112940185,0.0368313,0.18519822,0.7393157,0.019890513,0.003192026
data/raf_db/test/4/test_0385_aligned.jpg,4,4,0.05973973,0.35317707,0.012429292,0.02128649,0.528305,0.006604341,0.018458078
data/raf_db/test/4/test_0387_aligned.jpg,4,4,0.01080931,0.025637727,0.0444368,0.1680044,0.66590893,0.07918342,0.006019355
data/raf_db/test/4/test_0389_aligned.jpg,4,1,0.053449135,0.41682425,0.018067732,0.3762275,0.08935303,0.003915026,0.04216337
data/raf_db/test/4/test_0401_aligned.jpg,4,4,0.0029688347,0.02980542,0.007856605,0.009479582,0.86757106,0.00613961,0.076178886
data/raf_db/test/4/test_0403_aligned.jpg,4,4,0.008133244,0.120945156,0.012938836,0.020608833,0.81884784,0.0026972364,0.015828874
data/raf_db/test/4/test_0404_aligned.jpg,4,4,0.008191705,0.09371434,0.0064048036,0.022208832,0.8301441,0.0008602982,0.038475946
data/raf_db/test/4/test_0434_aligned.jpg,4,4,0.009032551,0.02758215,0.0118711,0.012489784,0.9080257,0.014090465,0.016908357
data/raf_db/test/4/test_0438_aligned.jpg,4,4,0.047283366,0.02882316,0.10806815,0.0065374216,0.76504004,0.033610236,0.010637651
data/raf_db/test/4/test_0470_aligned.jpg,4,4,0.17740944,0.087948665,0.19526306,0.02257573,0.29749918,0.21373433,0.0055696126
data/raf_db/test/4/test_0471_aligned.jpg,4,1,0.027301809,0.5766913,0.0075453683,0.02230211,0.2944533,0.0028574017,0.06884874
data/raf_db/test/4/test_0472_aligned.jpg,4,3,0.008618141,0.050915956,0.01850544,0.6490027,0.26883027,0.002307181,0.0018203092
data/raf_db/test/4/test_0476_aligned.jpg,4,4,0.0006166828,0.009735399,0.00054804515,0.0020259367,0.98654383,0.00016369089,0.00036646036
data/raf_db/test/4/test_0483_aligned.jpg,4,3,0.04581969,0.105502576,0.052745696,0.5664478,0.1764559,0.02877856,0.024249844
data/raf_db/test/4/test_0507_aligned.jpg,4,5,0.006227767,0.016071673,0.10477697,0.04360743,0.17495482,0.62075293,0.03360839
data/raf_db/test/4/test_0513_aligned.jpg,4,4,0.101741396,0.016508328,0.20990506,0.17872784,0.40976912,0.05366715,0.02968115
data/raf_db/test/4/test_0514_aligned.jpg,4,4,0.01699425,0.033307858,0.015907764,0.030442536,0.8967416,0.004480966,0.0021250602
data/raf_db/test/4/test_0537_aligned.jpg,4,4,0.016940236,0.15633531,0.010130224,0.014204686,0.5580871,0.03947643,0.20482598
data/raf_db/test/4/test_0541_aligned.jpg,4,4,0.00513157,0.007954179,0.005028158,0.0030589567,0.97750604,0.0010514557,0.00026970688
data/raf_db/test/4/test_0550_aligned.jpg,4,4,0.0009016958,0.0029255638,0.0032387178,0.007948928,0.984695,0.00021908147,7.105924e-05
data/raf_db/test/4/test_0560_aligned.jpg,4,4,0.00020612658,0.0010333267,0.0005518168,0.010266454,0.9878007,7.1124596e-05,7.054862e-05
data/raf_db/test/4/test_0566_aligned.jpg,4,4,0.0009508879,0.025597477,0.0016480274,0.005590467,0.58241254,0.0018892097,0.3819115
data/raf_db/test/4/test_0593_aligned.jpg,4,4,0.10558635,0.18972492,0.11906623,0.047155727,0.3493573,0.15849894,0.030610533
data/raf_db/test/4/test_0595_aligned.jpg,4,4,0.0005187682,0.006073703,0.0036182774,0.00056178146,0.86048603,0.0034765466,0.12526494
data/raf_db/test/4/test_0598_aligned.jpg,4,4,0.00031938282,0.0019312834,0.0012478576,0.0005391382,0.99509,0.00028502833,0.00058716716
data/raf_db/test/4/test_0606_aligned.jpg,4,3,0.016734555,0.06277099,0.033813298,0.5119472,0.16244726,0.023263665,0.18902306
data/raf_db/test/4/test_0610_aligned.jpg,4,4,0.012791536,0.025202967,0.021444816,0.10451902,0.82008433,0.008553118,0.0074042175
data/raf_db/test/4/test_0616_aligned.jpg,4,4,0.0004966327,0.005080075,0.00034742025,0.00027086202,0.99352974,3.6068224e-05,0.00023925769
data/raf_db/test/4/test_0629_aligned.jpg,4,4,0.0193045,0.052610856,0.019487886,0.09112797,0.7928906,0.017972466,0.0066056736
data/raf_db/test/4/test_0655_aligned.jpg,4,4,0.0016003642,0.014225543,0.0023404348,0.00064325304,0.9181872,0.0043957317,0.058607385
data/raf_db/test/4/test_0687_aligned.jpg,4,4,0.011158479,0.10185938,0.016868882,0.058631532,0.72772634,0.008492738,0.07526258
data/raf_db/test/4/test_0691_aligned.jpg,4,4,0.0034193124,0.057524454,0.0030807436,0.0017743948,0.8816055,0.0031861316,0.04940931
data/raf_db/test/4/test_0716_aligned.jpg,4,3,0.00203223,0.02191039,0.015196194,0.70470273,0.2436541,0.004543654,0.007960634
data/raf_db/test/4/test_0719_aligned.jpg,4,2,0.10537256,0.016740935,0.52607656,0.085622266,0.062163856,0.16520475,0.03881907
data/raf_db/test/4/test_0721_aligned.jpg,4,4,0.0042747445,0.005432277,0.014274699,0.025764145,0.9451075,0.0038781716,0.001268441
data/raf_db/test/4/test_0736_aligned.jpg,4,4,0.0003658056,0.0023262189,0.0013386273,0.00041345714,0.98464876,0.00090889423,0.009998271
data/raf_db/test/4/test_0738_aligned.jpg,4,4,0.0010277181,0.0027681016,0.0015450189,0.02946012,0.9643342,0.0006316877,0.00023322568
data/raf_db/test/4/test_0765_aligned.jpg,4,4,0.015573191,0.004072599,0.07497471,0.007918472,0.89631927,0.00068658195,0.00045511182
data/raf_db/test/4/test_0770_aligned.jpg,4,4,0.0011401455,0.008536727,0.0057285526,0.0033821855,0.9732068,0.0076671606,0.0003383823
data/raf_db/test/4/test_0772_aligned.jpg,4,3,0.03950965,0.07454764,0.044903476,0.71720314,0.10195206,0.012335638,0.009548473
data/raf_db/test/4/test_0810_aligned.jpg,4,4,0.0030874996,0.019207466,0.0089337975,0.009081346,0.78324294,0.0076116184,0.1688354
data/raf_db/test/4/test_0834_aligned.jpg,4,4,0.0005089785,0.00664365,0.0015118658,0.00091946893,0.9888259,0.0010228263,0.00056723953
data/raf_db/test/4/test_0845_aligned.jpg,4,4,0.053193983,0.045896802,0.051309526,0.03216077,0.78874415,0.0137860235,0.014908765
data/raf_db/test/4/test_0847_aligned.jpg,4,3,0.048300147,0.018758874,0.03040319,0.5086456,0.38248426,0.00552054,0.0058874385
data/raf_db/test/4/test_0868_aligned.jpg,4,4,0.0012555775,0.007902503,0.008833928,0.0010726212,0.88839304,0.0026536873,0.089888655
data/raf_db/test/4/test_0875_aligned.jpg,4,4,0.002836484,0.012941528,0.0022202425,0.00073107955,0.9726064,0.0009652422,0.007698959
data/raf_db/test/4/test_0876_aligned.jpg,4,4,0.0069281915,0.055874143,0.01127884,0.16187772,0.63301355,0.004646522,0.12638107
data/raf_db/test/4/test_0888_aligned.jpg,4,4,0.000120876764,0.0010936444,0.00030143993,0.0001380535,0.9980483,4.0385603e-05,0.0002573513
data/raf_db/test/4/test_0889_aligned.jpg,4,3,0.04341588,0.19991958,0.04616054,0.41583958,0.28133228,0.007872404,0.005459705
data/raf_db/test/4/test_0891_aligned.jpg,4,4,0.0076664933,0.014322886,0.006995232,0.023334436,0.94501585,0.0016186136,0.0010464787
data/raf_db/test/4/test_0895_aligned.jpg,4,4,0.00849003,0.011884435,0.021221876,0.0005144413,0.9517577,0.0055850404,0.0005465164
data/raf_db/test/4/test_0910_aligned.jpg,4,4,0.0037340974,0.0073772017,0.010529995,0.22299133,0.7493311,0.00573197,0.00030432406
data/raf_db/test/4/test_0916_aligned.jpg,4,4,0.043635454,0.100981146,0.046603244,0.2948305,0.29632828,0.028300134,0.18932132
data/raf_db/test/4/test_0917_aligned.jpg,4,4,0.057744905,0.079629034,0.056803606,0.0742147,0.61701494,0.03849498,0.07609797
data/raf_db/test/4/test_0918_aligned.jpg,4,4,0.007738046,0.01336026,0.009404179,0.003711141,0.961515,0.0019831825,0.0022881692
data/raf_db/test/4/test_0925_aligned.jpg,4,4,0.0026950515,0.012409645,0.008597857,0.032978144,0.93821687,0.004608443,0.00049398415
data/raf_db/test/4/test_0927_aligned.jpg,4,4,0.09728954,0.023505317,0.101637214,0.102906555,0.5661216,0.02507415,0.083465695
data/raf_db/test/4/test_0931_aligned.jpg,4,4,0.014037492,0.11633866,0.048618637,0.031037662,0.66948915,0.082328625,0.038149796
data/raf_db/test/4/test_0936_aligned.jpg,4,4,0.0016989043,0.012552431,0.0028312912,0.00027890407,0.9168801,0.0019509265,0.06380747
data/raf_db/test/4/test_0937_aligned.jpg,4,4,0.019839127,0.05528083,0.011778297,0.025414798,0.7151369,0.043613076,0.12893698
data/raf_db/test/4/test_0947_aligned.jpg,4,4,0.006163806,0.21897456,0.010981624,0.0147168925,0.3773969,0.015214103,0.3565521
data/raf_db/test/4/test_0948_aligned.jpg,4,4,0.008899415,0.023086272,0.024175711,0.21027744,0.68158513,0.025864631,0.026111286
data/raf_db/test/4/test_0949_aligned.jpg,4,4,0.0045385123,0.05025719,0.006260777,0.013449158,0.826594,0.005042297,0.09385811
data/raf_db/test/4/test_0950_aligned.jpg,4,4,0.0051026084,0.12882079,0.001645583,0.0012219154,0.853067,0.0008347907,0.0093072895
data/raf_db/test/4/test_0951_aligned.jpg,4,3,0.0032869633,0.008732249,0.104503766,0.64417666,0.049269184,0.18961449,0.00041665946
data/raf_db/test/4/test_0952_aligned.jpg,4,3,0.03315725,0.09205363,0.03913584,0.36326826,0.29163203,0.06799385,0.112759046
data/raf_db/test/4/test_0957_aligned.jpg,4,1,0.10990271,0.4568388,0.02817395,0.09941506,0.2440195,0.019041011,0.042609002
data/raf_db/test/4/test_0965_aligned.jpg,4,3,0.059022058,0.10835421,0.012183541,0.43090025,0.19979368,0.008278528,0.1814678
data/raf_db/test/4/test_0966_aligned.jpg,4,4,0.058243144,0.16679406,0.039157245,0.057218846,0.61666363,0.035240054,0.02668301
data/raf_db/test/4/test_0968_aligned.jpg,4,4,0.1253858,0.047460802,0.18401076,0.2066087,0.35821396,0.039494015,0.03882595
data/raf_db/test/4/test_0969_aligned.jpg,4,4,0.026254999,0.110245034,0.009515662,0.0066776867,0.82866305,0.007166579,0.011477077
data/raf_db/test/4/test_0982_aligned.jpg,4,4,0.003274918,0.028226692,0.0031829046,0.05960889,0.9025199,0.0008468013,0.0023399303
data/raf_db/test/4/test_0988_aligned.jpg,4,4,0.0013908137,0.021055639,0.0015270949,0.0022451456,0.9342537,0.0012468707,0.038280644
data/raf_db/test/4/test_0991_aligned.jpg,4,6,0.01037233,0.0062777773,0.0029937432,0.059694853,0.113668464,0.028446874,0.778546
data/raf_db/test/4/test_1008_aligned.jpg,4,4,0.0013810117,0.019422615,0.013202014,0.005531031,0.93169993,0.0058240043,0.022939349
data/raf_db/test/4/test_1009_aligned.jpg,4,4,0.001209406,0.007989086,0.013757137,0.20355493,0.76073855,0.011456527,0.0012944053
data/raf_db/test/4/test_1017_aligned.jpg,4,4,0.004000715,0.01771785,0.0060197124,0.004056087,0.9459109,0.0004408471,0.021853793
data/raf_db/test/4/test_1023_aligned.jpg,4,4,0.0059655067,0.036685966,0.009547438,0.029856447,0.9137084,0.0024735536,0.0017626514
data/raf_db/test/4/test_1024_aligned.jpg,4,0,0.33202782,0.32790565,0.07211752,0.124360785,0.08591612,0.032982435,0.024689665
data/raf_db/test/4/test_1036_aligned.jpg,4,4,0.044435475,0.28045148,0.008736835,0.024955655,0.6354095,0.0014765557,0.0045344927
data/raf_db/test/4/test_1042_aligned.jpg,4,6,0.005602508,0.06921104,0.0077899075,0.015797168,0.10233167,0.024744563,0.7745232
data/raf_db/test/4/test_1043_aligned.jpg,4,4,0.0016475226,0.010289463,0.0129680475,0.02758893,0.93187135,0.015055821,0.0005788132
data/raf_db/test/4/test_1049_aligned.jpg,4,4,0.0057464642,0.08644722,0.010260385,0.032138027,0.45721924,0.018830344,0.38935837
data/raf_db/test/4/test_1051_aligned.jpg,4,4,0.04312664,0.034144275,0.016098285,0.33185205,0.5640141,0.00822231,0.0025424215
data/raf_db/test/4/test_1052_aligned.jpg,4,4,0.006031602,0.015020696,0.0033854037,0.005575028,0.9675126,0.0022873257,0.00018736858
data/raf_db/test/4/test_1054_aligned.jpg,4,4,0.11474177,0.3955202,0.0062938253,0.0043832785,0.46698067,0.009939935,0.0021403108
data/raf_db/test/4/test_1060_aligned.jpg,4,4,0.009312718,0.012707754,0.026979038,0.30297863,0.5676419,0.06624192,0.014137916
data/raf_db/test/4/test_1065_aligned.jpg,4,4,0.002245209,0.014356788,0.003512171,0.0028806971,0.9429246,0.0010699899,0.033010494
data/raf_db/test/4/test_1066_aligned.jpg,4,4,0.0032151758,0.01673654,0.019074267,0.3747608,0.5761962,0.0043490357,0.0056679477
data/raf_db/test/4/test_1074_aligned.jpg,4,4,0.0026893667,0.04788073,0.03381067,0.030379675,0.84016633,0.04284005,0.0022331022
data/raf_db/test/4/test_1076_aligned.jpg,4,5,0.025158282,0.056744006,0.13791381,0.10885426,0.06592303,0.5755056,0.029901013
data/raf_db/test/4/test_1078_aligned.jpg,4,4,0.0014310845,0.023958683,0.003715769,0.02743449,0.94066757,0.001019551,0.0017728648
data/raf_db/test/4/test_1079_aligned.jpg,4,4,0.0077829207,0.05599256,0.016738128,0.03583244,0.43949082,0.08297324,0.36118984
data/raf_db/test/4/test_1081_aligned.jpg,4,4,0.0042444947,0.015402222,0.01047013,0.05828032,0.90630436,0.003480761,0.0018178356
data/raf_db/test/4/test_1082_aligned.jpg,4,5,0.00150413,0.0074038273,0.043235347,0.015680073,0.088538766,0.84038895,0.0032488804
data/raf_db/test/4/test_1083_aligned.jpg,4,4,0.012334774,0.052055236,0.033565257,0.014502494,0.74272203,0.13799967,0.006820532
data/raf_db/test/4/test_1084_aligned.jpg,4,4,0.0007307865,0.005994435,0.005413881,0.0012009954,0.9592509,0.026949637,0.000459301
data/raf_db/test/4/test_1085_aligned.jpg,4,4,0.00014516179,0.0022454928,0.0029577396,0.0021309245,0.98359734,0.008788678,0.0001346145
data/raf_db/test/4/test_1086_aligned.jpg,4,4,0.00042588304,0.0047300304,0.001116776,0.0007476416,0.99123013,0.0016368552,0.00011283933
data/raf_db/test/4/test_1087_aligned.jpg,4,4,0.0011808352,0.010549903,0.014728542,0.003692925,0.885222,0.08361025,0.001015536
data/raf_db/test/4/test_1088_aligned.jpg,4,4,0.006905014,0.07609335,0.04071444,0.020301456,0.6360391,0.20806107,0.011885574
data/raf_db/test/4/test_1090_aligned.jpg,4,1,0.06659076,0.44808954,0.048822742,0.0086401915,0.16466498,0.14906923,0.11412256
data/raf_db/test/4/test_1091_aligned.jpg,4,4,0.081442714,0.09025002,0.018423295,0.033074725,0.7414061,0.008079932,0.027323235
data/raf_db/test/4/test_1094_aligned.jpg,4,4,0.109454565,0.22953114,0.036024272,0.049382888,0.34993458,0.08278289,0.14288963
data/raf_db/test/4/test_1095_aligned.jpg,4,3,0.09780886,0.1811881,0.04922859,0.33460763,0.1996437,0.0539719,0.0835512
data/raf_db/test/4/test_1098_aligned.jpg,4,4,0.0009067173,0.035639405,0.0032287652,0.008685444,0.9359758,0.00063998543,0.014923836
data/raf_db/test/4/test_1104_aligned.jpg,4,5,0.0332493,0.22900693,0.08606197,0.009862171,0.20435253,0.27535114,0.16211593
data/raf_db/test/4/test_1112_aligned.jpg,4,4,0.003489339,0.07108308,0.0064766747,0.037921775,0.86833405,0.0006099634,0.01208508
data/raf_db/test/4/test_1116_aligned.jpg,4,4,0.007732154,0.07974974,0.024800722,0.102874964,0.70319223,0.021094711,0.06055543
data/raf_db/test/4/test_1118_aligned.jpg,4,1,0.054703515,0.5061899,0.0049782745,0.0044966964,0.40270302,0.004106781,0.022821844
data/raf_db/test/4/test_1121_aligned.jpg,4,4,0.013569067,0.10042631,0.030758455,0.02025147,0.69542855,0.029043619,0.11052255
data/raf_db/test/4/test_1124_aligned.jpg,4,4,0.17730278,0.027171597,0.21696983,0.030816723,0.45605242,0.08606925,0.005617461
data/raf_db/test/4/test_1131_aligned.jpg,4,4,0.0075809886,0.02991992,0.007025501,0.015683552,0.71245396,0.011229155,0.21610697
data/raf_db/test/4/test_1133_aligned.jpg,4,4,5.4669392e-05,0.00054255204,0.0002842646,0.0001932005,0.99856526,4.0256167e-05,0.00031990706
data/raf_db/test/4/test_1137_aligned.jpg,4,6,0.009455408,0.18301436,0.0058288476,0.018299265,0.30864215,0.0070117144,0.46774822
data/raf_db/test/4/test_1139_aligned.jpg,4,1,0.15479635,0.37763226,0.019455979,0.10552337,0.20806405,0.035589192,0.09893884
data/raf_db/test/4/test_1141_aligned.jpg,4,4,0.00054595567,0.00950358,0.0017871646,0.0009848007,0.79091996,0.0015908785,0.19466767
data/raf_db/test/4/test_1142_aligned.jpg,4,4,0.024367912,0.06486229,0.0420794,0.021714892,0.6560504,0.051645808,0.13927937
data/raf_db/test/4/test_1148_aligned.jpg,4,4,0.030053753,0.1030604,0.044697475,0.07995133,0.66810757,0.03820704,0.03592247
data/raf_db/test/4/test_1149_aligned.jpg,4,4,0.0278308,0.013545228,0.019492483,0.017659394,0.920474,0.0006005559,0.00039757174
data/raf_db/test/4/test_1154_aligned.jpg,4,4,0.009431816,0.034143075,0.092380054,0.09534552,0.4997577,0.04010202,0.22883984
data/raf_db/test/4/test_1156_aligned.jpg,4,4,0.08082226,0.18616791,0.02861286,0.1568383,0.52000934,0.014949363,0.012599996
data/raf_db/test/4/test_1158_aligned.jpg,4,4,0.00085284986,0.05417222,0.00060962816,0.0002772196,0.49812686,0.0011366154,0.44482455
data/raf_db/test/4/test_1160_aligned.jpg,4,4,0.001799634,0.0073623913,0.00661147,0.011675237,0.9647056,0.0038608967,0.0039848923
data/raf_db/test/4/test_1161_aligned.jpg,4,4,0.007160363,0.11848149,0.02277888,0.12754206,0.37028527,0.0262792,0.32747272
data/raf_db/test/4/test_1162_aligned.jpg,4,3,0.006371631,0.02142939,0.0150729865,0.9349913,0.018196983,0.0028977706,0.0010399274
data/raf_db/test/4/test_1174_aligned.jpg,4,4,0.030660708,0.007592345,0.12360688,0.01648397,0.81498927,0.003626716,0.0030401314
data/raf_db/test/4/test_1183_aligned.jpg,4,4,0.0024488308,0.029220795,0.0016440907,3.6402176e-05,0.96330374,0.0019599588,0.001386073
data/raf_db/test/4/test_1185_aligned.jpg,4,4,0.004336487,0.007497081,0.010004247,0.32567516,0.6433334,0.008375594,0.0007780864
data/raf_db/test/4/test_1186_aligned.jpg,4,4,0.0030550652,0.07219213,0.0023324343,0.005909924,0.9041088,0.0006637733,0.011737845
data/raf_db/test/4/test_1187_aligned.jpg,4,4,0.01002068,0.2682918,0.008681029,0.0053757243,0.44873235,0.015135285,0.2437631
data/raf_db/test/4/test_1195_aligned.jpg,4,4,0.09222588,0.20692421,0.076937355,0.09570588,0.4088076,0.057303675,0.06209542
data/raf_db/test/4/test_1198_aligned.jpg,4,4,0.006853646,0.17517397,0.009019578,0.004331673,0.6183852,0.0055162795,0.18071972
data/raf_db/test/4/test_1199_aligned.jpg,4,4,0.008203671,0.021848777,0.026389888,0.029701006,0.7825766,0.04801956,0.08326053
data/raf_db/test/4/test_1212_aligned.jpg,4,4,0.021962682,0.10467894,0.061203867,0.15275957,0.47763613,0.060390614,0.12136816
data/raf_db/test/4/test_1221_aligned.jpg,4,4,0.010544946,0.07546705,0.14799748,0.09076028,0.39798862,0.270916,0.0063256426
data/raf_db/test/4/test_1223_aligned.jpg,4,4,0.0032151819,0.013189236,0.0074925115,0.0101350965,0.95708764,0.007949046,0.00093133264
data/raf_db/test/4/test_1224_aligned.jpg,4,1,0.15398087,0.6397192,0.009073796,0.1663405,0.021462148,0.0031209523,0.006302618
data/raf_db/test/4/test_1228_aligned.jpg,4,3,0.013221179,0.039402418,0.016288865,0.8563489,0.050250154,0.007721622,0.016766826
data/raf_db/test/4/test_1233_aligned.jpg,4,4,0.049987257,0.17973721,0.041640628,0.07933473,0.6146112,0.015792923,0.018896008
data/raf_db/test/4/test_1241_aligned.jpg,4,4,0.009998999,0.1404705,0.045685757,0.006695922,0.5593028,0.05427363,0.1835724
data/raf_db/test/4/test_1245_aligned.jpg,4,4,0.00052067323,0.0068473364,0.0024531567,0.0015359034,0.95448804,0.001895347,0.03225958
data/raf_db/test/4/test_1246_aligned.jpg,4,6,0.004724546,0.018359551,0.0024345473,0.012940554,0.17653392,0.012591313,0.7724155
data/raf_db/test/4/test_1248_aligned.jpg,4,4,0.0015680024,0.021614602,0.0027676637,0.001217847,0.88743716,0.0013551229,0.08403967
data/raf_db/test/4/test_1256_aligned.jpg,4,4,0.09182805,0.25772163,0.023358203,0.024388898,0.46655768,0.024760308,0.11138529
data/raf_db/test/4/test_1259_aligned.jpg,4,4,0.23399696,0.27666682,0.051015794,0.070655115,0.31577978,0.037012618,0.014872807
data/raf_db/test/4/test_1262_aligned.jpg,4,4,0.0021097562,0.020595444,0.005140298,0.0082594305,0.8542509,0.018671483,0.09097264
data/raf_db/test/4/test_1268_aligned.jpg,4,4,0.051593747,0.15426657,0.0352197,0.23710391,0.49512875,0.017591206,0.009096071
data/raf_db/test/4/test_1272_aligned.jpg,4,4,0.018805865,0.04997828,0.013049391,0.022098228,0.8408633,0.012558187,0.042646714
data/raf_db/test/4/test_1277_aligned.jpg,4,4,0.024462657,0.06790251,0.017610427,0.15557866,0.7203154,0.010027372,0.0041030063
data/raf_db/test/4/test_1279_aligned.jpg,4,4,0.0013511104,0.0067164334,0.0079509085,0.047634095,0.80823267,0.03944972,0.08866502
data/raf_db/test/4/test_1293_aligned.jpg,4,4,0.003915529,0.0293333,0.008747457,0.21102853,0.74462944,0.000842537,0.0015032047
data/raf_db/test/4/test_1300_aligned.jpg,4,4,0.006304951,0.098166525,0.004268953,0.0056316284,0.87894815,0.0009169752,0.0057627764
data/raf_db/test/4/test_1303_aligned.jpg,4,4,0.00019984852,0.0028743928,0.0021655837,0.0003011258,0.9708838,0.00075672986,0.0228185
data/raf_db/test/4/test_1306_aligned.jpg,4,4,0.0472499,0.14450462,0.067349754,0.12670812,0.46536624,0.08119086,0.06763045
data/raf_db/test/4/test_1312_aligned.jpg,4,4,0.015927961,0.012215746,0.019597692,0.024295006,0.8550238,0.010607866,0.062331922
data/raf_db/test/4/test_1315_aligned.jpg,4,4,0.011952816,0.022555653,0.036439735,0.28234196,0.61771995,0.022236753,0.006753161
data/raf_db/test/4/test_1316_aligned.jpg,4,4,0.0020907612,0.0050685746,0.009607006,0.21843222,0.75675976,0.0068958686,0.0011457263
data/raf_db/test/4/test_1324_aligned.jpg,4,4,0.00042659132,0.0047792755,0.004210426,0.0031012825,0.9749722,0.011372233,0.0011380337
data/raf_db/test/4/test_1326_aligned.jpg,4,1,0.20798281,0.50367796,0.013047531,0.120579995,0.07546082,0.008285362,0.07096557
data/raf_db/test/4/test_1329_aligned.jpg,4,4,0.0034118441,0.019390855,0.0035674025,0.009206916,0.9606351,0.00058539625,0.0032024973
data/raf_db/test/4/test_1335_aligned.jpg,4,3,0.012246747,0.0073067234,0.018291362,0.6551679,0.2993426,0.0069599566,0.00068477704
data/raf_db/test/4/test_1343_aligned.jpg,4,4,0.0006123065,0.004924671,0.0010609493,0.00052300707,0.9923179,0.00028343333,0.00027770826
data/raf_db/test/4/test_1344_aligned.jpg,4,4,0.010028435,0.0186858,0.0052786577,0.011918701,0.9512532,0.002503692,0.00033153506
data/raf_db/test/4/test_1348_aligned.jpg,4,4,0.0028170007,0.01909656,0.010580994,0.0048431195,0.86649746,0.027898343,0.06826654
data/raf_db/test/4/test_1349_aligned.jpg,4,4,0.006513677,0.016880393,0.01914452,0.011527181,0.5406606,0.062641546,0.34263203
data/raf_db/test/4/test_1355_aligned.jpg,4,4,0.0036470867,0.008771391,0.0049489546,0.01292054,0.88322186,0.0015356081,0.08495455
data/raf_db/test/4/test_1365_aligned.jpg,4,4,0.0016528113,0.019960813,0.0019051348,0.0009402753,0.97191525,0.0021892495,0.0014366085
data/raf_db/test/4/test_1368_aligned.jpg,4,4,0.0030389333,0.0031826736,0.0031392172,0.001516914,0.98816085,0.0007480842,0.00021335542
data/raf_db/test/4/test_1370_aligned.jpg,4,4,0.010905036,0.017982982,0.019427724,0.01122341,0.92767614,0.008302113,0.0044825124
data/raf_db/test/4/test_1372_aligned.jpg,4,4,0.0008934795,0.021554805,0.00238402,0.0039493944,0.66989785,0.0040569757,0.29726338
data/raf_db/test/4/test_1377_aligned.jpg,4,3,0.014582027,0.08847082,0.051175356,0.61293936,0.20262823,0.008830119,0.021374123
data/raf_db/test/4/test_1381_aligned.jpg,4,6,0.00081768446,0.0069198837,0.00049952645,0.0014585312,0.31961355,0.0020704165,0.6686204
data/raf_db/test/4/test_1382_aligned.jpg,4,6,0.06794173,0.08796478,0.007627892,0.02613602,0.13290562,0.017072212,0.6603518
data/raf_db/test/4/test_1386_aligned.jpg,4,6,0.008637473,0.06168455,0.00971342,0.0064182314,0.14986223,0.03773225,0.72595185
data/raf_db/test/4/test_1396_aligned.jpg,4,4,0.0029519163,0.009339082,0.009973613,0.084059455,0.88574684,0.0064970995,0.0014319782
data/raf_db/test/4/test_1397_aligned.jpg,4,4,0.009435356,0.032130208,0.03639303,0.031517215,0.7498631,0.016385201,0.12427591
data/raf_db/test/4/test_1399_aligned.jpg,4,4,0.010121815,0.02241227,0.01936825,0.03356094,0.9001678,0.01174389,0.0026249844
data/raf_db/test/4/test_1408_aligned.jpg,4,4,0.008383326,0.054171115,0.029080836,0.015948419,0.84736943,0.04346619,0.0015807493
data/raf_db/test/4/test_1411_aligned.jpg,4,4,0.02114085,0.075690165,0.0171873,0.04065867,0.8283421,0.009328909,0.0076520327
data/raf_db/test/4/test_1412_aligned.jpg,4,4,0.0011452972,0.0099417735,0.004399292,0.13913088,0.83953434,0.00087036437,0.0049779913
data/raf_db/test/4/test_1416_aligned.jpg,4,4,0.020493388,0.042324934,0.021168157,0.15997927,0.7401898,0.0046860687,0.011158373
data/raf_db/test/4/test_1425_aligned.jpg,4,4,0.022517057,0.15866615,0.009299148,0.030693784,0.74697673,0.0038331232,0.028014047
data/raf_db/test/4/test_1426_aligned.jpg,4,4,0.0010851265,0.024587452,0.0034337179,0.020655446,0.90725964,0.0010699094,0.041908693
data/raf_db/test/4/test_1433_aligned.jpg,4,4,0.008878689,0.016473353,0.013180642,0.21316569,0.7458862,0.0019107345,0.0005047212
data/raf_db/test/4/test_1436_aligned.jpg,4,3,0.04634223,0.018738272,0.06016222,0.7803955,0.013205148,0.044798426,0.03635819
data/raf_db/test/4/test_1439_aligned.jpg,4,4,0.0016276692,0.014713252,0.003550022,0.0052334317,0.8817947,0.0019097565,0.09117118
data/raf_db/test/4/test_1440_aligned.jpg,4,4,0.0001234569,0.002520741,0.00096543616,0.0016613678,0.9618044,0.00036759485,0.032557
data/raf_db/test/4/test_1441_aligned.jpg,4,4,0.0027600627,0.008696945,0.059956413,0.002962272,0.90355265,0.0137077095,0.008363955
data/raf_db/test/4/test_1446_aligned.jpg,4,4,0.012974344,0.032513626,0.011112488,0.018059235,0.89162606,0.0031627247,0.030551448
data/raf_db/test/4/test_1447_aligned.jpg,4,1,0.18407905,0.29036325,0.06020599,0.13241215,0.24025802,0.075084,0.017597534
data/raf_db/test/4/test_1449_aligned.jpg,4,4,0.00085612905,0.005616198,0.0017978243,0.008539941,0.97615224,0.0005366273,0.0065010623
data/raf_db/test/4/test_1450_aligned.jpg,4,4,0.014683699,0.047249407,0.01606001,0.014532801,0.8979159,0.0058640153,0.0036941757
data/raf_db/test/4/test_1451_aligned.jpg,4,4,0.06872243,0.14090201,0.014938486,0.011704608,0.7578603,0.0032079297,0.0026642778
data/raf_db/test/4/test_1453_aligned.jpg,4,2,0.21677966,0.07798904,0.26987186,0.12883635,0.17128474,0.02331159,0.11192681
data/raf_db/test/4/test_1454_aligned.jpg,4,4,0.00890486,0.03684622,0.016481444,0.40480042,0.52238166,0.0059194104,0.00466606
data/raf_db/test/4/test_1461_aligned.jpg,4,1,0.04146464,0.29948902,0.044532392,0.0030154146,0.18278438,0.29303226,0.13568181
data/raf_db/test/4/test_1467_aligned.jpg,4,4,0.068141036,0.16649587,0.14905436,0.11831876,0.3099357,0.16328458,0.02476973
data/raf_db/test/4/test_1470_aligned.jpg,4,4,0.0012649839,0.009146758,0.012477706,0.00048086647,0.8853294,0.02880059,0.062499728
data/raf_db/test/4/test_1473_aligned.jpg,4,1,0.02951302,0.29827634,0.04730726,0.04140924,0.21410365,0.11638178,0.2530087
data/raf_db/test/4/test_1474_aligned.jpg,4,4,0.049973957,0.16090767,0.07357875,0.3083313,0.33136657,0.048124194,0.027717505
data/raf_db/test/4/test_1476_aligned.jpg,4,3,0.041803982,0.13650453,0.10549572,0.32455242,0.30616403,0.0789804,0.006498831
data/raf_db/test/4/test_1479_aligned.jpg,4,4,0.0043512518,0.14921804,0.0037039274,0.0007943906,0.65569055,0.0047855945,0.18145622
data/raf_db/test/4/test_1481_aligned.jpg,4,3,0.022308921,0.08340201,0.03891813,0.46935397,0.07397885,0.090591446,0.22144657
data/raf_db/test/4/test_1492_aligned.jpg,4,4,0.00071180874,0.010384874,0.0019155004,0.0054113613,0.98025835,0.0007532304,0.00056485494
data/raf_db/test/4/test_1494_aligned.jpg,4,4,0.02032423,0.21138163,0.02802942,0.016497524,0.54909486,0.056754258,0.11791815
data/raf_db/test/4/test_1495_aligned.jpg,4,4,0.020937841,0.062972285,0.01863712,0.0020966167,0.76380694,0.034271777,0.0972775
data/raf_db/test/4/test_1509_aligned.jpg,4,4,0.14279309,0.113004394,0.040967114,0.004335195,0.67585784,0.018567942,0.004474477
data/raf_db/test/4/test_1515_aligned.jpg,4,4,0.030971212,0.1000664,0.049289525,0.12697469,0.63587934,0.037254293,0.019564582
data/raf_db/test/4/test_1517_aligned.jpg,4,4,0.0002732323,0.004497217,0.0036725735,0.005815038,0.9818377,0.0037100345,0.00019415429
data/raf_db/test/4/test_1529_aligned.jpg,4,1,0.15727256,0.22268055,0.06406322,0.14082001,0.14755479,0.04976729,0.21784158
data/raf_db/test/4/test_1535_aligned.jpg,4,4,0.006090077,0.039192278,0.026665684,0.018657014,0.75452554,0.03474032,0.120129175
data/raf_db/test/4/test_1536_aligned.jpg,4,4,0.012471612,0.07157761,0.07088891,0.23995201,0.5002413,0.058098428,0.046770103
data/raf_db/test/4/test_1537_aligned.jpg,4,4,0.013064952,0.04714892,0.005392038,0.03408434,0.8957271,0.0021085448,0.0024740475
data/raf_db/test/4/test_1542_aligned.jpg,4,4,0.014419534,0.024706677,0.0060467585,0.021378452,0.9178774,0.0059164725,0.009654729
data/raf_db/test/4/test_1546_aligned.jpg,4,4,0.04201712,0.03532622,0.15796655,0.098632626,0.63532597,0.01216146,0.018570058
data/raf_db/test/4/test_1547_aligned.jpg,4,4,0.04619829,0.22424081,0.008689569,0.049139243,0.33939475,0.021057954,0.3112794
data/raf_db/test/4/test_1557_aligned.jpg,4,4,5.0269122e-05,0.0025578395,0.00013063996,2.5050314e-05,0.9950041,2.1157924e-05,0.0022109696
data/raf_db/test/4/test_1563_aligned.jpg,4,3,0.043546997,0.17031422,0.10222422,0.40010172,0.05079565,0.16724429,0.06577291
data/raf_db/test/4/test_1565_aligned.jpg,4,4,0.005235704,0.041181725,0.01950419,0.055329185,0.59383714,0.025641007,0.259271
data/raf_db/test/4/test_1566_aligned.jpg,4,6,0.0016611551,0.020104583,0.0014632358,0.0009393877,0.3485342,0.0030576307,0.6242398
data/raf_db/test/4/test_1573_aligned.jpg,4,4,0.002714023,0.027287602,0.009432229,0.0046837265,0.77985877,0.0077740457,0.1682496
data/raf_db/test/4/test_1574_aligned.jpg,4,4,0.029733565,0.35463935,0.012615081,0.013428738,0.43451577,0.010985604,0.14408197
data/raf_db/test/4/test_1575_aligned.jpg,4,4,0.003218153,0.0100932075,0.008893969,0.11804412,0.85615426,0.0019644655,0.0016318063
data/raf_db/test/4/test_1576_aligned.jpg,4,4,0.013518736,0.021178316,0.019807361,0.096004054,0.8073642,0.025336547,0.016790763
data/raf_db/test/4/test_1578_aligned.jpg,4,4,0.038353786,0.22870257,0.052614246,0.017410377,0.5879583,0.040362127,0.034598626
data/raf_db/test/4/test_1584_aligned.jpg,4,6,0.05707973,0.03927721,0.02158239,0.060388427,0.37785846,0.025187928,0.4186258
data/raf_db/test/4/test_1586_aligned.jpg,4,5,0.11105909,0.122767664,0.2522016,0.13633892,0.099795245,0.25639468,0.021442903
data/raf_db/test/4/test_1592_aligned.jpg,4,6,0.002466459,0.03929227,0.002341177,0.010353257,0.39964432,0.004803037,0.5410994
data/raf_db/test/4/test_1598_aligned.jpg,4,4,0.05079055,0.037137885,0.029998746,0.057776332,0.44441342,0.029981464,0.3499016
data/raf_db/test/4/test_1603_aligned.jpg,4,4,0.029937815,0.094910786,0.109944776,0.226378,0.37985292,0.11304607,0.04592963
data/raf_db/test/4/test_1606_aligned.jpg,4,4,0.029056773,0.34618184,0.012318284,0.0088201035,0.5357735,0.0075958595,0.0602536
data/raf_db/test/4/test_1607_aligned.jpg,4,4,0.024242647,0.097729385,0.11450464,0.006681478,0.42587438,0.17241617,0.15855126
data/raf_db/test/4/test_1611_aligned.jpg,4,4,0.0013108426,0.0034984746,0.0014409603,0.0050606425,0.9881015,0.000505961,8.1614475e-05
data/raf_db/test/4/test_1612_aligned.jpg,4,4,0.020751715,0.03253894,0.13147262,0.010652202,0.5603722,0.14081122,0.1034011
data/raf_db/test/4/test_1613_aligned.jpg,4,6,0.00825589,0.026502445,0.0071079433,0.042938925,0.13071072,0.023333212,0.7611509
data/raf_db/test/4/test_1615_aligned.jpg,4,1,0.043426104,0.64295375,0.0021128275,0.002978742,0.20826612,0.0028889715,0.09737356
data/raf_db/test/4/test_1619_aligned.jpg,4,4,0.0028777155,0.025877308,0.005534833,0.0013624455,0.8990071,0.0019620582,0.063378625
data/raf_db/test/4/test_1621_aligned.jpg,4,4,0.015616968,0.16341448,0.015519638,0.019026117,0.48989996,0.031226778,0.26529607
data/raf_db/test/4/test_1622_aligned.jpg,4,4,0.010240054,0.0091596935,0.037552577,0.0019775725,0.85339725,0.0549483,0.032724645
data/raf_db/test/4/test_1630_aligned.jpg,4,4,0.022870976,0.04439217,0.048069928,0.11883475,0.7184752,0.044803903,0.002553067
data/raf_db/test/4/test_1632_aligned.jpg,4,4,0.02469891,0.10242688,0.009842671,0.060567226,0.79778916,0.0031518028,0.0015232768
data/raf_db/test/4/test_1634_aligned.jpg,4,4,0.008952706,0.026287412,0.04656296,0.014245704,0.80211717,0.010621432,0.091212586
data/raf_db/test/4/test_1637_aligned.jpg,4,4,0.0025033816,0.057591412,0.0038447669,0.0067790262,0.860565,0.0012813305,0.06743509
data/raf_db/test/4/test_1639_aligned.jpg,4,4,0.0052365973,0.1557552,0.01051377,0.014370039,0.76060355,0.005305781,0.048215114
data/raf_db/test/4/test_1642_aligned.jpg,4,4,0.002467755,0.064329185,0.057588562,0.15211497,0.64866376,0.04574133,0.029094419
data/raf_db/test/4/test_1645_aligned.jpg,4,4,0.015440166,0.087819815,0.04268982,0.33092195,0.45315006,0.02119022,0.048788022
data/raf_db/test/4/test_1646_aligned.jpg,4,5,0.005649164,0.086069584,0.06062278,0.0038700835,0.07824042,0.64507914,0.12046879
data/raf_db/test/4/test_1652_aligned.jpg,4,4,0.0016348546,0.037121307,0.011138963,0.021092616,0.9142354,0.004273557,0.010503284
data/raf_db/test/4/test_1654_aligned.jpg,4,4,0.010278325,0.11283736,0.017107455,0.06820749,0.773593,0.0061752954,0.011801156
data/raf_db/test/4/test_1657_aligned.jpg,4,4,0.0014479916,0.020552823,0.0012384885,0.0013267783,0.96188164,0.00078672613,0.0127655575
data/raf_db/test/4/test_1660_aligned.jpg,4,1,0.14247043,0.49884617,0.013929153,0.012680389,0.28291595,0.01781139,0.031346608
data/raf_db/test/4/test_1662_aligned.jpg,4,4,0.0047807572,0.16946752,0.004406051,0.0015433974,0.743703,0.0021247372,0.07397448
data/raf_db/test/4/test_1663_aligned.jpg,4,4,0.017762676,0.0149697885,0.025755974,0.1173288,0.75958395,0.03775391,0.026844965
data/raf_db/test/4/test_1664_aligned.jpg,4,4,0.014970548,0.034422792,0.072830394,0.023771286,0.82606465,0.02210341,0.005836992
data/raf_db/test/4/test_1666_aligned.jpg,4,4,0.035975393,0.23174958,0.02661841,0.076756194,0.59468716,0.008429769,0.025783414
data/raf_db/test/4/test_1668_aligned.jpg,4,1,0.037374604,0.35156697,0.016727075,0.108134404,0.16549341,0.0183701,0.3023335
data/raf_db/test/4/test_1673_aligned.jpg,4,4,0.0011130793,0.004414173,0.0058512487,0.011017399,0.967745,0.009412085,0.00044707843
data/raf_db/test/4/test_1674_aligned.jpg,4,4,0.00089726364,0.027864944,0.0031321102,0.00047026592,0.823741,0.002591372,0.14130303
data/raf_db/test/4/test_1675_aligned.jpg,4,4,0.049668003,0.13767645,0.04801825,0.14467593,0.5835387,0.014180274,0.022242334
data/raf_db/test/4/test_1682_aligned.jpg,4,4,0.0011314057,0.009169072,0.0068961754,0.0049686306,0.9479411,0.0034832617,0.026410352
data/raf_db/test/4/test_1687_aligned.jpg,4,4,0.001369036,0.012969594,0.0018125835,0.018028485,0.9643729,0.00030790962,0.0011395597
data/raf_db/test/4/test_1688_aligned.jpg,4,6,0.013626264,0.11304112,0.012642769,0.0019705105,0.22637267,0.07669234,0.55565435
data/raf_db/test/4/test_1698_aligned.jpg,4,4,0.08003532,0.09511284,0.042643603,0.25955918,0.49061123,0.01715836,0.014879487
data/raf_db/test/4/test_1700_aligned.jpg,4,4,0.008098479,0.023207001,0.032344162,0.3857664,0.52522534,0.01628003,0.009078546
data/raf_db/test/4/test_1709_aligned.jpg,4,4,0.0016678296,0.018215774,0.0047346996,0.010880076,0.9501064,0.0028663857,0.011528829
data/raf_db/test/4/test_1711_aligned.jpg,4,4,0.0057170107,0.018383965,0.005568157,0.0019870119,0.96552205,0.0016969049,0.0011248544
data/raf_db/test/4/test_1715_aligned.jpg,4,3,0.12816195,0.057322774,0.10172522,0.48223156,0.15447585,0.05385413,0.022228548
data/raf_db/test/4/test_1716_aligned.jpg,4,5,0.03757805,0.09324621,0.08986203,0.073604636,0.14417483,0.5010909,0.060443398
data/raf_db/test/4/test_1720_aligned.jpg,4,4,0.0029380543,0.016494306,0.005522718,0.17785142,0.79577255,0.0010693206,0.00035160585
data/raf_db/test/4/test_1721_aligned.jpg,4,4,0.0015197082,0.003775409,0.0032725001,0.07727526,0.9128717,0.000957028,0.00032838708
data/raf_db/test/4/test_1723_aligned.jpg,4,4,0.00056868687,0.0056661186,0.0010143156,0.0054880623,0.8222714,0.0012394112,0.16375206
data/raf_db/test/4/test_1728_aligned.jpg,4,4,0.01002977,0.033731636,0.019211575,0.01926289,0.8527504,0.062149856,0.0028638297
data/raf_db/test/4/test_1730_aligned.jpg,4,4,0.022528343,0.045358658,0.05411271,0.14530401,0.64221823,0.052606173,0.037871927
data/raf_db/test/4/test_1731_aligned.jpg,4,4,0.022482414,0.21375978,0.04959966,0.1980715,0.38001034,0.0439297,0.092146665
data/raf_db/test/4/test_1735_aligned.jpg,4,6,0.10674567,0.06870959,0.033613995,0.123820335,0.22104366,0.12056142,0.32550532
data/raf_db/test/4/test_1736_aligned.jpg,4,4,0.009210608,0.013967057,0.10668578,0.020588579,0.8252136,0.017220035,0.0071143694
data/raf_db/test/4/test_1737_aligned.jpg,4,4,0.0068596713,0.018962797,0.006468759,0.2883882,0.6761436,0.0026204558,0.000556498
data/raf_db/test/4/test_1740_aligned.jpg,4,4,0.010557065,0.009769725,0.0030708674,0.014966728,0.9605646,0.0004219583,0.00064901955
data/raf_db/test/4/test_1742_aligned.jpg,4,4,0.0029322803,0.040329885,0.009215788,0.015949823,0.9192028,0.0056274715,0.006741991
data/raf_db/test/4/test_1745_aligned.jpg,4,4,5.8501766e-05,0.0008141254,0.00088757585,9.554638e-05,0.9862862,0.00079214876,0.011065936
data/raf_db/test/4/test_1747_aligned.jpg,4,4,0.042877916,0.0616235,0.15672967,0.0040712915,0.6058405,0.09100262,0.037854534
data/raf_db/test/4/test_1748_aligned.jpg,4,3,0.00822715,0.022652552,0.005970086,0.954362,0.006302541,0.001018542,0.0014671439
data/raf_db/test/4/test_1753_aligned.jpg,4,4,0.00021682298,0.0012566086,0.0006256433,0.00962416,0.9879121,0.0002448195,0.00011972104
data/raf_db/test/4/test_1754_aligned.jpg,4,4,0.0062553706,0.013881054,0.019963454,0.008010024,0.8620709,0.0045308336,0.085288376
data/raf_db/test/4/test_1758_aligned.jpg,4,4,0.032664962,0.26181218,0.051351227,0.059563115,0.3650425,0.10404127,0.12552473
data/raf_db/test/4/test_1763_aligned.jpg,4,4,0.0072080074,0.049679752,0.033820197,0.013380502,0.85904735,0.014082155,0.022782011
data/raf_db/test/4/test_1766_aligned.jpg,4,4,0.0017526131,0.05194062,0.006151438,0.028165676,0.90296376,0.0010835829,0.0079422435
data/raf_db/test/4/test_1767_aligned.jpg,4,4,0.006243358,0.061231785,0.011586703,0.01907949,0.7696802,0.0094141085,0.12276428
data/raf_db/test/4/test_1771_aligned.jpg,4,4,0.00075231516,0.002755501,0.0065648295,0.00015589842,0.97686756,0.0011784744,0.011725407
data/raf_db/test/4/test_1776_aligned.jpg,4,4,0.011694449,0.047443446,0.008090889,0.0029391376,0.91804755,0.0038717005,0.007912808
data/raf_db/test/4/test_1777_aligned.jpg,4,3,0.00581321,0.0071399068,0.0137702795,0.65955114,0.30710378,0.005452804,0.0011688627
data/raf_db/test/4/test_1780_aligned.jpg,4,3,0.012346968,0.014115909,0.058688495,0.7374245,0.15839024,0.014956017,0.004077944
data/raf_db/test/4/test_1789_aligned.jpg,4,4,0.009569925,0.07911833,0.027908485,0.026312195,0.45072025,0.14876255,0.25760826
data/raf_db/test/4/test_1795_aligned.jpg,4,4,0.00014421086,0.001847632,0.0015954704,0.0004689903,0.9946143,0.0011720274,0.00015735035
data/raf_db/test/4/test_1798_aligned.jpg,4,3,0.22422996,0.13741232,0.029124415,0.26140776,0.056133207,0.154036,0.1376563
data/raf_db/test/4/test_1799_aligned.jpg,4,4,0.00038025843,0.026250213,0.00069631886,0.0015170049,0.90485865,0.00017942397,0.06611823
data/raf_db/test/4/test_1800_aligned.jpg,4,4,0.014946809,0.01833288,0.024508627,0.006690717,0.9340807,0.00043352332,0.0010068483
data/raf_db/test/4/test_1804_aligned.jpg,4,4,0.0013498485,0.022475155,0.004566834,0.0007653698,0.7381561,0.017051365,0.21563536
data/raf_db/test/4/test_1806_aligned.jpg,4,4,0.001937262,0.01546942,0.0052562673,0.004955459,0.96332246,0.006992281,0.0020669093
data/raf_db/test/4/test_1808_aligned.jpg,4,5,0.003927479,0.015260838,0.038372766,0.005627029,0.09294448,0.83568287,0.008184559
data/raf_db/test/4/test_1809_aligned.jpg,4,4,0.0029670652,0.010579836,0.015573614,0.004159791,0.9329534,0.031169238,0.0025969627
data/raf_db/test/4/test_1810_aligned.jpg,4,6,0.0021971138,0.018545121,0.0027768842,0.005107442,0.35600063,0.0048194947,0.6105534
data/raf_db/test/4/test_1811_aligned.jpg,4,6,0.0092543,0.05978486,0.0446675,0.014451375,0.35218787,0.09836222,0.42129183
data/raf_db/test/4/test_1812_aligned.jpg,4,4,0.0046017966,0.095319234,0.017185576,0.019051347,0.7632525,0.01374842,0.0868412
data/raf_db/test/4/test_1814_aligned.jpg,4,4,0.01984954,0.034584466,0.05432336,0.21715078,0.6205559,0.004097206,0.049438756
data/raf_db/test/4/test_1818_aligned.jpg,4,4,0.006721052,0.05623388,0.0042260825,0.0015705395,0.54688454,0.007352212,0.37701166
data/raf_db/test/4/test_1823_aligned.jpg,4,4,0.008581213,0.11087605,0.011404364,0.003861682,0.8464359,0.010899409,0.007941393
data/raf_db/test/4/test_1824_aligned.jpg,4,4,0.04850748,0.11646727,0.014990903,0.01077386,0.5627208,0.08823867,0.15830101
data/raf_db/test/4/test_1829_aligned.jpg,4,4,0.05332376,0.11196986,0.0061809733,0.0040309234,0.81720334,0.005800056,0.001491052
data/raf_db/test/4/test_1831_aligned.jpg,4,4,0.0013996682,0.010385656,0.009067506,0.037330963,0.92483574,0.0012009572,0.015779497
data/raf_db/test/4/test_1832_aligned.jpg,4,4,0.020221837,0.0143137295,0.007928028,0.035001393,0.9217781,0.0005224799,0.0002344717
data/raf_db/test/4/test_1842_aligned.jpg,4,4,0.024779461,0.15807535,0.03532393,0.16542764,0.55443436,0.016613677,0.045345623
data/raf_db/test/4/test_1843_aligned.jpg,4,4,0.026804477,0.07052353,0.03387015,0.10673292,0.7463865,0.003421325,0.012261101
data/raf_db/test/4/test_1846_aligned.jpg,4,4,0.006156855,0.028840091,0.009017215,0.009651748,0.92905116,0.0033341239,0.013948751
data/raf_db/test/4/test_1847_aligned.jpg,4,4,0.06910669,0.045085195,0.18955827,0.13321394,0.31281152,0.24013245,0.010091886
data/raf_db/test/4/test_1849_aligned.jpg,4,4,1.8919665e-05,0.00023024793,0.00035437485,0.0024966411,0.9965501,0.0003445839,5.064814e-06
data/raf_db/test/4/test_1851_aligned.jpg,4,4,0.002815207,0.028427647,0.0047384454,0.0088310875,0.8758654,0.002371195,0.07695098
data/raf_db/test/4/test_1853_aligned.jpg,4,4,0.0035286446,0.021400025,0.0104904445,0.012614691,0.93469644,0.0012292622,0.016040511
data/raf_db/test/4/test_1854_aligned.jpg,4,4,0.0034652825,0.026335744,0.0064470726,0.02061814,0.8530088,0.0033183044,0.08680667
data/raf_db/test/4/test_1856_aligned.jpg,4,3,0.023458803,0.08053281,0.033333987,0.5484714,0.30322257,0.00727219,0.0037082736
data/raf_db/test/4/test_1857_aligned.jpg,4,4,0.023343144,0.03208816,0.11335051,0.00705899,0.5465768,0.25207272,0.025509696
data/raf_db/test/4/test_1864_aligned.jpg,4,4,0.06955709,0.20835708,0.008735822,0.025105856,0.44541872,0.017741721,0.22508372
data/raf_db/test/4/test_1872_aligned.jpg,4,6,0.028545903,0.09419568,0.010782649,0.017227741,0.1852224,0.01653274,0.6474929
data/raf_db/test/4/test_1873_aligned.jpg,4,4,0.008602094,0.08322918,0.010817106,0.010414373,0.76111007,0.013065902,0.11276133
data/raf_db/test/4/test_1875_aligned.jpg,4,1,0.06274836,0.35923415,0.03171666,0.039487794,0.28208014,0.041540317,0.18319261
data/raf_db/test/4/test_1877_aligned.jpg,4,4,0.08129446,0.41013592,0.005358658,0.032568395,0.46308517,0.00106853,0.006488854
data/raf_db/test/4/test_1882_aligned.jpg,4,4,0.0035824378,0.018256342,0.0039095995,0.013761763,0.9434854,0.0043218965,0.012682635
data/raf_db/test/4/test_1893_aligned.jpg,4,4,0.02029215,0.06020688,0.03854938,0.016863087,0.8511447,0.0096236095,0.0033202877
data/raf_db/test/4/test_1902_aligned.jpg,4,4,0.0008946858,0.009432037,0.0034480614,0.0018923968,0.9755951,0.0073260125,0.0014116323
data/raf_db/test/4/test_1908_aligned.jpg,4,4,0.0017544007,0.017687606,0.0010134663,0.00074128574,0.9696792,0.00032320173,0.008800892
data/raf_db/test/4/test_1909_aligned.jpg,4,4,0.015352312,0.046078432,0.04904012,0.10904926,0.5277018,0.032430965,0.22034712
data/raf_db/test/4/test_1910_aligned.jpg,4,4,0.0070168506,0.0088165095,0.0146438405,0.020064712,0.93590444,0.0027923654,0.01076133
data/raf_db/test/4/test_1918_aligned.jpg,4,4,0.003658406,0.04546951,0.013947112,0.009052924,0.7927232,0.032484464,0.10266434
data/raf_db/test/4/test_1922_aligned.jpg,4,4,0.0031648502,0.02859043,0.023357973,0.031514872,0.6646048,0.04899618,0.19977087
data/raf_db/test/4/test_1923_aligned.jpg,4,4,0.0023307852,0.13292289,0.002519735,0.0024525854,0.5844123,0.0019744956,0.27338725
data/raf_db/test/4/test_1927_aligned.jpg,4,4,0.01666004,0.04695333,0.0066322945,0.0028894297,0.7981366,0.0027235772,0.12600473
data/raf_db/test/4/test_1929_aligned.jpg,4,1,0.04464365,0.35504058,0.043328304,0.14784306,0.21475582,0.047943696,0.14644486
data/raf_db/test/4/test_1932_aligned.jpg,4,0,0.65353346,0.06791338,0.16472758,0.03142571,0.04591205,0.03302138,0.003466404
data/raf_db/test/4/test_1936_aligned.jpg,4,4,0.009752404,0.05343211,0.013119744,0.25194713,0.56220424,0.019032095,0.090512305
data/raf_db/test/4/test_1937_aligned.jpg,4,5,0.006166966,0.02360772,0.07525175,0.022210045,0.17339218,0.67837924,0.020992193
data/raf_db/test/4/test_1942_aligned.jpg,4,6,0.019713288,0.017495904,0.008121405,0.0761108,0.3868966,0.014156996,0.47750494
data/raf_db/test/4/test_1943_aligned.jpg,4,2,0.13556308,0.029815849,0.5662532,0.0013685871,0.13396795,0.1260113,0.007020082
data/raf_db/test/4/test_1947_aligned.jpg,4,4,0.0003471531,0.008885895,0.0011979239,0.0019014342,0.98497194,0.00030426192,0.0023914033
data/raf_db/test/4/test_1949_aligned.jpg,4,6,0.007927559,0.049044482,0.0029694857,0.002899551,0.21198533,0.021862907,0.7033107
data/raf_db/test/4/test_1951_aligned.jpg,4,4,0.0015246981,0.038230214,0.0047583315,0.0019631563,0.8867346,0.0026807918,0.06410808
data/raf_db/test/4/test_1952_aligned.jpg,4,4,0.01320376,0.050037097,0.018341456,0.06746164,0.4861103,0.036978666,0.3278671
data/raf_db/test/4/test_1956_aligned.jpg,4,4,0.019095002,0.031794704,0.037084144,0.4231783,0.475204,0.001944972,0.011698908
data/raf_db/test/4/test_1961_aligned.jpg,4,4,0.0018813353,0.0345451,0.013783616,0.027274614,0.85620505,0.0103440285,0.05596625
data/raf_db/test/4/test_1968_aligned.jpg,4,6,0.0014747191,0.020409085,0.003252234,0.0031562536,0.112028316,0.0153748505,0.84430456
data/raf_db/test/4/test_1973_aligned.jpg,4,3,0.07271871,0.076883465,0.026278237,0.57821304,0.18427123,0.024296971,0.037338417
data/raf_db/test/4/test_1974_aligned.jpg,4,4,0.0042189844,0.05033912,0.0052146865,0.021126574,0.91385204,0.0015513311,0.0036971867
data/raf_db/test/4/test_1975_aligned.jpg,4,4,0.0046237293,0.049310215,0.003357998,0.022212535,0.7558797,0.003078065,0.16153778
data/raf_db/test/4/test_1983_aligned.jpg,4,1,0.26883587,0.44279084,0.0059452243,0.0027695152,0.14773123,0.013590844,0.11833645
data/raf_db/test/4/test_1984_aligned.jpg,4,4,0.00035491658,0.010841624,0.0027596457,0.0005623922,0.90459853,0.0072270497,0.07365585
data/raf_db/test/4/test_1986_aligned.jpg,4,4,0.00474664,0.028490856,0.00809553,0.018012853,0.932685,0.0062758303,0.001693298
data/raf_db/test/4/test_1996_aligned.jpg,4,4,0.015749484,0.055148143,0.029409684,0.12665829,0.74032354,0.020317603,0.01239325
data/raf_db/test/4/test_2005_aligned.jpg,4,4,0.008127685,0.012591322,0.027455512,0.15672112,0.7874539,0.0052550645,0.0023954317
data/raf_db/test/4/test_2013_aligned.jpg,4,4,0.06685666,0.27552882,0.07326219,0.015460574,0.36666995,0.15889925,0.043322485
data/raf_db/test/4/test_2017_aligned.jpg,4,6,0.0039840387,0.026170027,0.003699365,0.00046791162,0.21876769,0.03140915,0.7155018
data/raf_db/test/4/test_2021_aligned.jpg,4,4,0.0061843935,0.017928729,0.0064272513,0.214019,0.7538356,0.0010711191,0.0005339735
data/raf_db/test/4/test_2022_aligned.jpg,4,4,0.0027884701,0.023116073,0.0046012523,0.0048173894,0.7091792,0.007166993,0.2483306
data/raf_db/test/4/test_2025_aligned.jpg,4,4,0.046932705,0.12327315,0.03956112,0.18237947,0.55209696,0.024276033,0.031480502
data/raf_db/test/4/test_2026_aligned.jpg,4,4,0.013895293,0.022353524,0.024221696,0.1279666,0.78683317,0.017373992,0.0073556793
data/raf_db/test/4/test_2035_aligned.jpg,4,1,0.011417385,0.39508468,0.004498839,0.0037125496,0.38352108,0.0046652523,0.1971002
data/raf_db/test/4/test_2038_aligned.jpg,4,4,0.0066897124,0.085767254,0.0042095613,0.0020453825,0.6297393,0.005810718,0.26573804
data/raf_db/test/4/test_2050_aligned.jpg,4,4,0.002169956,0.02052031,0.0017522527,0.018259654,0.9566091,0.00027522593,0.00041363185
data/raf_db/test/4/test_2052_aligned.jpg,4,4,0.0051144795,0.015375327,0.021382006,0.024593182,0.7678673,0.026467185,0.13920052
data/raf_db/test/4/test_2054_aligned.jpg,4,4,0.04053163,0.2097892,0.06837292,0.04334412,0.4040572,0.057567734,0.17633723
data/raf_db/test/4/test_2061_aligned.jpg,4,4,0.0020481248,0.01493434,0.001453431,0.0009052979,0.9590853,0.0014226813,0.020150917
data/raf_db/test/4/test_2066_aligned.jpg,4,6,0.0007135278,0.013568304,0.00393814,0.0009166065,0.2528397,0.04172965,0.68629414
data/raf_db/test/4/test_2070_aligned.jpg,4,4,0.0047991215,0.016569132,0.0057704574,0.03243403,0.93583596,0.0037589336,0.0008323397
data/raf_db/test/4/test_2071_aligned.jpg,4,4,0.005225642,0.022037828,0.004405248,0.002665929,0.95147055,0.0010357928,0.013158999
data/raf_db/test/4/test_2077_aligned.jpg,4,6,0.018225418,0.18316974,0.018607806,0.029462675,0.346928,0.046206165,0.3574002
data/raf_db/test/4/test_2078_aligned.jpg,4,4,0.007541732,0.14587937,0.003797896,0.008996211,0.755732,0.0012163534,0.076836474
data/raf_db/test/4/test_2080_aligned.jpg,4,4,0.0032112591,0.015134293,0.0039396854,0.009420322,0.9624705,0.0012820608,0.004541901
data/raf_db/test/4/test_2088_aligned.jpg,4,4,0.005675888,0.021463862,0.017497497,0.060781427,0.7811189,0.02729513,0.08616729
data/raf_db/test/4/test_2095_aligned.jpg,4,4,0.06833561,0.012372247,0.052105747,0.12929942,0.71650463,0.009549732,0.011832598
data/raf_db/test/4/test_2097_aligned.jpg,4,6,0.006064335,0.023129165,0.04082156,0.093268745,0.27019927,0.1548292,0.4116877
data/raf_db/test/4/test_2102_aligned.jpg,4,4,0.0024167814,0.04721535,0.005341184,0.004532537,0.88824564,0.0031146933,0.04913376
data/raf_db/test/4/test_2111_aligned.jpg,4,4,0.023604445,0.03771366,0.030401785,0.17766479,0.53801554,0.16961192,0.022987872
data/raf_db/test/4/test_2113_aligned.jpg,4,6,0.008343646,0.009978595,0.016397344,0.26637018,0.080128856,0.08933664,0.5294448
data/raf_db/test/4/test_2115_aligned.jpg,4,4,0.0053699035,0.028496113,0.04081579,0.02384641,0.7223656,0.17131834,0.0077878484
data/raf_db/test/4/test_2117_aligned.jpg,4,4,0.024940196,0.121434875,0.06516006,0.013906539,0.6424998,0.05727942,0.07477906
data/raf_db/test/4/test_2118_aligned.jpg,4,4,0.0013088096,0.011459069,0.009699529,0.14417817,0.8184634,0.0064565213,0.0084345825
data/raf_db/test/4/test_2119_aligned.jpg,4,4,0.001857327,0.010754932,0.020340841,0.0022328186,0.93624663,0.009911896,0.01865555
data/raf_db/test/4/test_2123_aligned.jpg,4,4,0.006792247,0.029300148,0.0048649423,0.011247977,0.94307035,0.004102369,0.0006220042
data/raf_db/test/4/test_2124_aligned.jpg,4,5,0.038202327,0.086569875,0.061738934,0.025677947,0.08782893,0.47616887,0.2238131
data/raf_db/test/4/test_2131_aligned.jpg,4,4,0.01698808,0.09334649,0.009101274,0.12925103,0.7190174,0.0017064874,0.030589305
data/raf_db/test/4/test_2132_aligned.jpg,4,4,0.012107662,0.030146684,0.010943922,0.08065205,0.8216036,0.015872903,0.028673159
data/raf_db/test/4/test_2138_aligned.jpg,4,1,0.038488064,0.3059072,0.023353728,0.02363065,0.2753811,0.0451027,0.2881365
data/raf_db/test/4/test_2142_aligned.jpg,4,6,0.0113439625,0.06445196,0.008862273,0.111975074,0.10215803,0.011905225,0.6893035
data/raf_db/test/4/test_2147_aligned.jpg,4,4,0.15194485,0.040788624,0.10405157,0.10684261,0.5685543,0.008326555,0.01949154
data/raf_db/test/4/test_2156_aligned.jpg,4,5,0.024316013,0.079795845,0.17959005,0.16997738,0.21663888,0.31969482,0.00998701
data/raf_db/test/4/test_2157_aligned.jpg,4,4,0.09530684,0.22077362,0.03156189,0.020420866,0.57781345,0.022692038,0.031431217
data/raf_db/test/4/test_2158_aligned.jpg,4,4,0.00044058773,0.009998825,0.00089444104,0.00042118286,0.9496012,0.0002645389,0.038379192
data/raf_db/test/4/test_2167_aligned.jpg,4,4,0.0004570989,0.018554782,0.0010334816,0.005104484,0.9235815,0.0002411045,0.05102754
data/raf_db/test/4/test_2169_aligned.jpg,4,6,0.015323623,0.24117167,0.005699216,0.037677817,0.21078038,0.0039755004,0.48537186
data/raf_db/test/4/test_2188_aligned.jpg,4,4,0.14297085,0.12104355,0.045278605,0.19055444,0.42780206,0.049386855,0.02296372
data/raf_db/test/4/test_2191_aligned.jpg,4,3,0.04406232,0.11328502,0.034809712,0.5964882,0.050858133,0.03910246,0.12139418
data/raf_db/test/4/test_2193_aligned.jpg,4,4,0.029123172,0.040979255,0.093460836,0.0033922417,0.52208066,0.15893643,0.15202744
data/raf_db/test/4/test_2194_aligned.jpg,4,3,0.025056295,0.08727286,0.02843977,0.7944338,0.0517248,0.008247977,0.0048245746
data/raf_db/test/4/test_2195_aligned.jpg,4,1,0.041711412,0.45735756,0.033206433,0.013160141,0.22230145,0.091891475,0.14037149
data/raf_db/test/4/test_2204_aligned.jpg,4,4,0.0027708113,0.019262433,0.009002889,0.01297578,0.93042886,0.014424348,0.011134856
data/raf_db/test/4/test_2209_aligned.jpg,4,4,0.012501693,0.091156736,0.009788512,0.020681279,0.7673506,0.007256239,0.0912649
data/raf_db/test/4/test_2210_aligned.jpg,4,4,0.001626857,0.00765647,0.0012122315,0.0030473869,0.9855143,0.0008070006,0.00013574168
data/raf_db/test/4/test_2211_aligned.jpg,4,6,0.0046233665,0.119092986,0.005627764,0.024763554,0.037366353,0.01594866,0.7925773
data/raf_db/test/4/test_2216_aligned.jpg,4,4,0.020761883,0.044974275,0.044683922,0.07631996,0.7629682,0.04992395,0.00036770714
data/raf_db/test/4/test_2217_aligned.jpg,4,4,0.019023683,0.12199773,0.08868262,0.012812725,0.34560287,0.2965504,0.115329966
data/raf_db/test/4/test_2223_aligned.jpg,4,4,0.00057961716,0.0029351853,0.0018808661,0.00080511835,0.9836114,0.00407682,0.0061109886
data/raf_db/test/4/test_2225_aligned.jpg,4,4,0.00064150896,0.010655396,0.0023305216,0.0029306489,0.9439829,0.0012003422,0.038258553
data/raf_db/test/4/test_2227_aligned.jpg,4,4,0.00037022503,0.0010681183,0.0046661496,0.021671789,0.9684133,0.0037691155,4.1353218e-05
data/raf_db/test/5/test_0002_aligned.jpg,5,5,0.009206996,0.037603837,0.054222334,0.023688566,0.041829493,0.6382015,0.19524728
data/raf_db/test/5/test_0004_aligned.jpg,5,5,0.068631314,0.064192384,0.084868245,0.005509889,0.023217792,0.7421568,0.0114235515
data/raf_db/test/5/test_0008_aligned.jpg,5,5,0.0016964923,0.002582394,0.026352208,0.0018446422,0.0017576857,0.96339417,0.0023723575
data/raf_db/test/5/test_0015_aligned.jpg,5,5,0.0009702509,0.0014462689,0.025688598,0.010069108,0.00066099805,0.95071733,0.010447443
data/raf_db/test/5/test_0023_aligned.jpg,5,3,0.039513968,0.045225393,0.051275156,0.7269081,0.08111608,0.038005583,0.017955722
data/raf_db/test/5/test_0034_aligned.jpg,5,5,0.08346255,0.11499161,0.14635584,0.23055162,0.035387747,0.3483265,0.040924102
data/raf_db/test/5/test_0035_aligned.jpg,5,5,0.0839519,0.041103326,0.027963499,0.013424093,0.04646148,0.6910236,0.09607216
data/raf_db/test/5/test_0043_aligned.jpg,5,5,0.017013004,0.022555016,0.083717644,0.039733995,0.012318706,0.80809355,0.016568154
data/raf_db/test/5/test_0059_aligned.jpg,5,5,0.008240039,0.011387456,0.057926457,0.00030485285,0.006738042,0.91010123,0.005301991
data/raf_db/test/5/test_0073_aligned.jpg,5,5,0.024413047,0.18270051,0.083615236,0.01853097,0.3063437,0.319963,0.064433455
data/raf_db/test/5/test_0084_aligned.jpg,5,5,0.0016091223,0.00474034,0.025654174,0.0008154292,0.0031701562,0.95608354,0.007927217
data/raf_db/test/5/test_0086_aligned.jpg,5,5,0.027372152,0.01016244,0.13201384,0.117514536,0.063373916,0.646795,0.0027681207
data/raf_db/test/5/test_0090_aligned.jpg,5,5,0.031042887,0.023810562,0.04376417,0.00081355846,0.007729996,0.8916435,0.001195362
data/raf_db/test/5/test_0094_aligned.jpg,5,5,0.0015957688,0.0007278541,0.13719895,0.00038079385,0.0006657384,0.85788476,0.001546131
data/raf_db/test/5/test_0096_aligned.jpg,5,5,0.0005300935,0.0009322464,0.011687304,0.0029275087,0.015405577,0.9606744,0.007842928
data/raf_db/test/5/test_0099_aligned.jpg,5,5,0.02483536,0.0683672,0.07919916,0.088650055,0.036374625,0.6175578,0.08501585
data/raf_db/test/5/test_0102_aligned.jpg,5,5,0.002200895,0.009225492,0.05872231,0.063224986,0.058783617,0.7365403,0.071302325
data/raf_db/test/5/test_0104_aligned.jpg,5,4,0.042280704,0.24543385,0.023511842,0.019095365,0.40058845,0.12732711,0.1417626
data/raf_db/test/5/test_0121_aligned.jpg,5,3,0.09351044,0.19879371,0.02682758,0.3344453,0.13959965,0.01677099,0.19005227
data/raf_db/test/5/test_0123_aligned.jpg,5,3,0.057920843,0.04564747,0.071087115,0.3582507,0.20914622,0.23575346,0.02219412
data/raf_db/test/5/test_0125_aligned.jpg,5,5,0.0012421744,0.002702591,0.06455503,0.035074566,0.0020410912,0.8904779,0.003906579
data/raf_db/test/5/test_0127_aligned.jpg,5,1,0.14257118,0.49233255,0.043114398,0.17961136,0.022655927,0.088853866,0.030860735
data/raf_db/test/5/test_0135_aligned.jpg,5,5,0.005936495,0.008352879,0.019563802,0.0064021884,0.012441778,0.8731552,0.07414769
data/raf_db/test/5/test_0147_aligned.jpg,5,6,0.017849294,0.1171094,0.055602707,0.20097207,0.027969057,0.15554841,0.42494914
data/raf_db/test/5/test_0151_aligned.jpg,5,5,0.015494044,0.012977328,0.05370217,0.027533706,0.025986275,0.83030117,0.034005336
data/raf_db/test/5/test_0153_aligned.jpg,5,5,0.0043594213,0.0016460201,0.07982364,0.00046546632,0.0006093142,0.9123207,0.0007753194
data/raf_db/test/5/test_0155_aligned.jpg,5,2,0.022889767,0.0068817744,0.54601955,0.0049873213,0.008976579,0.40974563,0.00049939123
data/raf_db/test/5/test_0163_aligned.jpg,5,1,0.057935804,0.35032728,0.029931108,0.023641685,0.092717946,0.18439417,0.261052
data/raf_db/test/5/test_0165_aligned.jpg,5,5,0.05602859,0.07479167,0.18939736,0.0027654537,0.11033629,0.5631189,0.0035617813
data/raf_db/test/5/test_0168_aligned.jpg,5,3,0.02578158,0.11035975,0.0095269205,0.354384,0.14198892,0.007238353,0.35072044
data/raf_db/test/5/test_0169_aligned.jpg,5,5,0.09480231,0.12602586,0.08793208,0.023048917,0.028481217,0.610323,0.029386662
data/raf_db/test/5/test_0187_aligned.jpg,5,5,0.016080774,0.025525553,0.12785524,0.07242816,0.0065119243,0.7366852,0.014913163
data/raf_db/test/5/test_0189_aligned.jpg,5,5,0.016037242,0.055571977,0.058256708,0.044445414,0.10993661,0.48822188,0.22753024
data/raf_db/test/5/test_0195_aligned.jpg,5,5,0.0006664132,0.0008128566,0.16870204,6.6871115e-05,0.00012857812,0.8294031,0.00022013417
data/raf_db/test/5/test_0196_aligned.jpg,5,5,0.0037367973,0.0043616984,0.040515963,0.006921011,0.0005580509,0.94148195,0.0024246564
data/raf_db/test/5/test_0197_aligned.jpg,5,6,0.09664741,0.19669946,0.06058036,0.19822346,0.011999764,0.17705758,0.25879204
data/raf_db/test/5/test_0198_aligned.jpg,5,0,0.2650554,0.2610482,0.1338659,0.030401792,0.017140718,0.21592724,0.076560654
data/raf_db/test/5/test_0200_aligned.jpg,5,1,0.2653044,0.33349156,0.042721894,0.21135794,0.0470472,0.08498637,0.015090633
data/raf_db/test/5/test_0207_aligned.jpg,5,5,0.03342906,0.029276278,0.11431317,0.18087141,0.12305878,0.49630925,0.02274209
data/raf_db/test/5/test_0214_aligned.jpg,5,5,0.006358347,0.011232374,0.06987285,0.010238767,0.03490665,0.8545808,0.012810273
data/raf_db/test/5/test_0218_aligned.jpg,5,5,0.021620646,0.020766143,0.045145288,0.034946077,0.022336394,0.8074604,0.047724936
data/raf_db/test/5/test_0219_aligned.jpg,5,5,0.03233035,0.08617038,0.09818323,0.2400074,0.02160975,0.41608393,0.10561499
data/raf_db/test/5/test_0226_aligned.jpg,5,3,0.015828852,0.020147866,0.24775499,0.5393529,0.004813136,0.16754438,0.0045579025
data/raf_db/test/5/test_0235_aligned.jpg,5,5,0.01434123,0.0128724845,0.0646202,0.03610999,0.024561267,0.8356435,0.011851312
data/raf_db/test/5/test_0241_aligned.jpg,5,5,0.008299964,0.00934949,0.03232055,0.06697227,0.017746652,0.7491113,0.11619991
data/raf_db/test/5/test_0243_aligned.jpg,5,2,0.0564858,0.013706558,0.3438426,0.02173778,0.22835003,0.2818583,0.054019
data/raf_db/test/5/test_0245_aligned.jpg,5,5,0.044113807,0.048747208,0.27265427,0.08048382,0.0059988843,0.54455715,0.0034448379
data/raf_db/test/5/test_0246_aligned.jpg,5,5,0.0014664731,0.0034754944,0.03621442,0.0050467644,0.0013404554,0.93893313,0.013523255
data/raf_db/test/5/test_0249_aligned.jpg,5,5,0.036484905,0.08301136,0.1261947,0.053977743,0.08549483,0.38341415,0.23142232
data/raf_db/test/5/test_0259_aligned.jpg,5,4,0.007776224,0.014082349,0.09286984,0.028118335,0.59295195,0.24935664,0.01484463
data/raf_db/test/5/test_0288_aligned.jpg,5,5,0.010856697,0.011095197,0.007905002,0.026716594,0.01071113,0.5278884,0.40482697
data/raf_db/test/5/test_0293_aligned.jpg,5,5,0.01544905,0.013907037,0.06400181,0.029144714,0.006130483,0.8572388,0.014128136
data/raf_db/test/5/test_0294_aligned.jpg,5,5,0.0058020325,0.07450011,0.0387936,0.006774959,0.13406315,0.40365547,0.33641067
data/raf_db/test/5/test_0297_aligned.jpg,5,6,0.009713802,0.086317606,0.013835073,0.029919816,0.071151055,0.08115504,0.7079076
data/raf_db/test/5/test_0299_aligned.jpg,5,5,0.012308582,0.04774035,0.08353445,0.061245218,0.011415355,0.69925195,0.08450405
data/raf_db/test/5/test_0314_aligned.jpg,5,4,0.016377013,0.1231097,0.06883362,0.1536549,0.54999363,0.04486999,0.043161105
data/raf_db/test/5/test_0316_aligned.jpg,5,5,4.643897e-05,0.00010364203,0.037895374,1.3553736e-05,0.00011025211,0.9617526,7.812292e-05
data/raf_db/test/5/test_0325_aligned.jpg,5,6,0.007888793,0.02101131,0.018661102,0.019749856,0.046021327,0.4024277,0.4842399
data/raf_db/test/5/test_0326_aligned.jpg,5,5,0.00012943064,0.00029303395,0.031281188,8.432403e-05,0.00037520635,0.96710354,0.000733113
data/raf_db/test/5/test_0340_aligned.jpg,5,5,0.05803815,0.0063963607,0.4510283,0.0024688945,0.0032989257,0.47750852,0.0012608316
data/raf_db/test/5/test_0346_aligned.jpg,5,5,0.2590004,0.028853748,0.1582146,0.02341924,0.09439796,0.43238255,0.0037314857
data/raf_db/test/5/test_0354_aligned.jpg,5,5,0.036726505,0.023273828,0.08431004,0.034423973,0.05216599,0.7612053,0.007894288
data/raf_db/test/5/test_0355_aligned.jpg,5,5,0.0018853926,0.0032318924,0.035744034,0.03417509,0.011453039,0.90779513,0.0057154493
data/raf_db/test/5/test_0359_aligned.jpg,5,4,0.01973136,0.01370312,0.05819246,0.017576246,0.78790504,0.080414414,0.022477401
data/raf_db/test/5/test_0360_aligned.jpg,5,5,0.028838344,0.14623705,0.06838852,0.21836452,0.04659642,0.28368777,0.2078873
data/raf_db/test/5/test_0361_aligned.jpg,5,5,0.0064387247,0.0063148625,0.10058272,0.019974101,0.16026689,0.6984492,0.00797346
data/raf_db/test/5/test_0363_aligned.jpg,5,5,0.00010984489,0.00041751447,0.0077652275,0.0003488913,8.673765e-05,0.9892931,0.0019787862
data/raf_db/test/5/test_0381_aligned.jpg,5,5,0.012396078,0.019827312,0.051734876,0.06941428,0.020600403,0.7357985,0.09022859
data/raf_db/test/5/test_0382_aligned.jpg,5,5,0.012680795,0.021901293,0.06365319,0.008556288,0.002612809,0.8762433,0.014352329
data/raf_db/test/5/test_0409_aligned.jpg,5,2,0.013164972,0.022291578,0.57265115,0.00787419,0.035685323,0.3297571,0.01857569
data/raf_db/test/5/test_0413_aligned.jpg,5,5,0.009985481,0.016587755,0.033256304,0.016655602,0.044351615,0.8240392,0.055124115
data/raf_db/test/5/test_0416_aligned.jpg,5,5,0.0002348425,0.0004463971,0.015802423,0.0021462915,0.0010110989,0.9796174,0.00074159633
data/raf_db/test/5/test_0429_aligned.jpg,5,3,0.06396624,0.10118266,0.061262157,0.47466847,0.013336194,0.18842854,0.0971558
data/raf_db/test/5/test_0430_aligned.jpg,5,5,0.13548464,0.17356381,0.16866325,0.04443325,0.0768515,0.3530536,0.047949888
data/raf_db/test/5/test_0431_aligned.jpg,5,5,0.02209737,0.041380413,0.14902422,0.109816425,0.022149585,0.61933327,0.03619871
data/raf_db/test/5/test_0440_aligned.jpg,5,5,0.005282417,0.008145765,0.045372628,0.0016555589,0.000670715,0.9339197,0.0049532154
data/raf_db/test/5/test_0441_aligned.jpg,5,3,0.066584446,0.18958618,0.042426955,0.24608152,0.17367788,0.059201047,0.22244194
data/raf_db/test/5/test_0446_aligned.jpg,5,5,0.08502315,0.1593052,0.08274475,0.20522653,0.03489344,0.3359265,0.09688041
data/raf_db/test/5/test_0482_aligned.jpg,5,5,0.0022454266,0.0028261843,0.020117885,0.0016356981,0.0023515122,0.96526396,0.0055592996
data/raf_db/test/5/test_0491_aligned.jpg,5,5,0.0018199575,0.0062408107,0.023128882,0.0010981428,0.0067590578,0.9424404,0.01851273
data/raf_db/test/5/test_0499_aligned.jpg,5,5,0.016486527,0.024230924,0.061807748,0.09228727,0.05004325,0.6962823,0.058861997
data/raf_db/test/5/test_0517_aligned.jpg,5,5,0.010601289,0.048109174,0.12729302,0.03772188,0.018966269,0.7064086,0.05089968
data/raf_db/test/5/test_0526_aligned.jpg,5,5,0.01091622,0.007793381,0.029139446,0.0017279704,0.004792021,0.94221884,0.0034121552
data/raf_db/test/5/test_0540_aligned.jpg,5,5,0.0032353431,0.018644292,0.020137765,0.00086309767,0.00878354,0.7371396,0.21119636
data/raf_db/test/5/test_0542_aligned.jpg,5,5,0.0130870165,0.005817361,0.063861914,0.0019306019,0.00045517753,0.9138489,0.000999074
data/raf_db/test/5/test_0564_aligned.jpg,5,5,0.0021332705,0.002790592,0.020772578,0.00023590268,0.00091341266,0.9715576,0.0015966109
data/raf_db/test/5/test_0577_aligned.jpg,5,2,0.0050523994,0.0012407772,0.58004403,0.0025650286,0.0010746078,0.40975183,0.0002713867
data/raf_db/test/5/test_0601_aligned.jpg,5,5,0.0024623487,0.005336028,0.058659628,0.004327794,0.0012942598,0.9243261,0.003593795
data/raf_db/test/5/test_0624_aligned.jpg,5,5,0.019548854,0.03186468,0.08636228,0.010909654,0.011710721,0.8347577,0.004846035
data/raf_db/test/5/test_0644_aligned.jpg,5,4,0.018958911,0.045083348,0.021863637,0.0414357,0.8602692,0.010116577,0.0022726522
data/raf_db/test/5/test_0652_aligned.jpg,5,5,0.032745697,0.05286682,0.10786773,0.12701443,0.05146264,0.5762259,0.051816862
data/raf_db/test/5/test_0659_aligned.jpg,5,5,0.003307939,0.0036039953,0.47524366,0.0010177948,0.0023967626,0.5102854,0.0041444283
data/raf_db/test/5/test_0671_aligned.jpg,5,5,0.045219004,0.028471235,0.093813255,0.044810668,0.04784136,0.7036125,0.03623202
data/raf_db/test/5/test_0674_aligned.jpg,5,5,0.00031544574,0.00012252489,0.40613326,0.00053483987,0.00029042285,0.5925516,5.197781e-05
data/raf_db/test/5/test_0675_aligned.jpg,5,5,0.04318954,0.09802693,0.04342047,0.012208574,0.0032383243,0.7726348,0.027281333
data/raf_db/test/5/test_0679_aligned.jpg,5,5,0.030691452,0.091800064,0.15369733,0.12497538,0.12433252,0.45116052,0.023342814
data/raf_db/test/5/test_0684_aligned.jpg,5,5,0.00010434625,8.628955e-05,0.023761671,7.4711206e-05,8.06613e-05,0.97583526,5.708228e-05
data/raf_db/test/5/test_0686_aligned.jpg,5,5,0.0038576429,0.0048096445,0.029570585,0.017876348,0.009001174,0.91646326,0.018421324
data/raf_db/test/5/test_0689_aligned.jpg,5,5,0.053668346,0.07712971,0.17953657,0.3003479,0.02620821,0.3539066,0.009202666
data/raf_db/test/5/test_0694_aligned.jpg,5,5,0.0014416452,0.0013199765,0.034118615,0.0014589574,0.0015966857,0.9588003,0.0012637229
data/raf_db/test/5/test_0695_aligned.jpg,5,5,0.0033847115,0.0028785223,0.033340827,0.04090455,0.0053064837,0.8964933,0.017691629
data/raf_db/test/5/test_0706_aligned.jpg,5,5,0.0019176803,0.0006846606,0.02644105,0.00041248385,0.00013177641,0.9701371,0.0002752726
data/raf_db/test/5/test_0722_aligned.jpg,5,5,0.0061645224,0.010930957,0.024680464,0.056557648,0.007309125,0.7754493,0.118908
data/raf_db/test/5/test_0731_aligned.jpg,5,5,0.0049726376,0.009776914,0.059993345,0.01020446,0.0078024887,0.9008269,0.0064232806
data/raf_db/test/5/test_0754_aligned.jpg,5,5,0.22222121,0.13209221,0.17820679,0.024724554,0.028840592,0.40958527,0.004329359
data/raf_db/test/5/test_0761_aligned.jpg,5,5,0.013138386,0.01602574,0.050991796,0.018409487,0.044808455,0.78793794,0.068688296
data/raf_db/test/5/test_0762_aligned.jpg,5,3,0.061237924,0.08964179,0.072987504,0.4664425,0.27490535,0.021913325,0.012871716
data/raf_db/test/5/test_0764_aligned.jpg,5,5,0.012613709,0.018947951,0.044427853,0.016359298,0.03468318,0.8107972,0.06217084
data/raf_db/test/5/test_0766_aligned.jpg,5,5,0.019372776,0.066560954,0.14001349,0.012726745,0.09007631,0.62219137,0.049058367
data/raf_db/test/5/test_0777_aligned.jpg,5,5,0.00032312417,0.00013103889,0.2927193,0.0009643656,0.0004914753,0.7053173,5.343842e-05
data/raf_db/test/5/test_0789_aligned.jpg,5,5,0.01222494,0.03289323,0.05066988,0.017853215,0.07047229,0.7657698,0.050116636
data/raf_db/test/5/test_0795_aligned.jpg,5,5,0.007919957,0.010415209,0.1515669,0.010076141,0.0061323834,0.8073526,0.0065369094
data/raf_db/test/5/test_0807_aligned.jpg,5,1,0.14416425,0.3955433,0.03458947,0.20099403,0.10937438,0.046073854,0.06926073
data/raf_db/test/5/test_0812_aligned.jpg,5,5,0.0006727346,0.00024955973,0.054626092,0.0014366657,0.00019163408,0.9424913,0.0003319563
data/raf_db/test/5/test_0819_aligned.jpg,5,2,0.034201693,0.0097445585,0.5488818,0.005048603,0.002919702,0.39857754,0.00062610157
data/raf_db/test/5/test_0825_aligned.jpg,5,5,0.0010322505,0.0009254533,0.013582607,0.0009837538,0.00030831428,0.9823897,0.000777912
data/raf_db/test/5/test_0837_aligned.jpg,5,5,0.009770583,0.0016044106,0.4467034,0.00897776,0.0018921657,0.5306776,0.00037406562
data/raf_db/test/5/test_0839_aligned.jpg,5,5,0.07441036,0.10218658,0.10773356,0.04488804,0.030025113,0.6342123,0.006544049
data/raf_db/test/5/test_0850_aligned.jpg,5,5,0.042430196,0.04760251,0.08196697,0.17736009,0.034656703,0.564099,0.051884566
data/raf_db/test/5/test_0851_aligned.jpg,5,5,0.023817929,0.04221727,0.087325886,0.12099814,0.05051621,0.6371003,0.038024206
data/raf_db/test/5/test_0863_aligned.jpg,5,5,0.03794633,0.083917014,0.09543567,0.07959024,0.15936099,0.51823664,0.025513038
data/raf_db/test/5/test_0867_aligned.jpg,5,5,0.0004675591,0.00038546635,0.0645975,6.0420352e-05,9.355616e-05,0.93431336,8.223235e-05
data/raf_db/test/5/test_0872_aligned.jpg,5,5,0.0044269864,0.010688061,0.057585474,0.009515065,0.021067094,0.8658457,0.030871708
data/raf_db/test/5/test_0873_aligned.jpg,5,5,0.005740879,0.007606978,0.02893798,0.0072070826,0.010603843,0.8947957,0.045107502
data/raf_db/test/5/test_0874_aligned.jpg,5,1,0.13360822,0.4988899,0.01564781,0.014582988,0.074771516,0.043869935,0.2186296
data/raf_db/test/5/test_0877_aligned.jpg,5,6,0.08251243,0.09409518,0.010766293,0.06029349,0.0405489,0.07844534,0.63333833
data/raf_db/test/5/test_0878_aligned.jpg,5,3,0.0028241428,0.005155966,0.027200496,0.5713261,0.3463001,0.039990373,0.0072028786
data/raf_db/test/5/test_0892_aligned.jpg,5,5,0.0075430283,0.032150697,0.021894084,0.025421003,0.012450865,0.5640127,0.3365276
data/raf_db/test/5/test_0893_aligned.jpg,5,4,0.003756657,0.0038952292,0.019723276,0.028052416,0.89496243,0.019833505,0.029776571
data/raf_db/test/5/test_0903_aligned.jpg,5,2,0.017013589,0.028928293,0.49397725,0.004905165,0.049868885,0.3379416,0.06736525
data/raf_db/test/5/test_0907_aligned.jpg,5,5,0.0942517,0.15511626,0.06691573,0.003024843,0.061799604,0.613754,0.0051377546
data/raf_db/test/5/test_0912_aligned.jpg,5,5,0.17790584,0.063124165,0.20550144,0.084581606,0.0025452827,0.46024203,0.0060995775
data/raf_db/test/5/test_0913_aligned.jpg,5,3,0.034615602,0.09804162,0.15402816,0.4633915,0.06639229,0.16971515,0.013815688
data/raf_db/test/5/test_0919_aligned.jpg,5,5,0.0053126942,0.01118381,0.044458028,0.002770871,0.0020196354,0.9268907,0.007364327
data/raf_db/test/5/test_0920_aligned.jpg,5,5,0.0008346692,0.0007641149,0.009892602,0.0011397789,0.0024174827,0.98221636,0.0027350923
data/raf_db/test/5/test_0926_aligned.jpg,5,5,0.075671375,0.11743432,0.120438255,0.023212356,0.032809854,0.47772324,0.1527106
data/raf_db/test/5/test_0956_aligned.jpg,5,3,0.020590737,0.22629324,0.020871095,0.3372914,0.17710324,0.01700826,0.20084198
data/raf_db/test/5/test_0964_aligned.jpg,5,5,0.03286889,0.04430231,0.070462264,0.017578403,0.03564969,0.75830436,0.040834054
data/raf_db/test/5/test_0970_aligned.jpg,5,5,0.028383411,0.074302,0.17033915,0.022659902,0.047419894,0.65411,0.002785567
data/raf_db/test/5/test_0979_aligned.jpg,5,5,0.00088284985,0.0014098386,0.06810578,0.0057671745,0.00020793702,0.92319643,0.00043000557
data/raf_db/test/5/test_0987_aligned.jpg,5,4,0.116345905,0.22820306,0.07373681,0.054699924,0.27462336,0.12251885,0.12987211
data/raf_db/test/5/test_0994_aligned.jpg,5,5,0.009527961,0.012335777,0.07460724,0.051654138,0.014947254,0.82537955,0.011548067
data/raf_db/test/5/test_0997_aligned.jpg,5,6,0.069202855,0.09443387,0.0347983,0.1296797,0.0100449985,0.30858308,0.3532572
data/raf_db/test/5/test_0998_aligned.jpg,5,5,0.0117090875,0.04401682,0.048068166,0.016074901,0.19115776,0.55716074,0.13181241
data/raf_db/test/5/test_1000_aligned.jpg,5,5,0.001260392,0.0028154291,0.017307641,0.0016510199,0.013001439,0.9516493,0.012314775
data/raf_db/test/5/test_1001_aligned.jpg,5,1,0.086597666,0.36051047,0.07673836,0.17761771,0.05323851,0.12344255,0.12185473
data/raf_db/test/5/test_1002_aligned.jpg,5,5,0.0023634508,0.003393188,0.011625958,0.0016500929,0.0016310632,0.95572627,0.023610054
data/raf_db/test/5/test_1014_aligned.jpg,5,3,0.026851276,0.14777808,0.12667999,0.32784575,0.061748583,0.16575147,0.1433448
data/raf_db/test/5/test_1015_aligned.jpg,5,5,0.0012840852,0.0030201098,0.01792021,0.005467437,0.0041059116,0.9403403,0.027862012
data/raf_db/test/5/test_1029_aligned.jpg,5,5,0.0036423835,0.004792167,0.2767149,0.0047498024,0.004599072,0.70428944,0.0012122749
data/raf_db/test/5/test_1031_aligned.jpg,5,5,0.08022251,0.0590685,0.0613958,0.22178625,0.047090627,0.44289052,0.08754585
data/raf_db/test/5/test_1032_aligned.jpg,5,5,0.0018476923,0.0025996089,0.042029206,0.0022561562,0.0039202436,0.94150835,0.005838779
data/raf_db/test/5/test_1033_aligned.jpg,5,5,0.033639908,0.030824043,0.28586245,0.0014587227,0.009060427,0.62683237,0.01232208
data/raf_db/test/5/test_1034_aligned.jpg,5,2,0.0008412112,0.000965974,0.5422131,0.00012747434,0.0016977884,0.45389855,0.0002560316
data/raf_db/test/5/test_1037_aligned.jpg,5,5,0.062080435,0.16889751,0.09023811,0.052481025,0.02187385,0.48963466,0.11479444
data/raf_db/test/5/test_1038_aligned.jpg,5,5,0.03174503,0.028817395,0.11088294,0.11441993,0.0061954088,0.6705418,0.037397474
data/raf_db/test/5/test_1055_aligned.jpg,5,5,0.003855241,0.0040970882,0.10554572,0.039554976,0.030800128,0.8112405,0.004906398
data/raf_db/test/5/test_1057_aligned.jpg,5,5,0.0025074864,0.003534501,0.048030205,0.0083599305,0.0014532176,0.9326684,0.0034461636
data/raf_db/test/5/test_1064_aligned.jpg,5,4,0.00350722,0.012951784,0.019912105,0.013486857,0.7872859,0.09893927,0.063916765
data/raf_db/test/5/test_1071_aligned.jpg,5,5,0.0034981733,0.00078416965,0.057451714,7.0516064e-05,0.00023555958,0.9378335,0.00012638692
data/raf_db/test/5/test_1072_aligned.jpg,5,5,0.012758159,0.005972414,0.07445978,0.00040056466,0.0027729892,0.9012943,0.0023418416
data/raf_db/test/5/test_1077_aligned.jpg,5,5,0.01903639,0.027682971,0.13004021,0.20381069,0.004526142,0.61015403,0.0047496143
data/raf_db/test/5/test_1080_aligned.jpg,5,5,0.0064092404,0.010410351,0.087150514,0.20827173,0.02231283,0.64568543,0.019759936
data/raf_db/test/5/test_1103_aligned.jpg,5,3,0.215118,0.058378574,0.061684452,0.51529324,0.03938107,0.08713949,0.02300521
data/raf_db/test/5/test_1105_aligned.jpg,5,5,0.007871215,0.020154575,0.062974915,0.006325625,0.0039043643,0.89562017,0.0031492233
data/raf_db/test/5/test_1106_aligned.jpg,5,5,0.010100272,0.01712904,0.10389167,0.14407764,0.12205992,0.58966076,0.013080739
data/raf_db/test/5/test_1108_aligned.jpg,5,5,0.0005742736,0.00071100355,0.02741322,0.00060707954,0.00025534077,0.97011316,0.00032603642
data/raf_db/test/5/test_1119_aligned.jpg,5,5,0.001223922,0.0031688863,0.011610726,7.818048e-05,0.0004597021,0.9825988,0.0008597118
data/raf_db/test/5/test_1129_aligned.jpg,5,5,0.0035282983,0.0018842624,0.025020063,0.031436283,0.0034645852,0.9304764,0.004190024
data/raf_db/test/5/test_1134_aligned.jpg,5,5,0.00090564747,0.00029900222,0.045229267,1.771917e-05,9.762922e-05,0.9534001,5.0579285e-05
data/raf_db/test/5/test_1136_aligned.jpg,5,5,0.061554044,0.07469884,0.06764557,0.007441888,0.029659808,0.7530103,0.00598957
data/raf_db/test/5/test_1138_aligned.jpg,5,5,0.0018077291,0.0014383212,0.054760303,0.0005766317,0.00057867967,0.93969125,0.0011471093
data/raf_db/test/5/test_1145_aligned.jpg,5,3,0.052765377,0.052479025,0.038922735,0.787259,0.007035964,0.0572808,0.0042571505
data/raf_db/test/5/test_1146_aligned.jpg,5,5,4.1543863e-05,5.263003e-05,0.0108453315,1.9669198e-05,9.560777e-06,0.9890093,2.1975604e-05
data/raf_db/test/5/test_1150_aligned.jpg,5,6,0.007330691,0.018646853,0.010041821,0.048374757,0.021468027,0.33435303,0.55978477
data/raf_db/test/5/test_1157_aligned.jpg,5,5,0.00049812725,0.001315985,0.0074670333,0.00029751586,0.018402142,0.96921265,0.002806527
data/raf_db/test/5/test_1165_aligned.jpg,5,5,0.00016830023,0.000570633,0.019599753,0.0015561442,0.0005369081,0.9771136,0.00045469368
data/raf_db/test/5/test_1166_aligned.jpg,5,5,2.8448374e-05,1.6415426e-05,0.009082625,2.7590575e-05,3.043431e-06,0.99084026,1.6878903e-06
data/raf_db/test/5/test_1173_aligned.jpg,5,5,0.015132024,0.010336735,0.0667901,0.0017900786,0.0024582439,0.9026241,0.0008687784
data/raf_db/test/5/test_1188_aligned.jpg,5,5,0.03821564,0.022483418,0.19219223,0.03301837,0.15431751,0.5528832,0.006889614
data/raf_db/test/5/test_1194_aligned.jpg,5,5,0.0020293759,0.011761458,0.02437424,0.029726919,0.010242693,0.6968237,0.22504158
data/raf_db/test/5/test_1203_aligned.jpg,5,4,0.025665408,0.0045890617,0.018042207,0.015198648,0.8512669,0.03784238,0.047395356
data/raf_db/test/5/test_1204_aligned.jpg,5,5,0.01378823,0.022003165,0.07676277,0.012917802,0.010494625,0.8539706,0.010062836
data/raf_db/test/5/test_1207_aligned.jpg,5,5,0.0043280544,0.007948569,0.021899903,0.13247266,0.078111105,0.54108834,0.21415144
data/raf_db/test/5/test_1210_aligned.jpg,5,6,0.004006664,0.04972197,0.004809531,0.0672197,0.035887133,0.023141908,0.8152132
data/raf_db/test/5/test_1211_aligned.jpg,5,5,0.0028158736,0.009610992,0.031567167,0.0009844644,0.008840961,0.89869374,0.0474867
data/raf_db/test/5/test_1227_aligned.jpg,5,5,0.16821423,0.041481677,0.06518691,0.02382982,0.0068723154,0.6865385,0.007876527
data/raf_db/test/5/test_1244_aligned.jpg,5,5,0.0009352613,0.0017924842,0.007841743,0.0011140177,0.0020269174,0.97676986,0.00951978
data/raf_db/test/5/test_1250_aligned.jpg,5,5,0.0005316214,0.0005528012,0.06250756,0.00011264791,0.00044115895,0.93556356,0.00029057116
data/raf_db/test/5/test_1251_aligned.jpg,5,3,0.17814845,0.16713855,0.03973166,0.4957676,0.07239863,0.03445084,0.0123642245
data/raf_db/test/5/test_1254_aligned.jpg,5,5,0.27027455,0.115130134,0.10661982,0.03491168,0.07615723,0.38275984,0.014146795
data/raf_db/test/5/test_1258_aligned.jpg,5,5,1.2858715e-05,1.3772396e-05,0.0020799637,0.00010469702,1.8930637e-05,0.9976483,0.00012148286
data/raf_db/test/5/test_1261_aligned.jpg,5,5,0.00050746556,0.00046415615,0.0151672885,0.00017102975,0.000296652,0.98306817,0.00032533065
data/raf_db/test/5/test_1266_aligned.jpg,5,5,0.0043700105,0.0040730177,0.01803524,0.003725963,0.009202085,0.95608234,0.004511293
data/raf_db/test/5/test_1267_aligned.jpg,5,5,0.0057459874,0.013291401,0.048490446,0.005181237,0.0052778935,0.86366314,0.05834994
data/raf_db/test/5/test_1271_aligned.jpg,5,5,0.00020428088,0.0006789048,0.0095126415,0.00037595912,0.0014597743,0.98148996,0.0062785735
data/raf_db/test/5/test_1278_aligned.jpg,5,5,0.014703446,0.008722131,0.23015654,0.0028122845,0.0028574325,0.73499703,0.0057511874
data/raf_db/test/5/test_1280_aligned.jpg,5,5,7.7641635e-06,3.1081559e-06,0.0066017546,6.0973036e-07,5.265913e-07,0.9933856,6.4572066e-07
data/raf_db/test/5/test_1282_aligned.jpg,5,5,0.0019166109,0.0052446546,0.022022173,0.0031518776,0.0053575966,0.9340161,0.028290955
data/raf_db/test/5/test_1283_aligned.jpg,5,5,0.009110304,0.020364607,0.0806721,0.02241587,0.0125769805,0.8265241,0.028335942
data/raf_db/test/5/test_1285_aligned.jpg,5,5,0.020923736,0.15969068,0.027250635,0.0020972833,0.06185772,0.52398264,0.2041974
data/raf_db/test/5/test_1317_aligned.jpg,5,6,0.0669007,0.17990087,0.06273592,0.20290612,0.11019788,0.14389877,0.23345985
data/raf_db/test/5/test_1320_aligned.jpg,5,4,0.001298329,0.015143581,0.0061837435,0.0003017023,0.953707,0.01840521,0.0049605514
data/raf_db/test/5/test_1328_aligned.jpg,5,3,0.0054395776,0.007776198,0.017704686,0.92597383,0.017407894,0.023440285,0.0022575448
data/raf_db/test/5/test_1331_aligned.jpg,5,5,0.002633185,0.0019309046,0.060351856,0.010213974,0.007303836,0.9158276,0.0017387003
data/raf_db/test/5/test_1332_aligned.jpg,5,5,0.00028357434,0.00052127364,0.010063046,0.00020916361,0.00091974874,0.9857377,0.0022654978
data/raf_db/test/5/test_1333_aligned.jpg,5,5,0.0006419697,0.00090876117,0.01483531,0.00088326284,0.0035030288,0.97426605,0.004961668
data/raf_db/test/5/test_1334_aligned.jpg,5,5,0.00013345783,0.00022674093,0.008541285,9.280862e-05,0.00036267185,0.9900092,0.0006337928
data/raf_db/test/5/test_1338_aligned.jpg,5,4,0.03644696,0.06562555,0.07004909,0.23097306,0.48339874,0.09036392,0.023142608
data/raf_db/test/5/test_1339_aligned.jpg,5,4,0.016286543,0.17922007,0.07789915,0.026034882,0.3235573,0.20520134,0.17180073
data/raf_db/test/5/test_1340_aligned.jpg,5,5,0.011453225,0.019801887,0.07008902,0.035804473,0.05524655,0.78730154,0.02030325
data/raf_db/test/5/test_1341_aligned.jpg,5,5,0.007093271,0.0029360498,0.0231999,0.021022165,0.005799029,0.9352699,0.004679573
data/raf_db/test/5/test_1342_aligned.jpg,5,3,0.14298975,0.09536482,0.031889733,0.561431,0.013924522,0.10934039,0.045059785
data/raf_db/test/5/test_1345_aligned.jpg,5,4,0.019058958,0.020287665,0.0642623,0.1708408,0.54180706,0.051042665,0.13270049
data/raf_db/test/5/test_1347_aligned.jpg,5,5,0.017219463,0.031025339,0.04074696,0.0025495102,0.037824716,0.80573493,0.06489902
data/raf_db/test/5/test_1367_aligned.jpg,5,5,0.012153796,0.13697907,0.075737834,0.03667869,0.0975007,0.5344326,0.10651729
data/raf_db/test/5/test_1375_aligned.jpg,5,5,0.09855047,0.111258484,0.09226394,0.2684145,0.13560103,0.28081742,0.013094253
data/raf_db/test/5/test_1376_aligned.jpg,5,5,0.003493458,0.0024943438,0.020284215,0.00028639156,0.008945406,0.96222544,0.0022707796
data/raf_db/test/5/test_1378_aligned.jpg,5,5,0.00065127976,0.0012762706,0.01246697,0.00069625507,0.0005818192,0.9834009,0.0009264819
data/raf_db/test/5/test_1379_aligned.jpg,5,5,0.0008055711,0.0005460223,0.020352501,0.0001897309,0.0002282508,0.97772276,0.00015519328
data/raf_db/test/5/test_1400_aligned.jpg,5,5,4.251603e-05,6.667038e-05,0.006524333,9.732011e-06,6.483712e-05,0.99322766,6.4202e-05
data/raf_db/test/5/test_1403_aligned.jpg,5,5,0.0097171245,0.02278561,0.06467125,0.027106712,0.22007312,0.61749727,0.03814891
data/raf_db/test/5/test_1417_aligned.jpg,5,5,0.0065920586,0.014466669,0.040803548,0.013509325,0.04596336,0.7095209,0.1691442
data/raf_db/test/5/test_1421_aligned.jpg,5,5,0.024103308,0.0898181,0.03644869,0.014169933,0.011432129,0.7266749,0.09735294
data/raf_db/test/5/test_1429_aligned.jpg,5,5,0.00015961248,0.000115601455,0.052839786,4.9769136e-05,9.7019576e-05,0.94669056,4.7631198e-05
data/raf_db/test/5/test_1432_aligned.jpg,5,5,2.4478657e-05,1.1816577e-05,0.0022136213,3.4112816e-06,2.5570182e-06,0.99773777,6.3455486e-06
data/raf_db/test/5/test_1435_aligned.jpg,5,5,0.031418514,0.027979484,0.053469647,0.023379585,0.019583229,0.76549196,0.07867758
data/raf_db/test/5/test_1442_aligned.jpg,5,5,0.0009846266,0.0014917424,0.012419829,0.0010641982,0.0014518817,0.98091,0.001677779
data/raf_db/test/5/test_1443_aligned.jpg,5,5,0.0034467275,0.0035482435,0.08776461,0.01198156,0.010253474,0.8704866,0.0125187
data/raf_db/test/5/test_1452_aligned.jpg,5,5,0.08144438,0.052443724,0.017008213,0.19064555,0.0015794307,0.51935446,0.13752428
data/raf_db/test/5/test_1458_aligned.jpg,5,5,0.026582919,0.039602842,0.06114188,0.19062333,0.03717383,0.57015693,0.074718274
data/raf_db/test/5/test_1459_aligned.jpg,5,5,2.6416068e-05,5.126664e-05,0.0059035015,3.4666868e-06,3.6539866e-05,0.9936953,0.00028344832
data/raf_db/test/5/test_1475_aligned.jpg,5,5,0.00042668826,0.0005511266,0.014696984,0.0008337249,0.00015762282,0.98312354,0.00021034213
data/raf_db/test/5/test_1478_aligned.jpg,5,5,4.4602816e-06,4.485171e-06,0.0038709934,3.8837854e-07,1.5018727e-06,0.996117,1.078023e-06
data/raf_db/test/5/test_1484_aligned.jpg,5,5,0.00012505578,0.00013056108,0.0029525256,2.643272e-05,3.684956e-05,0.9966248,0.00010378438
data/raf_db/test/5/test_1490_aligned.jpg,5,5,0.0031859004,0.003036248,0.024939591,0.0007524843,0.0005411663,0.96736485,0.00017977829
data/raf_db/test/5/test_1500_aligned.jpg,5,5,0.074197896,0.25958914,0.04708026,0.062615626,0.007957928,0.4624061,0.08615312
data/raf_db/test/5/test_1503_aligned.jpg,5,5,0.008617768,0.009069165,0.04160636,0.00020903534,0.000780614,0.9372814,0.002435618
data/raf_db/test/5/test_1504_aligned.jpg,5,5,0.0024549821,0.0029147337,0.051216677,0.00090226834,0.0030773468,0.9388019,0.00063219335
data/raf_db/test/5/test_1519_aligned.jpg,5,5,0.0032257237,0.014479953,0.02097205,0.0016915645,0.0024728142,0.91576153,0.04139635
data/raf_db/test/5/test_1520_aligned.jpg,5,5,0.010874872,0.012425695,0.055959612,0.048344806,0.0028187276,0.8248708,0.044705518
data/raf_db/test/5/test_1530_aligned.jpg,5,5,0.017053828,0.020096228,0.10825251,0.06463387,0.025396077,0.75257933,0.011988194
data/raf_db/test/5/test_1549_aligned.jpg,5,5,0.031878967,0.06279999,0.15834272,0.01031015,0.17826411,0.4009479,0.15745619
data/raf_db/test/5/test_1551_aligned.jpg,5,5,0.06182285,0.04086459,0.077036865,0.0047984025,0.010786218,0.7964788,0.008212291
data/raf_db/test/5/test_1556_aligned.jpg,5,5,0.0076743197,0.024607198,0.05911566,0.023401469,0.07820874,0.7163281,0.090664536
data/raf_db/test/5/test_1577_aligned.jpg,5,5,0.0030890587,0.0035464296,0.029410154,0.0023167944,0.0078048958,0.95039797,0.0034346236
data/raf_db/test/5/test_1587_aligned.jpg,5,5,0.00015878082,0.00013533031,0.08954979,3.290776e-05,2.587454e-05,0.9100581,3.9169372e-05
data/raf_db/test/5/test_1590_aligned.jpg,5,5,0.005960254,0.008666793,0.03951398,0.03096521,0.0020572555,0.8839615,0.028875023
data/raf_db/test/5/test_1604_aligned.jpg,5,5,0.0024463243,0.0039063585,0.022292916,0.014003137,0.02188009,0.9209952,0.014476082
data/raf_db/test/5/test_1608_aligned.jpg,5,5,0.0010141896,0.00094482204,0.015383826,0.0051646526,0.003154132,0.9722946,0.0020437245
data/raf_db/test/5/test_1609_aligned.jpg,5,5,0.011509152,0.019247439,0.16099766,0.0026360757,0.013158457,0.76670116,0.025750076
data/raf_db/test/5/test_1610_aligned.jpg,5,5,0.01571883,0.01863739,0.03549853,0.00080878305,0.02354741,0.8979231,0.007866051
data/raf_db/test/5/test_1618_aligned.jpg,5,5,0.038940605,0.15418467,0.14454794,0.009408655,0.21511145,0.43127897,0.0065277275
data/raf_db/test/5/test_1638_aligned.jpg,5,5,0.0022570489,0.01614184,0.010829626,0.0013312354,0.028935682,0.5821481,0.35835657
data/raf_db/test/5/test_1651_aligned.jpg,5,5,0.00061564863,0.0010988917,0.011219122,0.00013124703,0.0019356371,0.98338497,0.0016144684
data/raf_db/test/5/test_1661_aligned.jpg,5,5,0.00021382795,0.00061443215,0.02247417,1.0489838e-05,0.00026580354,0.9761948,0.00022647649
data/raf_db/test/5/test_1670_aligned.jpg,5,3,0.02242065,0.040078238,0.09310965,0.4298361,0.047766898,0.30910218,0.057686307
data/raf_db/test/5/test_1672_aligned.jpg,5,5,5.6209487e-05,0.00015831368,0.012466393,3.7561684e-05,3.7387144e-05,0.9871783,6.575435e-05
data/raf_db/test/5/test_1714_aligned.jpg,5,5,0.0042618327,0.0043633156,0.024054298,0.0139312,0.0054008802,0.89334494,0.054643583
data/raf_db/test/5/test_1722_aligned.jpg,5,4,0.0032582937,0.007544005,0.00730691,0.031561747,0.9101426,0.018325578,0.021860817
data/raf_db/test/5/test_1725_aligned.jpg,5,5,0.0047553503,0.006440871,0.01848895,0.0008937369,0.006649003,0.9261229,0.03664924
data/raf_db/test/5/test_1727_aligned.jpg,5,5,0.0027441096,0.0060448907,0.08504942,0.013688012,0.0024892658,0.8845862,0.00539809
data/raf_db/test/5/test_1732_aligned.jpg,5,5,0.049315035,0.07622579,0.12503305,0.025892353,0.06458787,0.6485607,0.010385192
data/raf_db/test/5/test_1738_aligned.jpg,5,5,0.000120016324,0.00017474698,0.017014608,0.0012538937,0.0002570158,0.9809395,0.00024028767
data/raf_db/test/5/test_1744_aligned.jpg,5,4,0.010627028,0.011976537,0.034517743,0.38755634,0.39910716,0.12113921,0.035076033
data/raf_db/test/5/test_1750_aligned.jpg,5,5,0.033210088,0.039018143,0.05589544,0.107814856,0.025290502,0.5164164,0.22235458
data/raf_db/test/5/test_1759_aligned.jpg,5,5,0.051940475,0.04258894,0.034604955,0.17279781,0.044006698,0.5219457,0.13211533
data/raf_db/test/5/test_1769_aligned.jpg,5,5,0.018198699,0.020092629,0.072498664,0.017856827,0.0042498894,0.85029453,0.016808819
data/raf_db/test/5/test_1772_aligned.jpg,5,5,0.0013071654,0.0023801369,0.011596952,0.0002605512,0.00078390964,0.98000485,0.0036665045
data/raf_db/test/5/test_1774_aligned.jpg,5,5,0.000839595,0.0013345827,0.019401986,0.0018841663,0.004197397,0.96523005,0.0071121356
data/raf_db/test/5/test_1781_aligned.jpg,5,5,0.006416813,0.0059976093,0.03341293,0.01076102,0.0032733034,0.8893108,0.05082757
data/raf_db/test/5/test_1786_aligned.jpg,5,5,0.005736637,0.003914551,0.34889778,0.0004214959,0.0004028933,0.6399489,0.0006777032
data/raf_db/test/5/test_1802_aligned.jpg,5,5,0.00032075518,7.676212e-05,0.10626613,9.713312e-06,9.141691e-06,0.89329535,2.2103692e-05
data/raf_db/test/5/test_1807_aligned.jpg,5,5,0.0416177,0.10418071,0.08761659,0.036401555,0.15320177,0.49706805,0.079913616
data/raf_db/test/5/test_1816_aligned.jpg,5,5,2.6709084e-05,2.5883579e-05,0.004560172,3.3447068e-05,6.286723e-06,0.99531627,3.1205273e-05
data/raf_db/test/5/test_1820_aligned.jpg,5,5,0.012854909,0.008706279,0.01823659,0.010508599,0.003992401,0.92844653,0.017254638
data/raf_db/test/5/test_1821_aligned.jpg,5,5,0.050523154,0.07481622,0.013451571,0.0032610376,0.011310751,0.7281385,0.11849872
data/raf_db/test/5/test_1822_aligned.jpg,5,5,0.06548427,0.08580118,0.13901563,0.18982777,0.032143623,0.47618645,0.011541107
data/raf_db/test/5/test_1827_aligned.jpg,5,5,9.707904e-05,0.00017774102,0.016317451,0.00061872695,9.578264e-05,0.9826208,7.2484036e-05
data/raf_db/test/5/test_1833_aligned.jpg,5,3,0.01942611,0.06037572,0.034726005,0.70333594,0.013439861,0.081641436,0.08705495
data/raf_db/test/5/test_1835_aligned.jpg,5,5,0.0003663402,0.00097359234,0.016352106,0.0005523485,0.00084763695,0.9784564,0.0024516105
data/raf_db/test/5/test_1840_aligned.jpg,5,5,0.05473626,0.09009887,0.033824682,0.07495398,0.00834181,0.5604124,0.17763191
data/raf_db/test/5/test_1845_aligned.jpg,5,5,0.0072340313,0.015980512,0.058235448,0.102552675,0.35782441,0.43311983,0.025053138
data/raf_db/test/5/test_1850_aligned.jpg,5,5,3.2528038e-05,7.5152115e-05,0.004242134,3.7447287e-05,9.924877e-05,0.9950552,0.0004583124
data/raf_db/test/5/test_1855_aligned.jpg,5,5,0.005023049,0.0063410634,0.07016813,0.011248447,0.0012619753,0.9041244,0.0018329727
data/raf_db/test/5/test_1859_aligned.jpg,5,1,0.05367848,0.35119444,0.036591984,0.05557034,0.034882285,0.18002847,0.28805402
data/raf_db/test/5/test_1861_aligned.jpg,5,5,0.09817614,0.16434604,0.05703344,0.035799928,0.010638239,0.5611473,0.072859
data/raf_db/test/5/test_1869_aligned.jpg,5,5,0.17756477,0.016138518,0.17660752,0.017679477,0.03549782,0.5534308,0.02308108
data/raf_db/test/5/test_1874_aligned.jpg,5,3,0.02343056,0.057163958,0.042334687,0.37683234,0.32020676,0.12084241,0.059189346
data/raf_db/test/5/test_1890_aligned.jpg,5,5,0.0039393976,0.0045016306,0.01812542,0.0014421238,0.0010054281,0.96817726,0.0028088544
data/raf_db/test/5/test_1903_aligned.jpg,5,5,0.0039425655,0.006604016,0.051039632,0.018033726,0.003692583,0.903397,0.013290402
data/raf_db/test/5/test_1904_aligned.jpg,5,5,0.012867549,0.06312801,0.101913184,0.017960006,0.059675068,0.71145105,0.033005185
data/raf_db/test/5/test_1913_aligned.jpg,5,5,0.0023902312,0.009352851,0.030353898,0.0014414752,0.0064495937,0.930638,0.019373907
data/raf_db/test/5/test_1920_aligned.jpg,5,5,0.0002334921,0.00062536163,0.013847644,0.00018031363,0.00014209104,0.98435426,0.0006168564
data/raf_db/test/5/test_1926_aligned.jpg,5,5,0.010845272,0.02254707,0.03579299,0.0021522196,0.0120962085,0.8984558,0.018110318
data/raf_db/test/5/test_1928_aligned.jpg,5,5,0.00044558858,0.00045152797,0.011917469,2.0323354e-05,5.0214938e-05,0.9867726,0.00034222996
data/raf_db/test/5/test_1931_aligned.jpg,5,5,0.00016759348,0.00014571456,0.03698194,8.8663925e-05,9.372683e-05,0.9624286,9.368009e-05
data/raf_db/test/5/test_1933_aligned.jpg,5,5,0.066351466,0.1392314,0.03374396,0.0096902,0.05183065,0.37231466,0.32683772
data/raf_db/test/5/test_1934_aligned.jpg,5,6,0.19411534,0.17791234,0.025378078,0.039129093,0.007361635,0.23208188,0.32402164
data/raf_db/test/5/test_1938_aligned.jpg,5,5,0.01044587,0.015552825,0.06247379,0.03610216,0.0022571408,0.86860603,0.0045622205
data/raf_db/test/5/test_1945_aligned.jpg,5,5,0.013183597,0.063250706,0.054018836,0.0043512923,0.08235704,0.64477116,0.13806741
data/raf_db/test/5/test_1962_aligned.jpg,5,5,0.06593858,0.06718766,0.29353458,0.09315427,0.023150997,0.41056556,0.04646831
data/raf_db/test/5/test_1966_aligned.jpg,5,5,0.0007542644,0.0028939457,0.02760161,0.010410378,0.0015647402,0.9531683,0.0036067774
data/raf_db/test/5/test_1967_aligned.jpg,5,5,0.007441699,0.02039777,0.014498247,0.049399793,0.0072099185,0.5697462,0.33130637
data/raf_db/test/5/test_1969_aligned.jpg,5,5,0.11698059,0.15418492,0.05892286,0.020631209,0.031353842,0.57507956,0.04284698
data/raf_db/test/5/test_1970_aligned.jpg,5,5,0.0053639263,0.03304621,0.048419528,0.011183493,0.007836204,0.86021364,0.033936948
data/raf_db/test/5/test_1971_aligned.jpg,5,5,0.022657514,0.11067371,0.06612659,0.03808969,0.060027,0.45715192,0.2452736
data/raf_db/test/5/test_1981_aligned.jpg,5,5,0.024935016,0.070969984,0.09279641,0.21109831,0.13710402,0.3358851,0.1272112
data/raf_db/test/5/test_1982_aligned.jpg,5,2,0.01059026,0.045272604,0.42566195,0.032610618,0.09732397,0.34495294,0.043587673
data/raf_db/test/5/test_1985_aligned.jpg,5,5,0.25154212,0.05298706,0.15229453,0.020363703,0.23646192,0.27908728,0.0072634253
data/raf_db/test/5/test_2014_aligned.jpg,5,5,0.007884015,0.0144499615,0.05836018,0.01907171,0.019576354,0.8155926,0.065065145
data/raf_db/test/5/test_2036_aligned.jpg,5,5,0.010028587,0.008055142,0.07947602,0.16923974,0.01698399,0.7108821,0.005334449
data/raf_db/test/5/test_2051_aligned.jpg,5,6,0.009983927,0.01469967,0.013010213,0.021452904,0.06205365,0.27080944,0.60799026
data/raf_db/test/5/test_2067_aligned.jpg,5,5,0.0037198209,0.006472268,0.034974948,0.003301513,0.0034862831,0.9246911,0.02335403
data/raf_db/test/5/test_2068_aligned.jpg,5,5,0.00019580612,3.6115154e-05,0.05825995,0.00042583863,5.158644e-05,0.94101787,1.2778126e-05
data/raf_db/test/5/test_2069_aligned.jpg,5,5,0.001918485,0.0015912568,0.016313821,0.0016811293,0.001664564,0.97248995,0.004340816
data/raf_db/test/5/test_2076_aligned.jpg,5,5,0.0048213713,0.0044547934,0.070483185,0.0008058876,0.01494092,0.83449274,0.070001215
data/raf_db/test/5/test_2100_aligned.jpg,5,5,0.009970471,0.03926199,0.088838,0.00940575,0.06315348,0.76103175,0.028338525
data/raf_db/test/5/test_2103_aligned.jpg,5,5,0.0064575416,0.011408085,0.02583338,0.0034359647,0.025450889,0.80534965,0.12206451
data/raf_db/test/5/test_2121_aligned.jpg,5,5,0.03295305,0.051904652,0.06876135,0.03605164,0.0034451715,0.7973121,0.009572166
data/raf_db/test/5/test_2130_aligned.jpg,5,5,0.02680275,0.03227121,0.20197083,0.03043204,0.041143283,0.642702,0.024677895
data/raf_db/test/5/test_2146_aligned.jpg,5,5,0.0077543375,0.009142509,0.03845158,0.037232928,0.014459322,0.8502321,0.04272724
data/raf_db/test/5/test_2149_aligned.jpg,5,5,0.0016152291,0.0027503027,0.11185535,0.005164555,0.005627226,0.8722296,0.0007578231
data/raf_db/test/5/test_2183_aligned.jpg,5,5,0.027248252,0.03853544,0.0854849,0.08874844,0.31770152,0.4250494,0.017232059
data/raf_db/test/5/test_2192_aligned.jpg,5,4,0.022032132,0.06406679,0.02863272,0.0023642862,0.65800667,0.13619372,0.088703625
data/raf_db/test/5/test_2207_aligned.jpg,5,6,0.037643094,0.07765008,0.05249764,0.24376862,0.021877918,0.16506627,0.40149635
data/raf_db/test/5/test_2218_aligned.jpg,5,5,0.00026088665,0.0003227347,0.004535197,0.00030046862,0.00031447064,0.99326044,0.0010058105
data/raf_db/test/5/test_2226_aligned.jpg,5,5,0.085083805,0.12488966,0.04457997,0.08658,0.028928533,0.548682,0.08125605
data/raf_db/test/5/test_2234_aligned.jpg,5,5,2.1175514e-05,2.6725043e-05,0.0026562326,6.182239e-06,2.3398128e-05,0.9972416,2.462867e-05
data/raf_db/test/6/test_2389_aligned.jpg,6,6,0.007225974,0.15551762,0.012774742,0.013364393,0.09036504,0.049609724,0.6711425
data/raf_db/test/6/test_2390_aligned.jpg,6,6,0.0007008717,0.0052630138,0.00077772845,0.0053721354,0.01611951,0.020184726,0.95158195
data/raf_db/test/6/test_2391_aligned.jpg,6,6,0.0028506326,0.0730609,0.0054707197,0.012629554,0.04773668,0.018336723,0.8399148
data/raf_db/test/6/test_2392_aligned.jpg,6,6,0.01717331,0.18312031,0.005672662,0.0043737763,0.29022115,0.008434628,0.4910041
data/raf_db/test/6/test_2393_aligned.jpg,6,6,0.021950547,0.06904356,0.017553682,0.047061417,0.04242318,0.1447912,0.6571764
data/raf_db/test/6/test_2394_aligned.jpg,6,5,0.04225324,0.12640446,0.038712148,0.102877304,0.04306796,0.39485383,0.251831
data/raf_db/test/6/test_2395_aligned.jpg,6,6,0.0005079913,0.0047671697,0.0002477938,0.01878217,0.0045664646,0.0024773984,0.9686511
data/raf_db/test/6/test_2396_aligned.jpg,6,3,0.041720223,0.24948543,0.05688354,0.301505,0.033038676,0.14994256,0.1674246
data/raf_db/test/6/test_2397_aligned.jpg,6,4,0.0732918,0.2325814,0.018101249,0.057490934,0.4848996,0.02321889,0.11041628
data/raf_db/test/6/test_2398_aligned.jpg,6,6,0.00054670277,0.011210763,0.0025060726,0.0398877,0.051429622,0.006433096,0.88798606
data/raf_db/test/6/test_2399_aligned.jpg,6,6,0.012642285,0.07320772,0.008362924,0.053519398,0.02395846,0.041694775,0.7866144
data/raf_db/test/6/test_2400_aligned.jpg,6,6,0.046785906,0.24889973,0.019965274,0.05028231,0.08792332,0.048383787,0.49775964
data/raf_db/test/6/test_2401_aligned.jpg,6,3,0.06803061,0.18996215,0.045729846,0.41744053,0.033306662,0.0646311,0.18089917
data/raf_db/test/6/test_2402_aligned.jpg,6,6,0.026138049,0.06906273,0.02164141,0.0075106397,0.1360066,0.09002312,0.6496174
data/raf_db/test/6/test_2403_aligned.jpg,6,6,0.0020975906,0.0035829826,0.0004256721,0.08324152,0.021752976,0.0011510435,0.8877482
data/raf_db/test/6/test_2404_aligned.jpg,6,6,0.00059504854,0.011866948,0.00097623694,0.005965059,0.01335522,0.011365948,0.9558756
data/raf_db/test/6/test_2405_aligned.jpg,6,6,0.022346439,0.056416374,0.0077652154,0.23055351,0.016681787,0.032553058,0.63368356
data/raf_db/test/6/test_2406_aligned.jpg,6,3,0.010937333,0.042931415,0.0093863765,0.44396496,0.1038954,0.00991062,0.37897393
data/raf_db/test/6/test_2407_aligned.jpg,6,6,0.0018805834,0.015591365,0.0007063448,0.004893713,0.0057536843,0.012939612,0.95823485
data/raf_db/test/6/test_2408_aligned.jpg,6,6,0.032184847,0.13686837,0.03141812,0.04734732,0.07581378,0.10127697,0.5750906
data/raf_db/test/6/test_2409_aligned.jpg,6,6,0.008080696,0.079743855,0.0106165465,0.09253336,0.09885544,0.0396544,0.67051566
data/raf_db/test/6/test_2410_aligned.jpg,6,6,0.03063967,0.107973516,0.013260463,0.066388346,0.07307554,0.037798755,0.6708637
data/raf_db/test/6/test_2411_aligned.jpg,6,6,0.029202841,0.1681876,0.027000869,0.10206819,0.05070283,0.14115292,0.48168474
data/raf_db/test/6/test_2412_aligned.jpg,6,4,0.0034187345,0.043826662,0.011885581,0.0076430356,0.6920868,0.015118873,0.22602032
data/raf_db/test/6/test_2413_aligned.jpg,6,6,0.028611403,0.11973073,0.009403664,0.084460996,0.15024666,0.010262613,0.59728396
data/raf_db/test/6/test_2414_aligned.jpg,6,6,0.01377109,0.18158726,0.00886947,0.0066503137,0.06168089,0.046543412,0.6808976
data/raf_db/test/6/test_2415_aligned.jpg,6,4,0.07066404,0.24343655,0.09924329,0.07591283,0.36573744,0.0971615,0.047844417
data/raf_db/test/6/test_2416_aligned.jpg,6,6,0.02280956,0.09504237,0.020566154,0.14466004,0.021398742,0.16096294,0.5345601
data/raf_db/test/6/test_2417_aligned.jpg,6,6,0.018515171,0.042050455,0.013829727,0.09841264,0.07982541,0.03652927,0.7108374
data/raf_db/test/6/test_2418_aligned.jpg,6,6,0.007404315,0.059642512,0.004725962,0.024286387,0.029566666,0.0342648,0.84010935
data/raf_db/test/6/test_2419_aligned.jpg,6,3,0.07108127,0.16377087,0.09116136,0.2747866,0.07229719,0.17986141,0.14704132
data/raf_db/test/6/test_2420_aligned.jpg,6,6,0.010580581,0.03661535,0.004667031,0.11905577,0.0692601,0.019900035,0.73992115
data/raf_db/test/6/test_2421_aligned.jpg,6,6,0.091085635,0.21216221,0.013442163,0.058568656,0.028956303,0.053649563,0.5421355
data/raf_db/test/6/test_2422_aligned.jpg,6,3,0.03989539,0.03542904,0.19421987,0.31969658,0.1162654,0.22036417,0.074129574
data/raf_db/test/6/test_2423_aligned.jpg,6,6,0.00035387833,0.006850987,0.0014280977,0.0012535313,0.16887125,0.0039509563,0.8172913
data/raf_db/test/6/test_2424_aligned.jpg,6,6,0.0024865707,0.023946753,0.0012839528,0.023248967,0.014229673,0.0046343505,0.9301696
data/raf_db/test/6/test_2425_aligned.jpg,6,6,0.0027263109,0.04842948,0.005671685,0.010479728,0.18909647,0.008461104,0.7351352
data/raf_db/test/6/test_2426_aligned.jpg,6,6,0.015599727,0.09016266,0.029522102,0.20127057,0.05949605,0.095343955,0.50860494
data/raf_db/test/6/test_2427_aligned.jpg,6,4,0.0032908288,0.044139463,0.0032198834,0.0051380405,0.48213622,0.0052914065,0.4567842
data/raf_db/test/6/test_2428_aligned.jpg,6,6,0.0016685902,0.016603937,0.00045631794,0.0043384493,0.032577127,0.0022787924,0.9420768
data/raf_db/test/6/test_2429_aligned.jpg,6,6,0.016593385,0.09645978,0.0044088485,0.022033382,0.036442112,0.013755347,0.8103072
data/raf_db/test/6/test_2430_aligned.jpg,6,6,0.0037739647,0.021590421,0.011601246,0.3349034,0.006211082,0.06735018,0.5545698
data/raf_db/test/6/test_2431_aligned.jpg,6,6,0.056775972,0.04568175,0.014880479,0.026152108,0.059307467,0.16784434,0.62935793
data/raf_db/test/6/test_2432_aligned.jpg,6,6,0.044356983,0.25739154,0.025552776,0.14751358,0.073171146,0.04532801,0.40668595
data/raf_db/test/6/test_2433_aligned.jpg,6,6,0.0039770207,0.013180455,0.007948798,0.0070782127,0.061392684,0.12158319,0.7848396
data/raf_db/test/6/test_2434_aligned.jpg,6,6,0.00071616523,0.0023929442,0.0012396956,0.0010150755,0.0821005,0.036818434,0.8757172
data/raf_db/test/6/test_2435_aligned.jpg,6,6,0.04740227,0.2339402,0.038685802,0.26381227,0.07913687,0.049224664,0.2877979
data/raf_db/test/6/test_2436_aligned.jpg,6,6,0.052794073,0.21250647,0.04039089,0.08092336,0.07855452,0.12782685,0.40700385
data/raf_db/test/6/test_2437_aligned.jpg,6,6,0.021034237,0.041966766,0.008825021,0.046334524,0.31718498,0.013424327,0.5512302
data/raf_db/test/6/test_2438_aligned.jpg,6,6,0.017678592,0.10613563,0.010795966,0.034053635,0.1756985,0.023233822,0.6324039
data/raf_db/test/6/test_2439_aligned.jpg,6,6,0.023468416,0.19198261,0.012855078,0.23787813,0.041090887,0.01885136,0.47387356
data/raf_db/test/6/test_2440_aligned.jpg,6,5,0.018532688,0.03471574,0.05216925,0.020809202,0.09654867,0.5671706,0.21005386
data/raf_db/test/6/test_2441_aligned.jpg,6,6,0.033307895,0.09259502,0.013511324,0.04850105,0.09006746,0.0604152,0.6616021
data/raf_db/test/6/test_2442_aligned.jpg,6,6,0.00065769936,0.017255988,0.00074608246,0.0027562305,0.19081068,0.0011082533,0.7866652
data/raf_db/test/6/test_2443_aligned.jpg,6,6,0.018202886,0.13675396,0.07818272,0.20303299,0.08299267,0.22163057,0.25920424
data/raf_db/test/6/test_2444_aligned.jpg,6,6,0.0061741807,0.018994998,0.0060336525,0.050770897,0.07626484,0.06308586,0.7786755
data/raf_db/test/6/test_2445_aligned.jpg,6,5,0.09970198,0.042366475,0.2809535,0.05496548,0.05240928,0.3099913,0.15961191
data/raf_db/test/6/test_2446_aligned.jpg,6,6,0.009385343,0.15375324,0.030148845,0.040235095,0.3428231,0.029128566,0.3945258
data/raf_db/test/6/test_2447_aligned.jpg,6,5,0.019997915,0.054141656,0.16190906,0.027339043,0.0887008,0.54899865,0.09891289
data/raf_db/test/6/test_2448_aligned.jpg,6,3,0.016694983,0.039970417,0.10468693,0.34610382,0.13502169,0.061860867,0.29566127
data/raf_db/test/6/test_2449_aligned.jpg,6,6,0.0028054542,0.019974235,0.007597628,0.001502455,0.19263296,0.031042172,0.74444515
data/raf_db/test/6/test_2450_aligned.jpg,6,6,0.020806907,0.25714827,0.016567044,0.098182365,0.054196153,0.030938698,0.52216053
data/raf_db/test/6/test_2451_aligned.jpg,6,6,0.00047773792,0.0060733133,0.00042909876,0.0009393461,0.010633877,0.017414287,0.9640324
data/raf_db/test/6/test_2452_aligned.jpg,6,4,0.012220216,0.06480793,0.004933848,0.04633841,0.8430405,0.0026921409,0.025966894
data/raf_db/test/6/test_2453_aligned.jpg,6,6,0.029497257,0.15566552,0.017068105,0.112696625,0.07598225,0.051669557,0.55742073
data/raf_db/test/6/test_2454_aligned.jpg,6,6,0.00092012354,0.013185755,0.00031654534,0.0020717771,0.018670678,0.0044327565,0.9604023
data/raf_db/test/6/test_2455_aligned.jpg,6,6,0.014336575,0.2763501,0.0063426387,0.055602368,0.05816233,0.008247708,0.58095825
data/raf_db/test/6/test_2456_aligned.jpg,6,6,0.0003649021,0.0055773826,0.0004008545,0.00068751257,0.017393382,0.009440118,0.96613586
data/raf_db/test/6/test_2457_aligned.jpg,6,6,0.0019795098,0.029099215,0.008023872,0.009338869,0.2865377,0.05988928,0.60513157
data/raf_db/test/6/test_2458_aligned.jpg,6,5,0.0077041304,0.018296301,0.030269278,0.2553367,0.09408565,0.46494853,0.12935935
data/raf_db/test/6/test_2459_aligned.jpg,6,4,0.027030673,0.2008335,0.04412627,0.13368228,0.35416526,0.031554427,0.20860751
data/raf_db/test/6/test_2460_aligned.jpg,6,6,0.0039022588,0.019382615,0.037433192,0.038021404,0.11248477,0.15261878,0.6361569
data/raf_db/test/6/test_2461_aligned.jpg,6,6,0.0040676463,0.05358787,0.002947289,0.014572291,0.08051135,0.007954319,0.83635914
data/raf_db/test/6/test_2462_aligned.jpg,6,6,0.0060818135,0.12891808,0.02610259,0.032321453,0.20798904,0.07789132,0.52069575
data/raf_db/test/6/test_2463_aligned.jpg,6,6,0.001350491,0.0148738315,0.0015569233,0.02700912,0.023454424,0.007030793,0.92472434
data/raf_db/test/6/test_2464_aligned.jpg,6,3,0.022184635,0.032571025,0.05476026,0.34155467,0.039591357,0.22305831,0.28627977
data/raf_db/test/6/test_2465_aligned.jpg,6,6,0.0702266,0.18209282,0.018639306,0.030662822,0.0829798,0.0396819,0.5757167
data/raf_db/test/6/test_2466_aligned.jpg,6,6,0.0012662986,0.007394317,0.00032962722,0.004294548,0.0058577796,0.005528199,0.9753293
data/raf_db/test/6/test_2467_aligned.jpg,6,6,0.0161983,0.25986883,0.0048443875,0.019361028,0.04554929,0.010732544,0.6434456
data/raf_db/test/6/test_2468_aligned.jpg,6,6,0.049934298,0.121376075,0.027805354,0.09174974,0.023897119,0.19495004,0.49028724
data/raf_db/test/6/test_2469_aligned.jpg,6,6,0.0053070323,0.02650925,0.0022482406,0.03511421,0.011383489,0.021492079,0.8979457
data/raf_db/test/6/test_2470_aligned.jpg,6,6,0.0007275897,0.008738133,0.0020869696,0.0008545389,0.0609033,0.041832402,0.88485706
data/raf_db/test/6/test_2471_aligned.jpg,6,6,0.001410412,0.011692126,0.0016030674,0.005528845,0.09147101,0.008663332,0.87963116
data/raf_db/test/6/test_2472_aligned.jpg,6,6,0.0008139303,0.013947685,0.0011346857,0.001436684,0.019560039,0.016713211,0.94639385
data/raf_db/test/6/test_2473_aligned.jpg,6,3,0.048019577,0.22282396,0.0435727,0.5605928,0.022968322,0.02639299,0.0756297
data/raf_db/test/6/test_2474_aligned.jpg,6,6,0.02323591,0.113578245,0.062229607,0.1446455,0.08851314,0.1438609,0.42393672
data/raf_db/test/6/test_2475_aligned.jpg,6,6,0.029618103,0.28382447,0.016368229,0.30540505,0.022462899,0.022495152,0.31982616
data/raf_db/test/6/test_2476_aligned.jpg,6,6,0.014249421,0.112749696,0.004007482,0.030358363,0.010973956,0.02950758,0.7981535
data/raf_db/test/6/test_2477_aligned.jpg,6,6,0.016948782,0.14833547,0.008972857,0.01748549,0.22647233,0.01772562,0.56405944
data/raf_db/test/6/test_2478_aligned.jpg,6,4,0.009237433,0.042841125,0.016866827,0.140181,0.58725435,0.035180043,0.16843922
data/raf_db/test/6/test_2479_aligned.jpg,6,4,0.0013971057,0.015033029,0.0034753091,0.010945792,0.9384678,0.00229577,0.028385181
data/raf_db/test/6/test_2480_aligned.jpg,6,4,0.01579979,0.033551138,0.018072931,0.07014132,0.5773393,0.02897574,0.25611985
data/raf_db/test/6/test_2481_aligned.jpg,6,6,0.0013651609,0.004466378,0.0005984269,0.013140343,0.016944274,0.0058853813,0.95759994
data/raf_db/test/6/test_2482_aligned.jpg,6,6,0.0125677185,0.041270394,0.0041305795,0.12596938,0.04908894,0.0076354747,0.7593376
data/raf_db/test/6/test_2483_aligned.jpg,6,6,0.009910132,0.018474232,0.010099619,0.17525679,0.0625193,0.12408539,0.59965456
data/raf_db/test/6/test_2484_aligned.jpg,6,6,0.0016845237,0.036339678,0.00088435126,0.0022334028,0.118386485,0.003466113,0.8370055
data/raf_db/test/6/test_2485_aligned.jpg,6,4,0.021118386,0.09865353,0.00901898,0.034031812,0.6259356,0.0081716105,0.20306998
data/raf_db/test/6/test_2486_aligned.jpg,6,6,0.015028493,0.06272953,0.022476641,0.026967194,0.043327823,0.24539058,0.5840796
data/raf_db/test/6/test_2487_aligned.jpg,6,6,0.0073470273,0.13510656,0.0047246306,0.025158446,0.032387257,0.01820449,0.7770716
data/raf_db/test/6/test_2488_aligned.jpg,6,6,0.010280935,0.04143768,0.034936454,0.059027635,0.021537645,0.16135384,0.6714259
data/raf_db/test/6/test_2489_aligned.jpg,6,4,0.0066423654,0.37466002,0.002140628,0.00426296,0.40861788,0.0007272798,0.20294881
data/raf_db/test/6/test_2490_aligned.jpg,6,6,0.0038724325,0.023344377,0.0017429137,0.0075319693,0.39023507,0.0043968107,0.56887645
data/raf_db/test/6/test_2491_aligned.jpg,6,6,0.065027714,0.15142764,0.01392972,0.0836083,0.056303855,0.044448253,0.5852545
data/raf_db/test/6/test_2492_aligned.jpg,6,4,0.018710848,0.09787085,0.014627416,0.0106804585,0.46965438,0.044496186,0.34395984
data/raf_db/test/6/test_2493_aligned.jpg,6,6,0.0657896,0.06671726,0.03768556,0.25576618,0.18947737,0.09165515,0.2929089
data/raf_db/test/6/test_2494_aligned.jpg,6,6,0.0024982642,0.014813983,0.00071727415,0.025147472,0.011139234,0.006057327,0.93962646
data/raf_db/test/6/test_2495_aligned.jpg,6,6,0.000977514,0.012044813,0.00091575494,0.0025089209,0.070349835,0.0045923954,0.90861076
data/raf_db/test/6/test_2496_aligned.jpg,6,6,0.0054160804,0.035273004,0.005324784,0.005060393,0.21532434,0.01351325,0.7200882
data/raf_db/test/6/test_2497_aligned.jpg,6,4,0.012376725,0.124644525,0.007982492,0.07986471,0.38373396,0.010291606,0.3811059
data/raf_db/test/6/test_2498_aligned.jpg,6,6,0.0020049044,0.012031124,0.00525977,0.028221834,0.11916166,0.03607995,0.7972408
data/raf_db/test/6/test_2499_aligned.jpg,6,6,0.020342203,0.038962413,0.073667005,0.1294501,0.22348906,0.14134198,0.37274724
data/raf_db/test/6/test_2500_aligned.jpg,6,6,0.0140194055,0.120541275,0.0073706396,0.17094828,0.03535359,0.015676044,0.6360907
data/raf_db/test/6/test_2501_aligned.jpg,6,4,0.0035580755,0.06540618,0.004985337,0.012009341,0.48823798,0.004079809,0.42172337
data/raf_db/test/6/test_2502_aligned.jpg,6,6,0.00998737,0.04673235,0.0076626297,0.030085132,0.049322695,0.062982015,0.79322785
data/raf_db/test/6/test_2503_aligned.jpg,6,4,0.008030979,0.11023257,0.010147553,0.008108139,0.6038133,0.0064476407,0.25321993
data/raf_db/test/6/test_2504_aligned.jpg,6,6,0.018349791,0.29217386,0.008818221,0.026249696,0.19239374,0.011668467,0.45034626
data/raf_db/test/6/test_2505_aligned.jpg,6,6,0.026436385,0.045472946,0.010307845,0.19727248,0.05735083,0.037848968,0.6253106
data/raf_db/test/6/test_2506_aligned.jpg,6,6,0.0061260457,0.041208073,0.003738436,0.027656218,0.008671359,0.038812194,0.87378776
data/raf_db/test/6/test_2507_aligned.jpg,6,3,0.08504197,0.111169554,0.057508525,0.40555063,0.119338304,0.0864111,0.13497993
data/raf_db/test/6/test_2508_aligned.jpg,6,6,0.051432643,0.105247766,0.035587717,0.12378312,0.11923818,0.10251511,0.4621954
data/raf_db/test/6/test_2509_aligned.jpg,6,6,0.005142961,0.06123768,0.0099204285,0.023411572,0.040205363,0.03765585,0.8224262
data/raf_db/test/6/test_2510_aligned.jpg,6,6,0.035180364,0.027897673,0.0055669164,0.14575104,0.007502724,0.03512054,0.7429808
data/raf_db/test/6/test_2511_aligned.jpg,6,6,0.0020731224,0.03726213,0.00077188347,0.0020653296,0.021138683,0.0054773483,0.93121135
data/raf_db/test/6/test_2512_aligned.jpg,6,6,0.0025852008,0.014807185,0.0011325525,0.019024614,0.005539292,0.021628099,0.93528306
data/raf_db/test/6/test_2513_aligned.jpg,6,3,0.008820782,0.05781366,0.0606173,0.3394887,0.1265126,0.15898335,0.24776365
data/raf_db/test/6/test_2514_aligned.jpg,6,4,0.004746131,0.05395082,0.026992293,0.20096838,0.6536731,0.005579856,0.054089405
data/raf_db/test/6/test_2515_aligned.jpg,6,6,0.000933432,0.006754534,0.0005284937,0.0037676552,0.11023454,0.0032110128,0.8745703
data/raf_db/test/6/test_2516_aligned.jpg,6,4,0.028110165,0.3142293,0.025577895,0.027822385,0.49261066,0.032819796,0.07882971
data/raf_db/test/6/test_2517_aligned.jpg,6,6,0.018795324,0.16216919,0.008000903,0.21174152,0.033379853,0.01422695,0.5516862
data/raf_db/test/6/test_2518_aligned.jpg,6,6,0.016249545,0.029813623,0.034328107,0.04939975,0.085281245,0.16516262,0.619765
data/raf_db/test/6/test_2519_aligned.jpg,6,6,0.00070110464,0.020699697,0.0017280759,0.0053750738,0.2578373,0.0056697917,0.707989
data/raf_db/test/6/test_2520_aligned.jpg,6,5,0.015305834,0.0088619655,0.3148352,0.010004547,0.049992826,0.51711905,0.08388057
data/raf_db/test/6/test_2521_aligned.jpg,6,6,0.011468267,0.06282794,0.0033351937,0.047724877,0.006829037,0.026209794,0.8416048
data/raf_db/test/6/test_2522_aligned.jpg,6,4,0.0020476247,0.018361637,0.014735181,0.0009267589,0.5669431,0.084760904,0.31222478
data/raf_db/test/6/test_2523_aligned.jpg,6,6,0.0343943,0.29611298,0.01464123,0.083206944,0.2303647,0.017316183,0.32396364
data/raf_db/test/6/test_2524_aligned.jpg,6,6,0.11056323,0.19295228,0.047328748,0.053874936,0.18581757,0.16571791,0.24374537
data/raf_db/test/6/test_2525_aligned.jpg,6,6,0.0044075083,0.0163965,0.0028696468,0.04555928,0.14370184,0.02209721,0.7649681
data/raf_db/test/6/test_2526_aligned.jpg,6,4,0.24147786,0.13929576,0.04220805,0.07075078,0.25294498,0.08631298,0.16700956
data/raf_db/test/6/test_2527_aligned.jpg,6,3,0.011627962,0.0618494,0.020332217,0.42865378,0.015379609,0.084407054,0.37774995
data/raf_db/test/6/test_2528_aligned.jpg,6,6,0.008919518,0.04944149,0.042115223,0.013055501,0.35311297,0.094148204,0.43920702
data/raf_db/test/6/test_2529_aligned.jpg,6,6,0.01849892,0.15700457,0.0079775015,0.17221147,0.08346402,0.011222429,0.54962116
data/raf_db/test/6/test_2530_aligned.jpg,6,6,0.014503943,0.34521025,0.007679652,0.0319731,0.064177215,0.012454023,0.5240018
data/raf_db/test/6/test_2531_aligned.jpg,6,6,0.008676254,0.060531016,0.009818488,0.06080262,0.040039018,0.049155142,0.7709774
data/raf_db/test/6/test_2532_aligned.jpg,6,6,0.0017806983,0.013023961,0.0014990694,0.02994009,0.022148658,0.008587662,0.9230199
data/raf_db/test/6/test_2533_aligned.jpg,6,6,0.012594495,0.11228897,0.0068452554,0.0405869,0.1519478,0.01664768,0.6590889
data/raf_db/test/6/test_2534_aligned.jpg,6,6,0.018308003,0.08675641,0.007574039,0.12966965,0.029011928,0.026266988,0.702413
data/raf_db/test/6/test_2535_aligned.jpg,6,4,0.0021784548,0.021765402,0.0042202207,0.012724173,0.69949096,0.0104176095,0.24920316
data/raf_db/test/6/test_2536_aligned.jpg,6,6,0.011221158,0.19750305,0.039838407,0.009210451,0.18950826,0.18755148,0.3651671
data/raf_db/test/6/test_2537_aligned.jpg,6,6,0.0052654725,0.1339243,0.016405402,0.059855044,0.07310417,0.041418426,0.6700272
data/raf_db/test/6/test_2538_aligned.jpg,6,4,0.0010491906,0.029330185,0.0005199684,0.00021850357,0.87435734,0.00065536256,0.093869396
data/raf_db/test/6/test_2539_aligned.jpg,6,6,0.00063359994,0.0074660983,0.00028393255,0.0034013584,0.025087124,0.0021937857,0.9609342
data/raf_db/test/6/test_2540_aligned.jpg,6,6,0.0048627476,0.046164576,0.007109741,0.0048739966,0.0898062,0.06458694,0.78259575
data/raf_db/test/6/test_2541_aligned.jpg,6,6,0.008039816,0.035508476,0.004122296,0.051719785,0.38076207,0.008837753,0.5110099
data/raf_db/test/6/test_2542_aligned.jpg,6,1,0.06450917,0.37209266,0.01060191,0.13552265,0.05694162,0.010563774,0.34976822
data/raf_db/test/6/test_2543_aligned.jpg,6,6,0.009319897,0.0771402,0.002475084,0.027857665,0.0147530325,0.013273526,0.8551806
data/raf_db/test/6/test_2544_aligned.jpg,6,5,0.006050874,0.06624894,0.14036268,0.19643016,0.20747253,0.3208752,0.06255968
data/raf_db/test/6/test_2545_aligned.jpg,6,6,0.005077222,0.04219088,0.0053636436,0.07170134,0.03849407,0.014667841,0.82250494
data/raf_db/test/6/test_2546_aligned.jpg,6,0,0.31400692,0.13991752,0.031546418,0.2558139,0.06979871,0.025834518,0.16308206
data/raf_db/test/6/test_2547_aligned.jpg,6,6,0.0058673597,0.06364797,0.0046692984,0.02002285,0.04094492,0.016731989,0.8481157
data/raf_db/test/6/test_2548_aligned.jpg,6,3,0.16911873,0.18012899,0.016364776,0.4444702,0.1297343,0.012198906,0.04798407
data/raf_db/test/6/test_2549_aligned.jpg,6,6,0.0031703557,0.02684884,0.0048678643,0.08778712,0.027645513,0.02292857,0.8267517
data/raf_db/test/6/test_2550_aligned.jpg,6,6,0.044206236,0.062433988,0.0072245537,0.19532257,0.008221567,0.02713687,0.6554542
data/raf_db/test/6/test_2551_aligned.jpg,6,6,0.004032805,0.0774897,0.000879766,0.0035643713,0.029037794,0.004206482,0.880789
data/raf_db/test/6/test_2552_aligned.jpg,6,6,0.024542386,0.11428495,0.026788663,0.2219627,0.2741082,0.032169778,0.30614328
data/raf_db/test/6/test_2553_aligned.jpg,6,6,0.0097564,0.051449906,0.011731464,0.05612472,0.22637756,0.03132951,0.61323035
data/raf_db/test/6/test_2554_aligned.jpg,6,4,0.024838865,0.072317414,0.07102677,0.29326928,0.3008553,0.053832542,0.18385984
data/raf_db/test/6/test_2555_aligned.jpg,6,6,0.007405178,0.07274052,0.004048546,0.00546432,0.11787552,0.013534786,0.77893114
data/raf_db/test/6/test_2556_aligned.jpg,6,1,0.03857699,0.29639873,0.04626379,0.22766615,0.13877182,0.025179552,0.22714293
data/raf_db/test/6/test_2557_aligned.jpg,6,6,0.0105467,0.05745236,0.0138779925,0.20791161,0.032463755,0.042116664,0.63563085
data/raf_db/test/6/test_2558_aligned.jpg,6,6,0.006221992,0.0842243,0.0020761145,0.0012704197,0.04193246,0.014387899,0.84988683
data/raf_db/test/6/test_2559_aligned.jpg,6,6,0.03683392,0.14072406,0.010207787,0.165673,0.02027363,0.034886915,0.5914007
data/raf_db/test/6/test_2560_aligned.jpg,6,4,0.072992064,0.12392396,0.11289532,0.021447264,0.60601616,0.021385675,0.04133954
data/raf_db/test/6/test_2561_aligned.jpg,6,3,0.03393417,0.16564168,0.046057105,0.53920096,0.092354864,0.038655635,0.084155604
data/raf_db/test/6/test_2562_aligned.jpg,6,4,0.0024904248,0.02007737,0.005791874,0.0013180749,0.85629386,0.008725967,0.10530246
data/raf_db/test/6/test_2563_aligned.jpg,6,6,0.0021929091,0.014453573,0.0014815802,0.014453505,0.0125526935,0.02446048,0.93040526
data/raf_db/test/6/test_2564_aligned.jpg,6,6,0.00987269,0.11813084,0.0040787603,0.014354998,0.03413581,0.033108264,0.7863186
data/raf_db/test/6/test_2565_aligned.jpg,6,6,0.050833896,0.3067018,0.016610207,0.083501145,0.15724836,0.03162133,0.3534833
data/raf_db/test/6/test_2566_aligned.jpg,6,5,0.0057643037,0.012290258,0.10760617,0.08371154,0.06432576,0.67552143,0.050780613
data/raf_db/test/6/test_2567_aligned.jpg,6,6,0.0038013111,0.04646067,0.00093356747,0.01682849,0.019505383,0.004005943,0.90846455
data/raf_db/test/6/test_2568_aligned.jpg,6,6,0.005573938,0.052230813,0.013864095,0.014880376,0.053885184,0.08213094,0.7774346
data/raf_db/test/6/test_2569_aligned.jpg,6,6,0.006365342,0.08667199,0.0026104022,0.010818686,0.028009262,0.011250411,0.854274
data/raf_db/test/6/test_2570_aligned.jpg,6,6,0.011914797,0.020301698,0.032047667,0.16366255,0.12991983,0.06955294,0.5726006
data/raf_db/test/6/test_2571_aligned.jpg,6,6,0.005474375,0.0644996,0.0016432643,0.008239917,0.14500934,0.0041051432,0.7710284
data/raf_db/test/6/test_2572_aligned.jpg,6,4,0.018794667,0.12998787,0.061812498,0.12941435,0.37891683,0.137046,0.14402771
data/raf_db/test/6/test_2573_aligned.jpg,6,4,0.00935225,0.12886865,0.026980497,0.028473906,0.3957315,0.03245763,0.37813562
data/raf_db/test/6/test_2574_aligned.jpg,6,6,0.006191248,0.0634429,0.009758987,0.031189563,0.048672207,0.02437191,0.81637317
data/raf_db/test/6/test_2575_aligned.jpg,6,1,0.047453627,0.43259135,0.009684422,0.016418662,0.2973147,0.0057610786,0.19077606
data/raf_db/test/6/test_2576_aligned.jpg,6,6,0.0031076814,0.036412615,0.0017378292,0.008433399,0.012362817,0.018942177,0.9190035
data/raf_db/test/6/test_2577_aligned.jpg,6,6,0.00074931915,0.0112013295,0.0013345102,0.0029405586,0.17205021,0.011001198,0.80072296
data/raf_db/test/6/test_2578_aligned.jpg,6,6,0.0014847139,0.039664987,0.00069548655,0.0018260028,0.074017584,0.001007791,0.8813034
data/raf_db/test/6/test_2579_aligned.jpg,6,6,0.0028381345,0.015697096,0.009376731,0.20472266,0.23384035,0.015700426,0.5178246
data/raf_db/test/6/test_2580_aligned.jpg,6,6,0.03583705,0.17998594,0.02318509,0.013410878,0.11053461,0.08866192,0.54838455
data/raf_db/test/6/test_2581_aligned.jpg,6,1,0.027530685,0.7680848,0.0006029506,0.0011359424,0.067426436,0.0011603796,0.13405874
data/raf_db/test/6/test_2582_aligned.jpg,6,3,0.25231364,0.25897515,0.013447522,0.30420616,0.05008242,0.013149354,0.10782572
data/raf_db/test/6/test_2583_aligned.jpg,6,6,0.018382903,0.09557324,0.043624055,0.18501006,0.018760463,0.23128064,0.40736866
data/raf_db/test/6/test_2584_aligned.jpg,6,3,0.0056388373,0.010437832,0.016690368,0.5245957,0.012508357,0.18745328,0.2426756
data/raf_db/test/6/test_2585_aligned.jpg,6,3,0.005060648,0.01580791,0.0101001365,0.58521986,0.036445946,0.029839395,0.31752613
data/raf_db/test/6/test_2586_aligned.jpg,6,6,0.038912687,0.19267167,0.016376987,0.038688596,0.15209804,0.047162235,0.51408976
data/raf_db/test/6/test_2587_aligned.jpg,6,6,0.014258116,0.08084627,0.02319867,0.05799018,0.11308811,0.094089836,0.61652887
data/raf_db/test/6/test_2588_aligned.jpg,6,6,0.0007127451,0.010885466,0.0004732642,0.008643632,0.022229085,0.0036138082,0.9534419
data/raf_db/test/6/test_2589_aligned.jpg,6,1,0.037073385,0.45976362,0.027525688,0.13265674,0.14399356,0.018536355,0.18045072
data/raf_db/test/6/test_2590_aligned.jpg,6,4,0.016622288,0.055816136,0.020581927,0.044653695,0.4337544,0.023737008,0.40483454
data/raf_db/test/6/test_2591_aligned.jpg,6,6,0.024629567,0.061657455,0.014473281,0.1777787,0.34870794,0.01369994,0.35905305
data/raf_db/test/6/test_2592_aligned.jpg,6,2,0.24707276,0.10588178,0.2545793,0.019619005,0.058040075,0.21385132,0.100955725
data/raf_db/test/6/test_2593_aligned.jpg,6,6,0.0046439776,0.020261822,0.0060003703,0.015086444,0.13948417,0.03669023,0.77783304
data/raf_db/test/6/test_2594_aligned.jpg,6,6,0.026373854,0.043263644,0.02561705,0.050942343,0.12923455,0.16650334,0.55806524
data/raf_db/test/6/test_2595_aligned.jpg,6,6,0.025327032,0.07447835,0.02298266,0.23137777,0.16343045,0.11842216,0.36398166
data/raf_db/test/6/test_2596_aligned.jpg,6,4,0.028835734,0.21403743,0.03007613,0.011354694,0.4257367,0.035902657,0.25405654
data/raf_db/test/6/test_2597_aligned.jpg,6,1,0.018583158,0.5577355,0.0059223883,0.0059461268,0.22222368,0.005718612,0.18387048
data/raf_db/test/6/test_2598_aligned.jpg,6,4,0.026971096,0.24095024,0.00855526,0.001782101,0.59103507,0.0060466686,0.12465951
data/raf_db/test/6/test_2599_aligned.jpg,6,3,0.12261355,0.19260842,0.024351578,0.4445851,0.026970362,0.021405594,0.16746542
data/raf_db/test/6/test_2600_aligned.jpg,6,6,0.0012345973,0.01620538,0.0037096057,0.00924081,0.053531587,0.03086217,0.8852158
data/raf_db/test/6/test_2601_aligned.jpg,6,3,0.028597308,0.10301955,0.037358657,0.52041674,0.07248999,0.070009395,0.16810837
data/raf_db/test/6/test_2602_aligned.jpg,6,6,0.0034546754,0.05885759,0.005197765,0.008383213,0.042657778,0.026116153,0.8553328
data/raf_db/test/6/test_2603_aligned.jpg,6,6,0.004618221,0.009432583,0.0024244767,0.041217253,0.023050286,0.043597944,0.8756592
data/raf_db/test/6/test_2604_aligned.jpg,6,5,0.015100826,0.038823754,0.04621719,0.081679024,0.030667216,0.5061025,0.2814095
data/raf_db/test/6/test_2605_aligned.jpg,6,6,0.00607322,0.057366516,0.002905689,0.002388095,0.10208074,0.016774531,0.8124112
data/raf_db/test/6/test_2606_aligned.jpg,6,6,0.055804756,0.02217241,0.031369813,0.26353353,0.07342164,0.11253291,0.4411649
data/raf_db/test/6/test_2607_aligned.jpg,6,6,0.032442916,0.28263736,0.012820121,0.029989831,0.09036803,0.03535193,0.5163898
data/raf_db/test/6/test_2608_aligned.jpg,6,6,0.001240974,0.014994075,0.009562157,0.015256811,0.15268376,0.06933944,0.7369228
data/raf_db/test/6/test_2609_aligned.jpg,6,6,0.00888495,0.052919134,0.00096781796,0.0065595875,0.033198036,0.0062688054,0.8912017
data/raf_db/test/6/test_2610_aligned.jpg,6,6,0.005343047,0.020313054,0.010199627,0.022415599,0.057515968,0.24925481,0.6349578
data/raf_db/test/6/test_2611_aligned.jpg,6,4,0.0029429113,0.05039741,0.0070671993,0.0040517612,0.81066763,0.003604378,0.121268705
data/raf_db/test/6/test_2612_aligned.jpg,6,6,0.01101775,0.066422224,0.0065652705,0.025794262,0.04752726,0.027754897,0.81491834
data/raf_db/test/6/test_2613_aligned.jpg,6,4,0.05464112,0.18337333,0.060927857,0.27643418,0.31005484,0.042009983,0.07255872
data/raf_db/test/6/test_2614_aligned.jpg,6,6,0.0010254098,0.012543148,0.00047192132,0.008968699,0.0062955497,0.00487074,0.96582454
data/raf_db/test/6/test_2615_aligned.jpg,6,6,0.0038899789,0.04669741,0.011846651,0.01993918,0.21650863,0.060066093,0.64105195
data/raf_db/test/6/test_2616_aligned.jpg,6,6,0.0075158454,0.06589831,0.026020532,0.040714923,0.0743652,0.1231547,0.6623305
data/raf_db/test/6/test_2617_aligned.jpg,6,6,0.0071913516,0.06709575,0.0039070356,0.005822379,0.09314092,0.023365146,0.7994774
data/raf_db/test/6/test_2618_aligned.jpg,6,6,0.003506198,0.03668189,0.0039564534,0.06890932,0.069307454,0.010948243,0.8066906
data/raf_db/test/6/test_2619_aligned.jpg,6,4,0.017355856,0.057929207,0.031088296,0.0064543705,0.74475527,0.0116414465,0.13077557
data/raf_db/test/6/test_2620_aligned.jpg,6,6,0.0176407,0.02575418,0.0060738884,0.18193291,0.003873716,0.05954459,0.70518
data/raf_db/test/6/test_2621_aligned.jpg,6,6,0.0061558606,0.054140393,0.0054120272,0.015376052,0.2932024,0.016418058,0.6092951
data/raf_db/test/6/test_2622_aligned.jpg,6,6,0.02600296,0.10317302,0.038875476,0.12646322,0.14156437,0.13837369,0.4255472
data/raf_db/test/6/test_2623_aligned.jpg,6,4,0.0058300165,0.016377747,0.039939888,0.1751353,0.7087045,0.029018471,0.024994126
data/raf_db/test/6/test_2624_aligned.jpg,6,6,0.005199787,0.014647579,0.0049578897,0.03268603,0.26093885,0.039527215,0.6420427
data/raf_db/test/6/test_2625_aligned.jpg,6,6,0.03418295,0.10832891,0.054639537,0.1558523,0.086165465,0.20873946,0.35209137
data/raf_db/test/6/test_2626_aligned.jpg,6,6,0.017935073,0.19661856,0.0076787383,0.107025266,0.056765046,0.015068054,0.59890914
data/raf_db/test/6/test_2627_aligned.jpg,6,6,0.006537401,0.07939867,0.014362044,0.19723141,0.11140709,0.033228867,0.5578345
data/raf_db/test/6/test_2628_aligned.jpg,6,6,0.010539251,0.020688923,0.006398469,0.1796174,0.09551815,0.027360426,0.6598774
data/raf_db/test/6/test_2629_aligned.jpg,6,6,0.00801968,0.06531723,0.0036677644,0.0014461309,0.17907794,0.021336647,0.7211345
data/raf_db/test/6/test_2630_aligned.jpg,6,6,0.005827025,0.05855385,0.011545099,0.11293755,0.033950396,0.055951364,0.72123474
data/raf_db/test/6/test_2631_aligned.jpg,6,6,0.021755934,0.14916334,0.02279961,0.13369283,0.21253103,0.034155443,0.4259018
data/raf_db/test/6/test_2632_aligned.jpg,6,6,0.0006135545,0.0072536822,0.00028847088,0.00658848,0.022765344,0.0013420222,0.9611484
data/raf_db/test/6/test_2633_aligned.jpg,6,6,0.0048814295,0.060531594,0.0020873842,0.015328345,0.006010224,0.03168548,0.87947553
data/raf_db/test/6/test_2634_aligned.jpg,6,4,0.009333358,0.05763452,0.010395633,0.005343075,0.6283049,0.016118698,0.2728697
data/raf_db/test/6/test_2635_aligned.jpg,6,1,0.035712883,0.35081333,0.02354571,0.24885671,0.21157019,0.01346516,0.11603604
data/raf_db/test/6/test_2636_aligned.jpg,6,3,0.009420334,0.09179751,0.011978596,0.63574684,0.06892714,0.007138997,0.1749906
data/raf_db/test/6/test_2637_aligned.jpg,6,6,0.019215139,0.27096775,0.0025662007,0.00913466,0.059439417,0.00842524,0.6302516
data/raf_db/test/6/test_2638_aligned.jpg,6,6,0.021042963,0.041986454,0.021520305,0.13653876,0.02255487,0.13923347,0.6171231
data/raf_db/test/6/test_2639_aligned.jpg,6,4,0.022784904,0.03269001,0.016395796,0.061701853,0.4176431,0.061043914,0.38774046
data/raf_db/test/6/test_2640_aligned.jpg,6,4,0.0007667196,0.007876354,0.003895363,0.0013841781,0.60979396,0.003957693,0.37232575
data/raf_db/test/6/test_2641_aligned.jpg,6,4,0.0040449826,0.13215722,0.009231575,0.004163335,0.49082842,0.05161678,0.3079577
data/raf_db/test/6/test_2642_aligned.jpg,6,6,0.0042310283,0.02671777,0.02258288,0.03816894,0.0624611,0.33675388,0.5090844
data/raf_db/test/6/test_2643_aligned.jpg,6,4,0.004167215,0.041797686,0.012138176,0.02260381,0.86697966,0.008486154,0.0438273
data/raf_db/test/6/test_2644_aligned.jpg,6,6,0.014733588,0.057378303,0.00900943,0.16764213,0.11295791,0.03192139,0.6063572
data/raf_db/test/6/test_2645_aligned.jpg,6,4,0.009663753,0.13862419,0.009864878,0.011001503,0.4798903,0.008700246,0.3422551
data/raf_db/test/6/test_2646_aligned.jpg,6,6,0.003987896,0.082044944,0.0061185937,0.14211039,0.061704345,0.0047998014,0.699234
data/raf_db/test/6/test_2647_aligned.jpg,6,1,0.042805817,0.31076634,0.047559876,0.058602583,0.24880512,0.085017905,0.20644239
data/raf_db/test/6/test_2648_aligned.jpg,6,6,0.012667308,0.11704878,0.048184257,0.13174988,0.06340576,0.1935682,0.43337584
data/raf_db/test/6/test_2649_aligned.jpg,6,4,0.014248063,0.10591344,0.008574234,0.02179835,0.5050488,0.011827511,0.3325895
data/raf_db/test/6/test_2650_aligned.jpg,6,6,0.010973079,0.09652128,0.07351836,0.12180816,0.17286289,0.14892983,0.3753864
data/raf_db/test/6/test_2651_aligned.jpg,6,6,0.014652492,0.043991767,0.0059729624,0.04507508,0.14299382,0.031000108,0.7163138
data/raf_db/test/6/test_2652_aligned.jpg,6,6,0.012628753,0.022349766,0.009363713,0.15221672,0.049996674,0.090849705,0.66259474
data/raf_db/test/6/test_2653_aligned.jpg,6,6,0.0023944038,0.041242536,0.0006144797,0.008724133,0.014566424,0.0021926442,0.9302653
data/raf_db/test/6/test_2654_aligned.jpg,6,4,0.13050984,0.19171192,0.010853036,0.019160608,0.38427904,0.014652145,0.24883336
data/raf_db/test/6/test_2655_aligned.jpg,6,6,0.004300829,0.036362328,0.013042687,0.0399656,0.30314383,0.09204077,0.5111439
data/raf_db/test/6/test_2656_aligned.jpg,6,3,0.01472319,0.11199913,0.034446243,0.67746645,0.08318632,0.013500476,0.064678095
data/raf_db/test/6/test_2657_aligned.jpg,6,6,0.0034811704,0.017938826,0.0019156209,0.0014461934,0.20117672,0.020589398,0.7534521
data/raf_db/test/6/test_2658_aligned.jpg,6,4,0.03279035,0.16605611,0.03204812,0.06116583,0.5646617,0.0348268,0.10845108
data/raf_db/test/6/test_2659_aligned.jpg,6,6,0.007448651,0.1614074,0.012676274,0.0946715,0.2973273,0.014611235,0.4118576
data/raf_db/test/6/test_2660_aligned.jpg,6,4,0.026456133,0.051130246,0.09737846,0.31794706,0.32594237,0.12812616,0.0530196
data/raf_db/test/6/test_2661_aligned.jpg,6,4,0.007533307,0.10324575,0.019154249,0.002553298,0.491466,0.07756762,0.29847986
data/raf_db/test/6/test_2662_aligned.jpg,6,6,0.0002024914,0.003118104,0.00027684763,0.00093320804,0.014237481,0.004373525,0.9768584
data/raf_db/test/6/test_2663_aligned.jpg,6,6,0.0039517893,0.027628366,0.003704343,0.033312466,0.3988332,0.0063866167,0.5261831
data/raf_db/test/6/test_2664_aligned.jpg,6,6,0.0032234895,0.030530332,0.0037868745,0.008052229,0.062416565,0.023199106,0.86879146
data/raf_db/test/6/test_2665_aligned.jpg,6,6,0.01006736,0.014135209,0.009384008,0.014273273,0.05388545,0.20480424,0.69345045
data/raf_db/test/6/test_2666_aligned.jpg,6,6,0.012100534,0.071014,0.014354918,0.25584266,0.21885626,0.018498698,0.40933293
data/raf_db/test/6/test_2667_aligned.jpg,6,3,0.044937417,0.11863602,0.037677728,0.5756014,0.015742494,0.03827209,0.1691328
data/raf_db/test/6/test_2668_aligned.jpg,6,1,0.14144173,0.29201573,0.08544121,0.09475263,0.1976879,0.09180011,0.09686071
data/raf_db/test/6/test_2669_aligned.jpg,6,6,0.012754259,0.10451467,0.009348406,0.09656333,0.015011267,0.049264356,0.71254367
data/raf_db/test/6/test_2670_aligned.jpg,6,6,0.006110857,0.054216202,0.02680928,0.37296453,0.008961542,0.11299903,0.41793853
data/raf_db/test/6/test_2671_aligned.jpg,6,6,0.047364455,0.11668123,0.0049864124,0.044333782,0.043226443,0.014701939,0.72870576
data/raf_db/test/6/test_2672_aligned.jpg,6,4,0.0010769762,0.014632168,0.0024966467,0.0060990048,0.91216356,0.0006458641,0.06288577
data/raf_db/test/6/test_2673_aligned.jpg,6,6,0.015108198,0.21958813,0.03450915,0.22780281,0.062735334,0.04515397,0.39510244
data/raf_db/test/6/test_2674_aligned.jpg,6,6,0.012849035,0.05182394,0.024294263,0.0067642187,0.2816375,0.16358995,0.4590411
data/raf_db/test/6/test_2675_aligned.jpg,6,6,0.0011100336,0.023292456,0.00026114838,0.0012201982,0.022096913,0.0013408492,0.95067847
data/raf_db/test/6/test_2676_aligned.jpg,6,6,0.00887242,0.009711536,0.016269393,0.2811024,0.02566173,0.2577702,0.40061235
data/raf_db/test/6/test_2677_aligned.jpg,6,6,0.03720572,0.05634127,0.0049242936,0.007790305,0.032966748,0.19137771,0.6693939
data/raf_db/test/6/test_2678_aligned.jpg,6,6,0.005553348,0.028366592,0.0005161314,0.004502261,0.01795651,0.00436623,0.93873894
data/raf_db/test/6/test_2679_aligned.jpg,6,6,0.00205335,0.020836312,0.0012115708,0.006442209,0.026301894,0.005767854,0.9373868
data/raf_db/test/6/test_2680_aligned.jpg,6,5,0.033270203,0.18994139,0.065136656,0.056867164,0.011196999,0.3834612,0.26012632
data/raf_db/test/6/test_2681_aligned.jpg,6,3,0.037519492,0.17330796,0.03671651,0.4042203,0.015808007,0.103355624,0.22907205
data/raf_db/test/6/test_2682_aligned.jpg,6,6,0.024442095,0.060194485,0.024304809,0.20567618,0.08275343,0.06319808,0.539431
data/raf_db/test/6/test_2683_aligned.jpg,6,6,0.025003461,0.06802393,0.0069396812,0.05936592,0.08731911,0.025104621,0.7282433
data/raf_db/test/6/test_2684_aligned.jpg,6,5,0.040980775,0.07322941,0.044934224,0.19228642,0.014811331,0.38614956,0.24760827
data/raf_db/test/6/test_2685_aligned.jpg,6,3,0.021362929,0.0500677,0.031882405,0.441471,0.22237507,0.025700156,0.20714065
data/raf_db/test/6/test_2686_aligned.jpg,6,3,0.059333917,0.024089841,0.011473834,0.31382376,0.2866262,0.021872146,0.28278038
data/raf_db/test/6/test_2687_aligned.jpg,6,6,0.12664919,0.018200058,0.04689381,0.18611124,0.11700525,0.20546874,0.29967174
data/raf_db/test/6/test_2688_aligned.jpg,6,1,0.16611627,0.4442682,0.01343955,0.19272447,0.133318,0.004468097,0.045665488
data/raf_db/test/6/test_2689_aligned.jpg,6,5,0.023708362,0.04984651,0.05667018,0.13224971,0.030221948,0.36891717,0.33838615
data/raf_db/test/6/test_2690_aligned.jpg,6,6,0.0020549747,0.010012286,0.002323137,0.013656381,0.18222833,0.009890681,0.7798343
data/raf_db/test/6/test_2691_aligned.jpg,6,4,0.008051412,0.043563195,0.01870537,0.17938198,0.5516012,0.029827103,0.16886972
data/raf_db/test/6/test_2692_aligned.jpg,6,4,0.07965508,0.24824189,0.015560404,0.06737452,0.5327399,0.01666914,0.039759185
data/raf_db/test/6/test_2693_aligned.jpg,6,3,0.15284996,0.21030305,0.010632349,0.29642898,0.015811762,0.037858095,0.27611578
data/raf_db/test/6/test_2694_aligned.jpg,6,6,0.009422213,0.050264455,0.006538909,0.04791889,0.041299734,0.026515588,0.81804013
data/raf_db/test/6/test_2695_aligned.jpg,6,4,0.0033086042,0.041803792,0.008185689,0.0156488,0.80360913,0.010108506,0.11733553
data/raf_db/test/6/test_2696_aligned.jpg,6,3,0.008749669,0.07372131,0.017678592,0.5094782,0.040152695,0.03020531,0.32001415
data/raf_db/test/6/test_2697_aligned.jpg,6,6,0.010702892,0.18251202,0.072818816,0.12811399,0.076039724,0.2276001,0.30221245
data/raf_db/test/6/test_2698_aligned.jpg,6,3,0.06862586,0.074579075,0.016652774,0.48692083,0.029780304,0.03228771,0.2911534
data/raf_db/test/6/test_2699_aligned.jpg,6,6,0.0084923105,0.050023627,0.009308318,0.014321075,0.10558435,0.048561532,0.7637087
data/raf_db/test/6/test_2700_aligned.jpg,6,6,0.066531196,0.20613268,0.0519624,0.20877953,0.13084233,0.025273934,0.31047797
data/raf_db/test/6/test_2701_aligned.jpg,6,6,0.0052329395,0.04862231,0.009283258,0.020124136,0.060888648,0.05643543,0.79941326
data/raf_db/test/6/test_2702_aligned.jpg,6,6,0.052295268,0.23915283,0.055142976,0.045342296,0.22337246,0.11146408,0.27323014
data/raf_db/test/6/test_2703_aligned.jpg,6,6,0.015410337,0.050251704,0.008550145,0.028969811,0.12692408,0.036259953,0.733634
data/raf_db/test/6/test_2704_aligned.jpg,6,6,0.016642297,0.14257236,0.001739693,0.008119437,0.070608854,0.0042406297,0.75607675
data/raf_db/test/6/test_2705_aligned.jpg,6,5,0.010284156,0.042086665,0.027696475,0.0424036,0.046145324,0.4269096,0.40447423
data/raf_db/test/6/test_2706_aligned.jpg,6,6,0.0020555519,0.026425738,0.0033654305,0.012742355,0.095117174,0.009771564,0.8505222
data/raf_db/test/6/test_2707_aligned.jpg,6,6,0.0013786501,0.0072074393,0.00088705367,0.0036940046,0.041730303,0.005577493,0.939525
data/raf_db/test/6/test_2708_aligned.jpg,6,5,0.03223079,0.06760266,0.12828319,0.034446582,0.0744526,0.56267035,0.1003138
data/raf_db/test/6/test_2709_aligned.jpg,6,6,0.0013904948,0.008605584,0.002155423,0.013560876,0.03129244,0.015362303,0.92763287
data/raf_db/test/6/test_2710_aligned.jpg,6,4,0.008368597,0.030920716,0.0149795925,0.0061979024,0.8643155,0.024623767,0.050593987
data/raf_db/test/6/test_2711_aligned.jpg,6,5,0.023331821,0.056618843,0.03581521,0.10884111,0.056144178,0.40999585,0.30925292
data/raf_db/test/6/test_2712_aligned.jpg,6,4,0.006354666,0.017479135,0.057990216,0.016169002,0.8206361,0.016520582,0.06485027
data/raf_db/test/6/test_2713_aligned.jpg,6,4,0.025511434,0.17191598,0.034537286,0.017358156,0.54464877,0.09983561,0.106192805
data/raf_db/test/6/test_2714_aligned.jpg,6,4,0.014590406,0.12000234,0.038325347,0.19043398,0.43226737,0.027483568,0.17689703
data/raf_db/test/6/test_2715_aligned.jpg,6,6,0.003128683,0.022369202,0.0023354066,0.036138456,0.011130928,0.014591755,0.9103055
data/raf_db/test/6/test_2716_aligned.jpg,6,6,0.015693577,0.034359157,0.00637232,0.011267229,0.2522925,0.052151546,0.62786376
data/raf_db/test/6/test_2717_aligned.jpg,6,6,0.026543915,0.030950025,0.012730736,0.08192838,0.15093508,0.06733079,0.62958103
data/raf_db/test/6/test_2718_aligned.jpg,6,3,0.006874092,0.03918418,0.038843844,0.72186935,0.03256219,0.06903535,0.09163094
data/raf_db/test/6/test_2719_aligned.jpg,6,3,0.007635816,0.0318657,0.041494295,0.67649585,0.02158353,0.12324297,0.097681865
data/raf_db/test/6/test_2720_aligned.jpg,6,6,0.046284966,0.2799708,0.018623909,0.108013205,0.10718299,0.031973254,0.4079508
data/raf_db/test/6/test_2721_aligned.jpg,6,5,0.02008514,0.030631315,0.04170838,0.24625473,0.11149884,0.35565716,0.19416451
data/raf_db/test/6/test_2722_aligned.jpg,6,6,0.0017231292,0.0056465645,0.00024619926,0.0064591006,0.010209791,0.002342584,0.97337264
data/raf_db/test/6/test_2723_aligned.jpg,6,6,0.024479814,0.14523017,0.04889156,0.16012663,0.15051298,0.08471404,0.38604486
data/raf_db/test/6/test_2724_aligned.jpg,6,6,0.006445668,0.06577357,0.006304554,0.0039008071,0.2156591,0.07105527,0.63086104
data/raf_db/test/6/test_2725_aligned.jpg,6,6,0.014912492,0.11229048,0.0018578155,0.006639875,0.0403298,0.015279359,0.8086902
data/raf_db/test/6/test_2726_aligned.jpg,6,3,0.010732921,0.1995599,0.01082328,0.36671022,0.053479522,0.0039728326,0.35472134
data/raf_db/test/6/test_2727_aligned.jpg,6,6,0.008304353,0.072438955,0.025503308,0.17198807,0.038997237,0.13356236,0.5492057
data/raf_db/test/6/test_2728_aligned.jpg,6,5,0.03602474,0.045845516,0.04751045,0.036635965,0.00482454,0.7502137,0.07894515
data/raf_db/test/6/test_2729_aligned.jpg,6,4,0.012455437,0.05112703,0.015076468,0.050808888,0.5286809,0.026281236,0.31556988
data/raf_db/test/6/test_2730_aligned.jpg,6,6,0.033519495,0.09034823,0.123827584,0.09076477,0.1448828,0.14264539,0.37401173
data/raf_db/test/6/test_2731_aligned.jpg,6,6,0.034985133,0.1553843,0.19644588,0.055836175,0.14892429,0.19899009,0.20943417
data/raf_db/test/6/test_2732_aligned.jpg,6,6,0.023684356,0.20730807,0.019532043,0.05894684,0.070377365,0.080214985,0.5399363
data/raf_db/test/6/test_2733_aligned.jpg,6,6,0.06377878,0.18669786,0.004096751,0.030389747,0.036719456,0.01044275,0.6678747
data/raf_db/test/6/test_2734_aligned.jpg,6,4,0.011111092,0.08772716,0.019387929,0.0047902893,0.63528633,0.040312313,0.20138486
data/raf_db/test/6/test_2735_aligned.jpg,6,6,0.012747887,0.105260916,0.0052223033,0.00833632,0.106139496,0.018322797,0.7439703
data/raf_db/test/6/test_2736_aligned.jpg,6,3,0.028916257,0.07287957,0.039861936,0.6068948,0.02559478,0.082883164,0.1429695
data/raf_db/test/6/test_2737_aligned.jpg,6,4,0.017087292,0.16797872,0.048940513,0.12988386,0.3241986,0.043612584,0.26829836
data/raf_db/test/6/test_2738_aligned.jpg,6,3,0.013377391,0.023575373,0.004677363,0.66194177,0.009605246,0.013239444,0.27358338
data/raf_db/test/6/test_2739_aligned.jpg,6,6,0.009098243,0.1296445,0.043151766,0.050792597,0.2713427,0.08338977,0.4125804
data/raf_db/test/6/test_2740_aligned.jpg,6,6,0.08165933,0.17684452,0.016971797,0.29954764,0.008261676,0.056312393,0.36040258
data/raf_db/test/6/test_2741_aligned.jpg,6,6,0.026434602,0.11421299,0.0072741737,0.04697785,0.06444608,0.029794434,0.7108599
data/raf_db/test/6/test_2742_aligned.jpg,6,6,0.0042703464,0.040701985,0.004219501,0.009495162,0.05061978,0.037434336,0.85325885
data/raf_db/test/6/test_2743_aligned.jpg,6,1,0.07405774,0.5886086,0.026428413,0.108676895,0.0895958,0.028518498,0.084113985
data/raf_db/test/6/test_2744_aligned.jpg,6,6,0.001670013,0.007983082,0.0006177529,0.00985609,0.017040925,0.0066816574,0.9561504
data/raf_db/test/6/test_2745_aligned.jpg,6,3,0.007222929,0.047382984,0.0048507275,0.44831362,0.064991176,0.0059660105,0.4212725
data/raf_db/test/6/test_2746_aligned.jpg,6,6,0.024330007,0.16072582,0.020048482,0.06347987,0.06856404,0.0573459,0.6055059
data/raf_db/test/6/test_2747_aligned.jpg,6,3,0.046588894,0.29860476,0.02876542,0.3175341,0.025971489,0.05228027,0.2302551
data/raf_db/test/6/test_2748_aligned.jpg,6,6,0.0020374218,0.016596537,0.0019156542,0.027762232,0.1291348,0.0046348465,0.8179185
data/raf_db/test/6/test_2749_aligned.jpg,6,4,0.0040176166,0.024807055,0.0066566123,0.0019566857,0.80673397,0.010607241,0.14522077
data/raf_db/test/6/test_2750_aligned.jpg,6,6,0.0013767382,0.019102627,0.0034644315,0.009330351,0.45072433,0.0048244502,0.511177
data/raf_db/test/6/test_2751_aligned.jpg,6,6,0.0065571596,0.07797111,0.0040009827,0.003917336,0.2539326,0.013007648,0.64061314
data/raf_db/test/6/test_2752_aligned.jpg,6,3,0.018765882,0.020719346,0.005920878,0.6017931,0.043154687,0.014878267,0.2947678
data/raf_db/test/6/test_2753_aligned.jpg,6,3,0.06223782,0.07507166,0.035966724,0.70961213,0.0913962,0.011896632,0.013818817
data/raf_db/test/6/test_2754_aligned.jpg,6,5,0.036981244,0.20184615,0.10382767,0.09288736,0.03383168,0.35335252,0.17727333
data/raf_db/test/6/test_2755_aligned.jpg,6,6,0.013597183,0.07379865,0.00526108,0.043477427,0.09834013,0.01972274,0.7458028
data/raf_db/test/6/test_2756_aligned.jpg,6,6,0.017345365,0.031128282,0.063107595,0.079419196,0.21919325,0.2517169,0.33808947
data/raf_db/test/6/test_2757_aligned.jpg,6,4,0.0043827062,0.02508934,0.035590913,0.005440189,0.5413412,0.063907765,0.32424793
data/raf_db/test/6/test_2758_aligned.jpg,6,6,0.0033979602,0.031319793,0.003751382,0.009748614,0.035195984,0.035217278,0.8813689
data/raf_db/test/6/test_2759_aligned.jpg,6,4,0.0041151117,0.047051355,0.03043747,0.00719671,0.46329325,0.049548518,0.39835757
data/raf_db/test/6/test_2760_aligned.jpg,6,6,0.0068130307,0.031810958,0.003255963,0.47246447,0.005796527,0.0060459953,0.47381306
data/raf_db/test/6/test_2761_aligned.jpg,6,3,0.0043359115,0.01609012,0.0040675174,0.86824155,0.002383951,0.0069671483,0.0979137
data/raf_db/test/6/test_2762_aligned.jpg,6,3,0.024289472,0.08161907,0.04887392,0.7456081,0.03653554,0.02462308,0.038450744
data/raf_db/test/6/test_2763_aligned.jpg,6,6,0.008023464,0.01325629,0.0074790907,0.08607832,0.19800957,0.028299289,0.65885395
data/raf_db/test/6/test_2764_aligned.jpg,6,6,0.0019819424,0.016583772,0.022712829,0.047531523,0.088190526,0.28467536,0.5383241
data/raf_db/test/6/test_2765_aligned.jpg,6,4,0.010577962,0.032525416,0.006731798,0.02561767,0.86499023,0.0034574457,0.056099467
data/raf_db/test/6/test_2766_aligned.jpg,6,4,0.011068162,0.032989543,0.0065165847,0.026998555,0.8610929,0.0033134734,0.058020815
data/raf_db/test/6/test_2767_aligned.jpg,6,6,0.017386789,0.19309694,0.005489712,0.035068616,0.13631187,0.0056656813,0.6069804
data/raf_db/test/6/test_2768_aligned.jpg,6,6,0.0023048685,0.032631353,0.0035107343,0.0020299794,0.10338983,0.02868201,0.82745117
data/raf_db/test/6/test_2769_aligned.jpg,6,1,0.12813324,0.47435278,0.029734131,0.016515963,0.20336097,0.041101903,0.10680095
data/raf_db/test/6/test_2770_aligned.jpg,6,1,0.022292383,0.399831,0.0146419285,0.13168669,0.08369719,0.014201339,0.33364946
data/raf_db/test/6/test_2771_aligned.jpg,6,6,0.0026590836,0.031280253,0.0034045263,0.3010549,0.00816555,0.009697639,0.64373803
data/raf_db/test/6/test_2772_aligned.jpg,6,4,0.019019907,0.048295815,0.14955303,0.009387225,0.41733852,0.33084047,0.025564972
data/raf_db/test/6/test_2773_aligned.jpg,6,6,0.025220543,0.13907537,0.030341377,0.07919077,0.019180883,0.18756583,0.5194252
data/raf_db/test/6/test_2774_aligned.jpg,6,6,0.0004913349,0.011449582,0.0010619652,0.011496997,0.33162674,0.0017722715,0.64210105
data/raf_db/test/6/test_2775_aligned.jpg,6,4,0.006990574,0.085983455,0.060698967,0.010306152,0.6785665,0.032926135,0.12452827
data/raf_db/test/6/test_2776_aligned.jpg,6,6,0.00847859,0.06835975,0.015230625,0.049691886,0.11392831,0.012606442,0.73170435
data/raf_db/test/6/test_2777_aligned.jpg,6,6,0.003059146,0.015358623,0.010814867,0.019780539,0.04031641,0.23223321,0.6784372
data/raf_db/test/6/test_2778_aligned.jpg,6,6,0.0099989185,0.02624769,0.013888738,0.020929512,0.20374255,0.09239566,0.63279694
data/raf_db/test/6/test_2779_aligned.jpg,6,4,0.016071305,0.13670523,0.09660263,0.060163938,0.5048679,0.078088276,0.10750068
data/raf_db/test/6/test_2780_aligned.jpg,6,4,0.004816121,0.06566251,0.006966536,0.04413201,0.6570448,0.0050720945,0.21630596
data/raf_db/test/6/test_2781_aligned.jpg,6,1,0.056106202,0.40725663,0.01309908,0.035355933,0.059433986,0.034781095,0.393967
data/raf_db/test/6/test_2782_aligned.jpg,6,5,0.008059838,0.026628254,0.0422369,0.18331379,0.13493069,0.3776018,0.22722876
data/raf_db/test/6/test_2783_aligned.jpg,6,6,0.02351331,0.08101412,0.0111754695,0.13202865,0.12689812,0.01862343,0.60674685
data/raf_db/test/6/test_2784_aligned.jpg,6,1,0.07719992,0.36707127,0.034574516,0.08061353,0.030859,0.094579026,0.31510273
data/raf_db/test/6/test_2785_aligned.jpg,6,6,0.007385727,0.041383676,0.0026610103,0.05334453,0.01111986,0.01916431,0.864941
data/raf_db/test/6/test_2786_aligned.jpg,6,3,0.02027636,0.084496506,0.008785581,0.57632256,0.026029237,0.009966102,0.27412364
data/raf_db/test/6/test_2787_aligned.jpg,6,6,0.10490801,0.19641548,0.017831989,0.057118565,0.025276912,0.10083197,0.4976171
data/raf_db/test/6/test_2788_aligned.jpg,6,6,0.0011237242,0.01709701,0.0010585102,0.0077899215,0.089508824,0.0023746218,0.8810473
data/raf_db/test/6/test_2789_aligned.jpg,6,6,0.050357867,0.17267205,0.019953677,0.036029264,0.18347034,0.037657883,0.4998589
data/raf_db/test/6/test_2790_aligned.jpg,6,4,0.0043251314,0.02941839,0.013564409,0.0007198632,0.4556871,0.041607685,0.4546775
data/raf_db/test/6/test_2791_aligned.jpg,6,6,0.0037203091,0.073961675,0.012412268,0.020352302,0.3116695,0.017272102,0.56061184
data/raf_db/test/6/test_2792_aligned.jpg,6,4,0.090111285,0.16923515,0.05285026,0.18806043,0.24956045,0.14561194,0.10457056
data/raf_db/test/6/test_2793_aligned.jpg,6,6,0.0152243,0.092599936,0.003350426,0.05276759,0.019759184,0.013053574,0.803245
data/raf_db/test/6/test_2794_aligned.jpg,6,6,0.01206897,0.011229136,0.0063498975,0.097069114,0.063507274,0.043455392,0.76632017
data/raf_db/test/6/test_2795_aligned.jpg,6,4,0.06906627,0.046333674,0.050593436,0.121250406,0.24983512,0.24102862,0.2218925
data/raf_db/test/6/test_2796_aligned.jpg,6,6,0.0068734456,0.19642295,0.011803004,0.0030748527,0.25602198,0.029943673,0.4958601
data/raf_db/test/6/test_2797_aligned.jpg,6,5,0.009428175,0.041589182,0.08909891,0.03255178,0.119624816,0.61123395,0.09647313
data/raf_db/test/6/test_2798_aligned.jpg,6,3,0.023228377,0.13119759,0.018647403,0.48317578,0.2603131,0.004390978,0.07904683
data/raf_db/test/6/test_2799_aligned.jpg,6,6,0.0007361465,0.017441243,0.0019939616,0.0009600823,0.29904214,0.021320878,0.6585055
data/raf_db/test/6/test_2800_aligned.jpg,6,6,0.00208751,0.021868562,0.0017374057,0.013675395,0.016024044,0.010575763,0.9340313
data/raf_db/test/6/test_2801_aligned.jpg,6,6,0.012191801,0.03520629,0.0063497303,0.01807523,0.22437842,0.042487107,0.6613114
data/raf_db/test/6/test_2802_aligned.jpg,6,6,0.00052632473,0.011502074,0.0010740637,0.011404301,0.06021227,0.004867334,0.9104137
data/raf_db/test/6/test_2803_aligned.jpg,6,1,0.08487607,0.47387546,0.027329776,0.08730495,0.134003,0.015549171,0.17706162
data/raf_db/test/6/test_2804_aligned.jpg,6,4,0.008097802,0.32050663,0.004194366,0.0012329507,0.35903078,0.005960486,0.30097693
data/raf_db/test/6/test_2805_aligned.jpg,6,4,0.01783127,0.049017232,0.019298695,0.029374767,0.5248614,0.016198536,0.3434182
data/raf_db/test/6/test_2806_aligned.jpg,6,4,0.024950279,0.1178373,0.015079178,0.02104669,0.4038462,0.046520364,0.37071997
data/raf_db/test/6/test_2807_aligned.jpg,6,3,0.053198498,0.14379992,0.023477728,0.356717,0.05642171,0.027294986,0.33909017
data/raf_db/test/6/test_2808_aligned.jpg,6,6,0.029672546,0.15192878,0.015828693,0.26481616,0.08470203,0.024598066,0.4284537
data/raf_db/test/6/test_2809_aligned.jpg,6,6,0.013806699,0.058415137,0.015441375,0.04976079,0.01694997,0.1890368,0.65658927
data/raf_db/test/6/test_2810_aligned.jpg,6,6,0.013806699,0.058415137,0.015441375,0.04976079,0.01694997,0.1890368,0.65658927
data/raf_db/test/6/test_2811_aligned.jpg,6,6,0.0010491407,0.0066861366,0.0011265125,0.01534532,0.0864142,0.0039419886,0.88543683
data/raf_db/test/6/test_2812_aligned.jpg,6,6,0.0035334053,0.040829103,0.0013389773,0.031714257,0.008786534,0.0071396083,0.9066582
data/raf_db/test/6/test_2813_aligned.jpg,6,6,0.02882803,0.2743236,0.011986828,0.080216944,0.022321483,0.0334643,0.5488588
data/raf_db/test/6/test_2814_aligned.jpg,6,6,0.0022638529,0.015245799,0.007062484,0.0036300924,0.23803787,0.020829333,0.7129306
data/raf_db/test/6/test_2815_aligned.jpg,6,4,0.013335085,0.09184821,0.026997263,0.012870282,0.6244926,0.049104117,0.1813524
data/raf_db/test/6/test_2816_aligned.jpg,6,5,0.043847542,0.03730399,0.045425504,0.014813428,0.09061112,0.5145454,0.25345302
data/raf_db/test/6/test_2817_aligned.jpg,6,6,0.006244396,0.053338636,0.011335578,0.030900616,0.16031694,0.041436568,0.69642735
data/raf_db/test/6/test_2818_aligned.jpg,6,3,0.016039351,0.036741465,0.058245093,0.54903644,0.2175544,0.044809658,0.07757353
data/raf_db/test/6/test_2819_aligned.jpg,6,6,0.0061301487,0.11587452,0.0043052793,0.009366689,0.01815142,0.022678804,0.8234931
data/raf_db/test/6/test_2820_aligned.jpg,6,6,0.012024946,0.061750364,0.028682286,0.068293035,0.01135253,0.2537249,0.56417197
data/raf_db/test/6/test_2821_aligned.jpg,6,1,0.07269748,0.34012496,0.06805636,0.21409118,0.057018504,0.09396502,0.15404655
data/raf_db/test/6/test_2822_aligned.jpg,6,1,0.06404637,0.6340503,0.014790529,0.0205628,0.08409504,0.03376625,0.14868866
data/raf_db/test/6/test_2823_aligned.jpg,6,6,0.023435574,0.064235695,0.009079769,0.11008087,0.22192271,0.011236871,0.5600086
data/raf_db/test/6/test_2824_aligned.jpg,6,6,0.0034856435,0.00795617,0.00060321536,0.0061976626,0.02386159,0.009026825,0.9488689
data/raf_db/test/6/test_2825_aligned.jpg,6,6,0.018067485,0.07665012,0.007832511,0.09514333,0.08576714,0.03073182,0.6858076
data/raf_db/test/6/test_2826_aligned.jpg,6,6,0.06615542,0.052042115,0.20901607,0.11882056,0.11355167,0.19067706,0.24973713
data/raf_db/test/6/test_2827_aligned.jpg,6,6,0.0066278446,0.021510312,0.0029438762,0.0030509057,0.47069937,0.005014656,0.49015313
data/raf_db/test/6/test_2828_aligned.jpg,6,6,0.06949606,0.036198296,0.0182575,0.23566821,0.036383573,0.06777418,0.5362221
data/raf_db/test/6/test_2829_aligned.jpg,6,6,0.0014189536,0.005599456,0.0012828856,0.021661017,0.07281385,0.007693487,0.8895303
data/raf_db/test/6/test_2830_aligned.jpg,6,4,0.007440687,0.04400002,0.004148188,0.0010978221,0.86238396,0.0043605384,0.07656882
data/raf_db/test/6/test_2831_aligned.jpg,6,6,0.034944475,0.05428804,0.014007443,0.08806633,0.03998122,0.09410525,0.6746072
data/raf_db/test/6/test_2832_aligned.jpg,6,4,0.007407858,0.03975455,0.009129518,0.06106165,0.46552682,0.015784707,0.40133494
data/raf_db/test/6/test_2833_aligned.jpg,6,6,0.0061859465,0.023281028,0.0011570071,0.020171894,0.02315038,0.013184344,0.91286933
data/raf_db/test/6/test_2834_aligned.jpg,6,6,0.0009720495,0.009524597,0.0006927289,0.0032378084,0.017423436,0.0070089856,0.96114045
data/raf_db/test/6/test_2835_aligned.jpg,6,3,0.02543777,0.026348393,0.013267928,0.7595222,0.037989385,0.016387848,0.12104662
data/raf_db/test/6/test_2836_aligned.jpg,6,6,0.0060881684,0.048152383,0.0069727143,0.13399446,0.017395342,0.026833683,0.76056325
data/raf_db/test/6/test_2837_aligned.jpg,6,3,0.02419479,0.11448947,0.045044407,0.56459236,0.07822364,0.056300353,0.117155015
data/raf_db/test/6/test_2838_aligned.jpg,6,6,0.0073931254,0.04572589,0.004064827,0.23429899,0.02118131,0.010921968,0.67641383
data/raf_db/test/6/test_2839_aligned.jpg,6,4,0.012587818,0.23662484,0.009689233,0.020129113,0.5003402,0.006003507,0.21462521
data/raf_db/test/6/test_2840_aligned.jpg,6,6,0.007769764,0.023971174,0.0036727504,0.030633098,0.07600038,0.025873639,0.8320793
data/raf_db/test/6/test_2841_aligned.jpg,6,6,0.0093850875,0.07212222,0.0027244592,0.021171583,0.011257273,0.02618809,0.8571514
data/raf_db/test/6/test_2842_aligned.jpg,6,6,0.039320417,0.11673572,0.012206588,0.20219521,0.08351167,0.024022901,0.52200747
data/raf_db/test/6/test_2843_aligned.jpg,6,6,0.0016004738,0.0041585667,0.00065998995,0.016730646,0.057041734,0.0057708644,0.9140379
data/raf_db/test/6/test_2844_aligned.jpg,6,6,0.0032937492,0.030338947,0.01198361,0.011570745,0.23817061,0.04446904,0.66017336
data/raf_db/test/6/test_2845_aligned.jpg,6,6,0.029449567,0.34988815,0.006167222,0.12357719,0.062193833,0.0046651117,0.42405882
data/raf_db/test/6/test_2846_aligned.jpg,6,6,0.005305123,0.02673044,0.006599078,0.010044884,0.048759002,0.053404626,0.8491569
data/raf_db/test/6/test_2847_aligned.jpg,6,6,0.003116427,0.016622089,0.0051573315,0.017495273,0.26412714,0.02267162,0.6708101
data/raf_db/test/6/test_2848_aligned.jpg,6,6,0.0041758404,0.015915288,0.0019441476,0.037424624,0.026363805,0.008980397,0.90519583
data/raf_db/test/6/test_2849_aligned.jpg,6,6,0.0036308032,0.04317158,0.0024406463,0.011650442,0.03761648,0.015273816,0.8862162
data/raf_db/test/6/test_2850_aligned.jpg,6,6,0.06087612,0.21206161,0.017393311,0.19078171,0.059866495,0.032858603,0.42616215
data/raf_db/test/6/test_2851_aligned.jpg,6,6,0.004873229,0.041587085,0.0032754573,0.0023549355,0.07662086,0.023655953,0.8476325
data/raf_db/test/6/test_2852_aligned.jpg,6,3,0.05925349,0.0950017,0.065168306,0.5386292,0.03840463,0.08485638,0.11868633
data/raf_db/test/6/test_2853_aligned.jpg,6,3,0.014614083,0.025060413,0.051161066,0.52454954,0.021645337,0.26389003,0.09907954
data/raf_db/test/6/test_2854_aligned.jpg,6,6,0.024589943,0.043583643,0.0134334145,0.08156532,0.17345743,0.11142665,0.5519436
data/raf_db/test/6/test_2855_aligned.jpg,6,6,0.008289184,0.039239444,0.019860463,0.06399394,0.1384755,0.12726788,0.6028736
data/raf_db/test/6/test_2856_aligned.jpg,6,5,0.025125215,0.050073188,0.05639989,0.039531466,0.039860077,0.58713615,0.20187403
data/raf_db/test/6/test_2857_aligned.jpg,6,1,0.07154457,0.3994277,0.024658618,0.2974205,0.019990556,0.028124189,0.15883385
data/raf_db/test/6/test_2858_aligned.jpg,6,4,0.006366561,0.09054802,0.03072775,0.094832815,0.49802437,0.03711568,0.24238475
data/raf_db/test/6/test_2859_aligned.jpg,6,6,0.045038093,0.30496383,0.016668173,0.03598071,0.14266,0.010317904,0.44437122
data/raf_db/test/6/test_2860_aligned.jpg,6,6,0.0059495345,0.019456679,0.008311615,0.027756086,0.34750894,0.013959756,0.5770574
data/raf_db/test/6/test_2861_aligned.jpg,6,6,0.00054052914,0.010610955,0.00063152384,0.0013194614,0.11350705,0.004393105,0.8689974
data/raf_db/test/6/test_2862_aligned.jpg,6,6,0.00127694,0.029275266,0.00034265395,0.0017684473,0.034468018,0.0016833055,0.9311854
data/raf_db/test/6/test_2863_aligned.jpg,6,6,0.0011886504,0.051826924,0.0048954366,0.0029613196,0.20720531,0.013230354,0.71869206
data/raf_db/test/6/test_2864_aligned.jpg,6,6,0.01693064,0.09682607,0.016030824,0.086836435,0.08472432,0.09557199,0.6030797
data/raf_db/test/6/test_2865_aligned.jpg,6,6,0.030228158,0.040919997,0.014921454,0.15903342,0.012785005,0.13488445,0.6072275
data/raf_db/test/6/test_2866_aligned.jpg,6,6,0.04150166,0.24114732,0.017457489,0.034511194,0.08931695,0.057248466,0.5188169
data/raf_db/test/6/test_2867_aligned.jpg,6,4,0.0035605375,0.024385627,0.009000526,0.0035128142,0.7185888,0.0043648714,0.23658676
data/raf_db/test/6/test_2868_aligned.jpg,6,3,0.041242085,0.06058095,0.025451273,0.696043,0.011449612,0.0637413,0.10149174
data/raf_db/test/6/test_2869_aligned.jpg,6,1,0.2950698,0.5398955,0.012014227,0.08084598,0.022554914,0.011736998,0.037882652
data/raf_db/test/6/test_2870_aligned.jpg,6,6,0.02145966,0.04072112,0.012914366,0.19681123,0.02786192,0.078695364,0.62153643
data/raf_db/test/6/test_2871_aligned.jpg,6,6,0.0016980676,0.02744232,0.0021457756,0.008894476,0.042679135,0.0079640085,0.9091763
data/raf_db/test/6/test_2872_aligned.jpg,6,6,0.0025442115,0.009256974,0.0018240148,0.02596108,0.024293648,0.013580423,0.92253965
data/raf_db/test/6/test_2873_aligned.jpg,6,6,0.0032937338,0.03980605,0.0027483853,0.023312489,0.078532554,0.0049961656,0.8473106
data/raf_db/test/6/test_2874_aligned.jpg,6,6,0.024962155,0.10562357,0.05182724,0.19601353,0.095820054,0.24035795,0.28539544
data/raf_db/test/6/test_2875_aligned.jpg,6,4,0.1179924,0.21544704,0.0152111305,0.038082894,0.5365153,0.010463946,0.066287294
data/raf_db/test/6/test_2876_aligned.jpg,6,4,0.07780126,0.05614768,0.06199241,0.23204122,0.26507637,0.1578349,0.14910613
data/raf_db/test/6/test_2877_aligned.jpg,6,1,0.20537382,0.29792172,0.06711262,0.073676735,0.24214847,0.07648244,0.037284143
data/raf_db/test/6/test_2878_aligned.jpg,6,6,0.027035546,0.14456663,0.020143805,0.095804065,0.09677243,0.034554925,0.58112264
data/raf_db/test/6/test_2879_aligned.jpg,6,6,0.05764358,0.055892035,0.04238975,0.26645663,0.18076195,0.10061746,0.29623863
data/raf_db/test/6/test_2880_aligned.jpg,6,4,0.037870143,0.18051592,0.033443682,0.026151527,0.36791584,0.113864146,0.2402387
data/raf_db/test/6/test_2881_aligned.jpg,6,6,0.012238416,0.060327727,0.017248904,0.120100275,0.10131379,0.03414395,0.65462685
data/raf_db/test/6/test_2882_aligned.jpg,6,6,0.009726822,0.042413436,0.07173211,0.014514918,0.34228572,0.033018745,0.4863083
data/raf_db/test/6/test_2883_aligned.jpg,6,1,0.078811444,0.42598197,0.013309652,0.09497491,0.29873994,0.008025048,0.08015705
data/raf_db/test/6/test_2884_aligned.jpg,6,4,0.0037019718,0.008900748,0.0056159557,0.06245033,0.8154617,0.019757718,0.08411152
data/raf_db/test/6/test_2885_aligned.jpg,6,1,0.056435954,0.44532886,0.01679496,0.12910795,0.04873525,0.023967076,0.27963
data/raf_db/test/6/test_2886_aligned.jpg,6,6,0.03615724,0.07422051,0.035446893,0.09840678,0.18812168,0.07824593,0.48940086
data/raf_db/test/6/test_2887_aligned.jpg,6,1,0.074821286,0.6203883,0.01089662,0.13595675,0.016564874,0.007818706,0.13355348
data/raf_db/test/6/test_2888_aligned.jpg,6,4,0.009218158,0.053357914,0.01716798,0.17492144,0.7305535,0.0032293869,0.011551537
data/raf_db/test/6/test_2889_aligned.jpg,6,6,0.011091354,0.114069805,0.035050355,0.036418345,0.23778717,0.01767798,0.54790497
data/raf_db/test/6/test_2890_aligned.jpg,6,4,0.019640215,0.11566825,0.011678597,0.027622206,0.5843783,0.021223012,0.21978943
data/raf_db/test/6/test_2891_aligned.jpg,6,6,0.004076924,0.025709836,0.0018875244,0.15770261,0.036364567,0.0044294563,0.7698291
data/raf_db/test/6/test_2892_aligned.jpg,6,3,0.10091905,0.12408666,0.038562074,0.60816807,0.04692996,0.019559434,0.061774734
data/raf_db/test/6/test_2893_aligned.jpg,6,6,0.010796825,0.042169362,0.0065751416,0.007295368,0.26001683,0.016218584,0.6569279
data/raf_db/test/6/test_2894_aligned.jpg,6,3,0.015921913,0.02525462,0.025773883,0.7440361,0.017942978,0.06394599,0.10712449
data/raf_db/test/6/test_2895_aligned.jpg,6,5,0.039264828,0.09367716,0.07607144,0.042458337,0.076027386,0.36311778,0.3093831
data/raf_db/test/6/test_2896_aligned.jpg,6,1,0.03829671,0.3294864,0.03090365,0.0862279,0.16655806,0.048551068,0.29997623
data/raf_db/test/6/test_2897_aligned.jpg,6,6,0.0022050592,0.010971472,0.002470676,0.0076819328,0.056011338,0.04903447,0.8716251
data/raf_db/test/6/test_2898_aligned.jpg,6,4,0.027009232,0.21451072,0.009050785,0.01242851,0.6283769,0.0059416075,0.10268221
data/raf_db/test/6/test_2899_aligned.jpg,6,6,0.027531179,0.19138442,0.005284014,0.01726583,0.028527407,0.020675838,0.70933133
data/raf_db/test/6/test_2900_aligned.jpg,6,6,0.040186834,0.09118687,0.061252672,0.03372864,0.30362108,0.07036794,0.3996559
data/raf_db/test/6/test_2901_aligned.jpg,6,3,0.10508893,0.31182566,0.03206356,0.31680492,0.188748,0.015813459,0.029655453
data/raf_db/test/6/test_2902_aligned.jpg,6,6,0.022984736,0.02557627,0.011249605,0.21428286,0.23025131,0.057687912,0.43796733
data/raf_db/test/6/test_2903_aligned.jpg,6,6,0.016880298,0.09295268,0.03339694,0.32635295,0.072992,0.054599904,0.40282515
data/raf_db/test/6/test_2904_aligned.jpg,6,4,0.0037554193,0.057195887,0.0017258312,0.006687379,0.70017797,0.002249888,0.22820766
data/raf_db/test/6/test_2905_aligned.jpg,6,6,0.059511006,0.102606796,0.028756285,0.20843187,0.037060164,0.09261394,0.47101995
data/raf_db/test/6/test_2906_aligned.jpg,6,6,0.0053967824,0.04461598,0.004286361,0.011291086,0.02511823,0.041141473,0.86815
data/raf_db/test/6/test_2907_aligned.jpg,6,6,0.022920998,0.18923405,0.04152548,0.009962784,0.29004836,0.103194,0.34311426
data/raf_db/test/6/test_2908_aligned.jpg,6,6,0.017823104,0.055397842,0.021968331,0.12692177,0.015397902,0.24454941,0.51794165
data/raf_db/test/6/test_2909_aligned.jpg,6,6,0.031124897,0.08499543,0.00666116,0.19064058,0.0077839834,0.021996183,0.65679777
data/raf_db/test/6/test_2910_aligned.jpg,6,6,0.020695668,0.16008843,0.013159079,0.15767935,0.13938282,0.01577997,0.4932146
data/raf_db/test/6/test_2911_aligned.jpg,6,6,0.06440921,0.050591636,0.013765788,0.057032946,0.09575803,0.05212837,0.66631407
data/raf_db/test/6/test_2912_aligned.jpg,6,1,0.061450154,0.5797084,0.0069266143,0.033720195,0.109506264,0.006913999,0.20177443
data/raf_db/test/6/test_2913_aligned.jpg,6,3,0.013776532,0.022567201,0.009697508,0.7671317,0.0046638176,0.02769453,0.15446872
data/raf_db/test/6/test_2914_aligned.jpg,6,6,0.010038099,0.07430718,0.009196608,0.0837412,0.11132553,0.023383034,0.6880083
data/raf_db/test/6/test_2915_aligned.jpg,6,6,0.02053764,0.2087969,0.004491592,0.040186077,0.039401866,0.007519573,0.67906636
data/raf_db/test/6/test_2916_aligned.jpg,6,4,0.016352262,0.07657233,0.013911347,0.064516254,0.61621577,0.023208542,0.18922356
data/raf_db/test/6/test_2917_aligned.jpg,6,4,0.00844838,0.081733294,0.025454931,0.0021168517,0.45586306,0.031983152,0.39440036
data/raf_db/test/6/test_2918_aligned.jpg,6,5,0.014230447,0.0116093755,0.01544341,0.06559863,0.011239858,0.5819365,0.2999418
data/raf_db/test/6/test_2919_aligned.jpg,6,6,0.018288394,0.04228998,0.017784983,0.0487985,0.04336554,0.0911488,0.73832375
data/raf_db/test/6/test_2920_aligned.jpg,6,4,0.027195973,0.12017597,0.044617496,0.241103,0.29910237,0.05120431,0.2166008
data/raf_db/test/6/test_2921_aligned.jpg,6,6,0.0046020513,0.064707726,0.0056310813,0.038977824,0.09307541,0.008218942,0.784787
data/raf_db/test/6/test_2922_aligned.jpg,6,4,0.03119993,0.037169024,0.013458229,0.323385,0.32995644,0.014910902,0.24992038
data/raf_db/test/6/test_2923_aligned.jpg,6,6,0.0027982525,0.016427085,0.0022857357,0.041976996,0.116315275,0.0034581267,0.81673855
data/raf_db/test/6/test_2924_aligned.jpg,6,1,0.033845976,0.34832397,0.026590636,0.05571042,0.31672212,0.016395863,0.20241101
data/raf_db/test/6/test_2925_aligned.jpg,6,6,0.0003471972,0.006341576,0.00027090256,0.0014865374,0.1548823,0.0009365773,0.8357349
data/raf_db/test/6/test_2926_aligned.jpg,6,6,0.04126627,0.03805566,0.0168084,0.00412003,0.08809273,0.3524392,0.45921776
data/raf_db/test/6/test_2927_aligned.jpg,6,6,0.0019810633,0.014925107,0.0015338822,0.064752065,0.02068004,0.011414211,0.88471353
data/raf_db/test/6/test_2928_aligned.jpg,6,4,0.011799888,0.09113884,0.012263139,0.08411666,0.63385504,0.018512568,0.1483139
data/raf_db/test/6/test_2929_aligned.jpg,6,6,0.005136549,0.05431637,0.0017377076,0.010012251,0.053671762,0.009138578,0.8659867
data/raf_db/test/6/test_2930_aligned.jpg,6,4,0.007362175,0.027346494,0.004484869,0.015201367,0.8920504,0.0021269887,0.051427666
data/raf_db/test/6/test_2931_aligned.jpg,6,4,0.01708962,0.032436293,0.053506974,0.0010586407,0.8403326,0.039211664,0.016364219
data/raf_db/test/6/test_2932_aligned.jpg,6,6,0.026449949,0.07807416,0.055917725,0.17099063,0.12357577,0.16568026,0.3793116
data/raf_db/test/6/test_2933_aligned.jpg,6,6,0.011293471,0.052665725,0.0031426135,0.02802526,0.12445492,0.014088787,0.7663293
data/raf_db/test/6/test_2934_aligned.jpg,6,6,0.0027365994,0.01617094,0.0016892853,0.004102615,0.23783973,0.0041349526,0.7333259
data/raf_db/test/6/test_2935_aligned.jpg,6,6,0.003044404,0.040065713,0.0047979183,0.021818679,0.28048593,0.008372691,0.64141464
data/raf_db/test/6/test_2936_aligned.jpg,6,6,0.17036524,0.09293928,0.014452535,0.09880588,0.09560953,0.05874201,0.46908543
data/raf_db/test/6/test_2937_aligned.jpg,6,3,0.051052827,0.09535732,0.049564492,0.3738938,0.2906452,0.038193937,0.10129248
data/raf_db/test/6/test_2938_aligned.jpg,6,6,0.0020731643,0.013111577,0.003269574,0.024004808,0.018201157,0.05306066,0.88627905
data/raf_db/test/6/test_2939_aligned.jpg,6,5,0.017777322,0.025242325,0.076392405,0.04746741,0.06522865,0.66527253,0.10261933
data/raf_db/test/6/test_2940_aligned.jpg,6,3,0.031392455,0.033985946,0.015448343,0.5106164,0.14247936,0.022621756,0.24345571
data/raf_db/test/6/test_2941_aligned.jpg,6,6,0.015743278,0.15327476,0.008645624,0.011965481,0.09566558,0.039544083,0.6751612
data/raf_db/test/6/test_2942_aligned.jpg,6,4,0.044441573,0.20875408,0.021978443,0.0066190427,0.43089134,0.056145776,0.2311697
data/raf_db/test/6/test_2943_aligned.jpg,6,5,0.031338833,0.13676743,0.06905958,0.045418274,0.15052296,0.34278846,0.22410448
data/raf_db/test/6/test_2944_aligned.jpg,6,6,0.049897607,0.15931273,0.018416667,0.04550314,0.035901565,0.12041031,0.57055795
data/raf_db/test/6/test_2945_aligned.jpg,6,6,0.0011527293,0.014437073,0.0015197572,0.01053925,0.018669335,0.011445508,0.94223636
data/raf_db/test/6/test_2946_aligned.jpg,6,6,0.013078025,0.05761921,0.022713427,0.015190079,0.34048516,0.1179045,0.4330095
data/raf_db/test/6/test_2947_aligned.jpg,6,6,0.00023225856,0.0026386364,0.0005918359,0.0007289772,0.17325006,0.006254817,0.8163033
data/raf_db/test/6/test_2948_aligned.jpg,6,6,0.0007702158,0.008464189,0.0019164737,0.0032550208,0.36828133,0.01030085,0.60701185
data/raf_db/test/6/test_2949_aligned.jpg,6,5,0.032084167,0.01889545,0.042697635,0.09307362,0.13403206,0.5003434,0.17887358
data/raf_db/test/6/test_2950_aligned.jpg,6,6,0.011740692,0.07738645,0.0460306,0.09959888,0.2678833,0.097332,0.400028
data/raf_db/test/6/test_2951_aligned.jpg,6,6,0.027085563,0.018835852,0.012825538,0.0553725,0.14245963,0.10944278,0.6339782
data/raf_db/test/6/test_2952_aligned.jpg,6,6,0.013527665,0.110822484,0.029778233,0.044477575,0.23876421,0.08457396,0.47805586
data/raf_db/test/6/test_2953_aligned.jpg,6,6,0.0046530236,0.039619897,0.00060385995,0.009103012,0.0033284512,0.009035326,0.93365645
data/raf_db/test/6/test_2954_aligned.jpg,6,6,0.03626413,0.053957026,0.02945057,0.023845261,0.2868176,0.105179645,0.4644858
data/raf_db/test/6/test_2955_aligned.jpg,6,6,0.0035487462,0.011801491,0.0006310615,0.009791831,0.0077616116,0.0073277405,0.9591375
data/raf_db/test/6/test_2956_aligned.jpg,6,3,0.03269922,0.060592785,0.037980728,0.4227523,0.14728554,0.044882257,0.25380707
data/raf_db/test/6/test_2957_aligned.jpg,6,3,0.021829454,0.03488162,0.01859919,0.49131078,0.41712403,0.006021408,0.010233528
data/raf_db/test/6/test_2958_aligned.jpg,6,6,0.0107259005,0.06209589,0.0036317382,0.02864153,0.03897286,0.012324579,0.84360754
data/raf_db/test/6/test_2959_aligned.jpg,6,3,0.005443384,0.07001021,0.0350551,0.38287964,0.2624071,0.04814311,0.19606139
data/raf_db/test/6/test_2960_aligned.jpg,6,6,0.2137511,0.062306944,0.1446677,0.011775831,0.2134564,0.10168291,0.25235903
data/raf_db/test/6/test_2961_aligned.jpg,6,6,0.008171432,0.033591803,0.004845884,0.120921694,0.04887843,0.010983254,0.77260745
data/raf_db/test/6/test_2962_aligned.jpg,6,4,0.014782151,0.0249138,0.038488086,0.0026860277,0.43942282,0.04645831,0.4332488
data/raf_db/test/6/test_2963_aligned.jpg,6,6,0.02124545,0.037938997,0.011437115,0.081110865,0.14935668,0.027033757,0.6718771
data/raf_db/test/6/test_2964_aligned.jpg,6,3,0.13647762,0.11107129,0.11473027,0.329948,0.07082566,0.042274635,0.19467254
data/raf_db/test/6/test_2965_aligned.jpg,6,6,0.0011028567,0.009064281,0.00033409242,0.012448941,0.021009583,0.0010277736,0.9550125
data/raf_db/test/6/test_2966_aligned.jpg,6,4,0.021137059,0.30084273,0.023617249,0.039780293,0.5117403,0.010163534,0.09271871
data/raf_db/test/6/test_2967_aligned.jpg,6,1,0.054651532,0.31348646,0.04065895,0.1421545,0.09036657,0.12079397,0.237888
data/raf_db/test/6/test_2968_aligned.jpg,6,6,0.0033141992,0.06293661,0.012461407,0.010570404,0.26114857,0.05475834,0.5948104
data/raf_db/test/6/test_2969_aligned.jpg,6,1,0.034298413,0.63070464,0.013596459,0.053206548,0.14363094,0.010258558,0.11430441
data/raf_db/test/6/test_2970_aligned.jpg,6,6,0.059056006,0.26377457,0.019113358,0.06649944,0.13753113,0.04316914,0.4108564
data/raf_db/test/6/test_2971_aligned.jpg,6,4,0.0030275602,0.011487564,0.0022291895,0.0007835989,0.67836154,0.0032963906,0.30081412
data/raf_db/test/6/test_2972_aligned.jpg,6,4,0.0017195058,0.050616104,0.0019458527,0.0022377146,0.852098,0.0006183412,0.0907645
data/raf_db/test/6/test_2973_aligned.jpg,6,4,0.00786557,0.021988772,0.019044684,0.15052566,0.7818901,0.011702397,0.006982828
data/raf_db/test/6/test_2974_aligned.jpg,6,6,0.0019365757,0.037595928,0.0016053354,0.002290531,0.28804088,0.0019641237,0.6665667
data/raf_db/test/6/test_2975_aligned.jpg,6,6,0.011718625,0.16331306,0.0060592424,0.0460637,0.21323556,0.005754441,0.55385536
data/raf_db/test/6/test_2976_aligned.jpg,6,6,0.022514522,0.04008889,0.0068372674,0.16117658,0.058510844,0.047789283,0.66308266
data/raf_db/test/6/test_2977_aligned.jpg,6,6,0.0021510923,0.012388436,0.0028551,0.0032126755,0.024194911,0.03475834,0.92043954
data/raf_db/test/6/test_2978_aligned.jpg,6,4,0.011287225,0.08256966,0.0044372715,0.01552733,0.70457786,0.0041873385,0.17741336
data/raf_db/test/6/test_2979_aligned.jpg,6,4,0.013953905,0.21944731,0.06561294,0.16200158,0.30781123,0.026351435,0.20482159
data/raf_db/test/6/test_2980_aligned.jpg,6,1,0.08149558,0.50026184,0.011521104,0.26075968,0.015840765,0.009393892,0.120727144
data/raf_db/test/6/test_2981_aligned.jpg,6,6,0.16283424,0.14861327,0.020266967,0.09429965,0.07366443,0.037479978,0.46284145
data/raf_db/test/6/test_2982_aligned.jpg,6,3,0.020013265,0.058360543,0.013074888,0.62799317,0.09696055,0.014472476,0.16912508
data/raf_db/test/6/test_2983_aligned.jpg,6,4,0.008717935,0.04476842,0.028870435,0.13059442,0.560154,0.01623404,0.2106607
data/raf_db/test/6/test_2984_aligned.jpg,6,6,0.0061108717,0.077758946,0.014814107,0.0062179854,0.07067221,0.078666404,0.7457595
data/raf_db/test/6/test_2985_aligned.jpg,6,3,0.099243574,0.15405172,0.023573397,0.4502914,0.072468676,0.041343186,0.15902805
data/raf_db/test/6/test_2986_aligned.jpg,6,6,0.04289828,0.24692559,0.016196342,0.04575563,0.24707834,0.016855381,0.3842904
data/raf_db/test/6/test_2987_aligned.jpg,6,3,0.015250832,0.009104875,0.022660669,0.7301708,0.027364345,0.10841641,0.087032095
data/raf_db/test/6/test_2988_aligned.jpg,6,6,0.0063973796,0.024494007,0.011661923,0.0019361913,0.22128345,0.040792067,0.693435
data/raf_db/test/6/test_2989_aligned.jpg,6,6,0.005813764,0.0792766,0.0026512076,0.0022790325,0.2534956,0.012728906,0.6437549
data/raf_db/test/6/test_2990_aligned.jpg,6,6,0.0145403845,0.03398245,0.006892948,0.19901428,0.29655695,0.011454057,0.4375589
data/raf_db/test/6/test_2991_aligned.jpg,6,6,0.0133698145,0.028908718,0.007144202,0.115727566,0.006414858,0.080044486,0.7483904
data/raf_db/test/6/test_2992_aligned.jpg,6,6,0.03792487,0.07852105,0.033555437,0.051741466,0.15474094,0.08093374,0.56258243
data/raf_db/test/6/test_2993_aligned.jpg,6,6,0.0013380148,0.020208081,0.003081067,0.0013705081,0.2512907,0.013711311,0.7090003
data/raf_db/test/6/test_2994_aligned.jpg,6,6,0.0026539804,0.021249998,0.0027940208,0.035485975,0.0051481077,0.029359255,0.90330863
data/raf_db/test/6/test_2995_aligned.jpg,6,6,0.035335217,0.3753709,0.007000179,0.07041933,0.022537945,0.019962577,0.46937385
data/raf_db/test/6/test_2996_aligned.jpg,6,6,0.008296776,0.10828038,0.005990445,0.040657,0.06103702,0.013404102,0.76233435
data/raf_db/test/6/test_2997_aligned.jpg,6,4,0.0020920737,0.04304024,0.015054091,0.009403833,0.58122057,0.07400284,0.27518636
data/raf_db/test/6/test_2998_aligned.jpg,6,1,0.031105572,0.5280801,0.003218538,0.003969086,0.024450466,0.014465944,0.39471036
data/raf_db/test/6/test_2999_aligned.jpg,6,6,0.06076704,0.28045,0.046057757,0.049183097,0.11524034,0.13679305,0.3115088
data/raf_db/test/6/test_3000_aligned.jpg,6,4,0.006850543,0.4242995,0.0031781178,0.0020720256,0.47303852,0.0022377353,0.08832358
data/raf_db/test/6/test_3001_aligned.jpg,6,6,0.020895807,0.19414109,0.03555262,0.23148273,0.109699816,0.03666956,0.37155843
data/raf_db/test/6/test_3002_aligned.jpg,6,6,0.0008427891,0.006720983,0.00083413214,0.0072039464,0.005668859,0.016200805,0.96252847
data/raf_db/test/6/test_3003_aligned.jpg,6,6,0.020392075,0.08836826,0.0026695875,0.024743704,0.19041638,0.005721208,0.6676888
data/raf_db/test/6/test_3004_aligned.jpg,6,6,0.008283696,0.118768014,0.0060883714,0.05422963,0.1052912,0.008622142,0.69871694
data/raf_db/test/6/test_3005_aligned.jpg,6,6,0.010975789,0.05454489,0.003230087,0.040197857,0.048661303,0.0072957445,0.83509433
data/raf_db/test/6/test_3006_aligned.jpg,6,6,0.038188994,0.17066368,0.01499659,0.03384374,0.1173137,0.031784944,0.5932084
data/raf_db/test/6/test_3007_aligned.jpg,6,6,0.0071032844,0.018795481,0.009980124,0.13286708,0.027957657,0.10823417,0.6950622
data/raf_db/test/6/test_3008_aligned.jpg,6,6,0.014174181,0.09215043,0.040910613,0.13591576,0.09985693,0.16197522,0.45501682
data/raf_db/test/6/test_3009_aligned.jpg,6,6,0.012084569,0.1742754,0.0052665872,0.10080986,0.08312235,0.007930899,0.61651033
data/raf_db/test/6/test_3010_aligned.jpg,6,6,0.2679797,0.23480673,0.020799788,0.082492284,0.04578463,0.05365375,0.29448318
data/raf_db/test/6/test_3011_aligned.jpg,6,6,0.004052667,0.040308252,0.0010643348,0.008785788,0.008712999,0.012277535,0.9247983
data/raf_db/test/6/test_3012_aligned.jpg,6,5,0.018026866,0.08514139,0.067548916,0.041443806,0.015666729,0.6587901,0.11338213
data/raf_db/test/6/test_3013_aligned.jpg,6,6,0.029309057,0.28240663,0.020436693,0.016945092,0.18348134,0.03610429,0.4313168
data/raf_db/test/6/test_3014_aligned.jpg,6,6,0.01623137,0.08877663,0.010726873,0.011927237,0.18562655,0.028183525,0.65852785
data/raf_db/test/6/test_3015_aligned.jpg,6,4,0.01936498,0.13532248,0.02292787,0.008918492,0.45443684,0.038868725,0.32016054
data/raf_db/test/6/test_3016_aligned.jpg,6,6,0.007362281,0.04249458,0.010879257,0.10182467,0.032309163,0.061227348,0.74390274
data/raf_db/test/6/test_3017_aligned.jpg,6,6,0.0030663828,0.069461375,0.0042360337,0.032403972,0.0528622,0.010230634,0.8277395
data/raf_db/test/6/test_3018_aligned.jpg,6,4,0.051099382,0.2133729,0.020264348,0.07776224,0.4214862,0.015604623,0.20041029
data/raf_db/test/6/test_3019_aligned.jpg,6,5,0.0029095889,0.006378668,0.033546265,0.0048351316,0.016673248,0.87363505,0.06202203
data/raf_db/test/6/test_3020_aligned.jpg,6,1,0.044709925,0.35572618,0.026085025,0.011905068,0.3106345,0.047851786,0.20308757
data/raf_db/test/6/test_3021_aligned.jpg,6,5,0.15179963,0.17948015,0.056822907,0.042894788,0.018996455,0.4705272,0.0794789
data/raf_db/test/6/test_3022_aligned.jpg,6,4,0.0025152112,0.07221703,0.0011685245,0.0008093369,0.56300384,0.002357398,0.3579286
data/raf_db/test/6/test_3023_aligned.jpg,6,4,0.009385113,0.14464845,0.050828762,0.06867891,0.49532205,0.0646749,0.16646175
data/raf_db/test/6/test_3024_aligned.jpg,6,6,0.009931045,0.065762155,0.028105909,0.13349468,0.15857926,0.058053307,0.5460736
data/raf_db/test/6/test_3025_aligned.jpg,6,6,0.006089906,0.045621272,0.0044485903,0.24659684,0.036913592,0.0074157566,0.65291405
data/raf_db/test/6/test_3026_aligned.jpg,6,1,0.025680881,0.36022624,0.042657662,0.0064522335,0.34751943,0.076556176,0.14090739
data/raf_db/test/6/test_3027_aligned.jpg,6,6,0.048157703,0.22703616,0.03164516,0.20038022,0.16492872,0.054089595,0.27376243
data/raf_db/test/6/test_3028_aligned.jpg,6,6,0.003461615,0.035088025,0.0017253468,0.0012654685,0.03219379,0.020466639,0.90579915
data/raf_db/test/6/test_3029_aligned.jpg,6,4,0.0015162238,0.051930435,0.0017702008,0.009725238,0.8538461,0.00070360454,0.08050817
data/raf_db/test/6/test_3030_aligned.jpg,6,6,0.02138777,0.04585533,0.013108246,0.16329558,0.01281726,0.0837462,0.65978956
data/raf_db/test/6/test_3031_aligned.jpg,6,1,0.18268201,0.5121063,0.006122406,0.0050788797,0.14980662,0.019842396,0.12436145
data/raf_db/test/6/test_3032_aligned.jpg,6,5,0.007951365,0.012663548,0.08193346,0.008315839,0.26975453,0.39131272,0.22806855
data/raf_db/test/6/test_3033_aligned.jpg,6,6,0.008774443,0.108394325,0.007469142,0.0058019534,0.33491185,0.014008221,0.5206401
data/raf_db/test/6/test_3034_aligned.jpg,6,6,0.015266711,0.06545043,0.007972351,0.019598661,0.06653732,0.04092119,0.7842534
data/raf_db/test/6/test_3035_aligned.jpg,6,4,0.00074903003,0.010601796,0.0009524847,0.0048910035,0.8359498,0.0010078277,0.14584807
data/raf_db/test/6/test_3036_aligned.jpg,6,3,0.0064319856,0.024077304,0.005225603,0.6784373,0.060462747,0.0038439112,0.22152118
data/raf_db/test/6/test_3037_aligned.jpg,6,4,0.03472283,0.21666762,0.028734796,0.02116041,0.5572389,0.01883025,0.122645296
data/raf_db/test/6/test_3038_aligned.jpg,6,0,0.3851871,0.2921715,0.060270946,0.0068776896,0.18761025,0.05449895,0.013383624
data/raf_db/test/6/test_3039_aligned.jpg,6,6,0.042161547,0.17706436,0.0258626,0.12750313,0.121646345,0.06192537,0.44383657
data/raf_db/test/6/test_3040_aligned.jpg,6,6,0.049185842,0.10036599,0.029150598,0.19262183,0.033334974,0.12381011,0.47153068
data/raf_db/test/6/test_3041_aligned.jpg,6,4,0.003911264,0.051716957,0.012780126,0.039412282,0.4816905,0.01980602,0.39068285
data/raf_db/test/6/test_3042_aligned.jpg,6,6,0.15617608,0.15051281,0.026384559,0.110752955,0.044130918,0.16655263,0.3454901
data/raf_db/test/6/test_3043_aligned.jpg,6,4,0.0112437075,0.11641914,0.03948025,0.005017195,0.40828404,0.10669259,0.31286308
data/raf_db/test/6/test_3044_aligned.jpg,6,6,0.010304139,0.13055623,0.0073908987,0.106299624,0.04016834,0.009933744,0.6953471
data/raf_db/test/6/test_3045_aligned.jpg,6,6,0.013984155,0.17924689,0.02120908,0.033649895,0.083004884,0.046670564,0.6222345
data/raf_db/test/6/test_3046_aligned.jpg,6,3,0.022718385,0.08408611,0.015558487,0.54296714,0.06121119,0.01993997,0.25351876
data/raf_db/test/6/test_3047_aligned.jpg,6,5,0.0644941,0.09444627,0.076738685,0.014486469,0.049070477,0.6647684,0.03599552
data/raf_db/test/6/test_3048_aligned.jpg,6,6,0.045277495,0.29065412,0.0082162535,0.064284496,0.023041075,0.025547365,0.5429791
data/raf_db/test/6/test_3049_aligned.jpg,6,6,0.016877476,0.02100817,0.026882173,0.119426765,0.025054714,0.32012552,0.4706252
data/raf_db/test/6/test_3050_aligned.jpg,6,6,0.014302004,0.12501653,0.009929447,0.0076293806,0.100608654,0.027896736,0.71461725
data/raf_db/test/6/test_3051_aligned.jpg,6,6,0.029562164,0.13066226,0.0095195975,0.016883582,0.3021037,0.0061377943,0.50513095
data/raf_db/test/6/test_3052_aligned.jpg,6,3,0.033331875,0.06925526,0.032728408,0.64290625,0.124323525,0.027308457,0.07014623
data/raf_db/test/6/test_3053_aligned.jpg,6,6,0.0099393325,0.19818273,0.0036511587,0.013480304,0.1216687,0.0048792716,0.64819854
data/raf_db/test/6/test_3054_aligned.jpg,6,3,0.032422096,0.1048421,0.010720835,0.653406,0.08615687,0.0075641344,0.10488795
data/raf_db/test/6/test_3055_aligned.jpg,6,5,0.04176967,0.23199323,0.055505276,0.012602121,0.13784815,0.265406,0.2548755
data/raf_db/test/6/test_3056_aligned.jpg,6,6,0.017812097,0.10027443,0.031727266,0.057708926,0.12763247,0.11614906,0.5486957
data/raf_db/test/6/test_3057_aligned.jpg,6,6,0.008116441,0.06111842,0.0014658475,0.013596869,0.082655326,0.0042801937,0.8287668
data/raf_db/test/6/test_3058_aligned.jpg,6,6,0.0010211552,0.022668118,0.0019922613,0.0030951002,0.36210015,0.0036497007,0.6054736
data/raf_db/test/6/test_3059_aligned.jpg,6,6,0.002410345,0.025261272,0.0003970769,0.0031277062,0.13602394,0.0017262583,0.8310534
data/raf_db/test/6/test_3060_aligned.jpg,6,3,0.011323103,0.046459418,0.015627682,0.8369964,0.022150807,0.01139394,0.05604866
data/raf_db/test/6/test_3061_aligned.jpg,6,3,0.0066877073,0.027465535,0.008939779,0.8886645,0.03449804,0.006747916,0.026996544
data/raf_db/test/6/test_3062_aligned.jpg,6,6,0.0033431752,0.025174772,0.0014761089,0.0015478135,0.022896772,0.03818291,0.9073785
data/raf_db/test/6/test_3063_aligned.jpg,6,4,0.0013336943,0.023410918,0.0040740063,0.005955707,0.9303521,0.0030373204,0.031836323
data/raf_db/test/6/test_3064_aligned.jpg,6,6,0.008743533,0.020225776,0.006046308,0.01144035,0.047459815,0.1839742,0.72211
data/raf_db/test/6/test_3065_aligned.jpg,6,1,0.22570159,0.65568674,0.0059384583,0.017364461,0.025673714,0.009907969,0.059727043
data/raf_db/test/6/test_3066_aligned.jpg,6,6,0.016425652,0.2970567,0.009106413,0.036611788,0.14437835,0.014688837,0.48173225
data/raf_db/test/6/test_3067_aligned.jpg,6,6,0.034593403,0.14059848,0.017680023,0.21020646,0.067379676,0.03844256,0.49109945
data/raf_db/test/6/test_3068_aligned.jpg,6,6,0.079875514,0.24466406,0.038830712,0.06301487,0.16835281,0.06909848,0.33616352
